adp_source,ffc_player_id,mfl_id,player_name,position,team,bye,rank,average_pick,std_dev,high_pick,low_pick,times_drafted,total_drafts_in_sample,sample_window,period,teams,format,is_retrospective_aggregate,as_of_date,retrieved_at,ingested_at
ffc_ppr_10team,3247,14104,A.J. Brown,WR,NE,11,18,17.4,2.8,1.07,2.12,621,4622,"July 29, 2026 to August 5, 2026",2026,10,ppr,0,2026-08-05,2026-08-05T16:13:45.800269+00:00,2026-08-05T16:13:45.800269+00:00
ffc_ppr_10team,2507,13319,Aaron Jones Sr.,RB,MIN,6,93,90.2,9.8,6.08,10.12,231,4622,"July 29, 2026 to August 5, 2026",2026,10,ppr,0,2026-08-05,2026-08-05T16:13:45.800269+00:00,2026-08-05T16:13:45.800269+00:00
ffc_ppr_10team,6184,16626,Adonai Mitchell,WR,NYJ,13,196,161.2,10.7,12.08,15.12,17,4622,"July 29, 2026 to August 5, 2026",2026,10,ppr,0,2026-08-05,2026-08-05T16:13:45.800269+00:00,2026-08-05T16:13:45.800269+00:00
ffc_ppr_10team,5641,15768,Alec Pierce,WR,IND,13,56,55.7,5.6,4.05,6.10,189,4622,"July 29, 2026 to August 5, 2026",2026,10,ppr,0,2026-08-05,2026-08-05T16:13:45.800269+00:00,2026-08-05T16:13:45.800269+00:00
ffc_ppr_10team,2439,13132,Alvin Kamara,RB,NO,8,135,134.4,19.3,7.01,15.08,257,4622,"July 29, 2026 to August 5, 2026",2026,10,ppr,0,2026-08-05,2026-08-05T16:13:45.800269+00:00,2026-08-05T16:13:45.800269+00:00
ffc_ppr_10team,5182,15287,Amon-Ra St. Brown,WR,DET,6,7,7.1,1.3,1.02,1.11,624,4622,"July 29, 2026 to August 5, 2026",2026,10,ppr,0,2026-08-05,2026-08-05T16:13:45.800269+00:00,2026-08-05T16:13:45.800269+00:00
ffc_ppr_10team,6789,17512,Antonio Williams,WR,WAS,7,175,157.2,11.5,11.01,15.12,76,4622,"July 29, 2026 to August 5, 2026",2026,10,ppr,0,2026-08-05,2026-08-05T16:13:45.800269+00:00,2026-08-05T16:13:45.800269+00:00
ffc_ppr_10team,6500,17042,Ashton Jeanty,RB,LV,13,15,14.0,3.1,1.04,2.09,620,4622,"July 29, 2026 to August 5, 2026",2026,10,ppr,0,2026-08-05,2026-08-05T16:13:45.800269+00:00,2026-08-05T16:13:45.800269+00:00
ffc_ppr_10team,2886,13590,Baker Mayfield,QB,TB,10,132,128.7,10.0,7.10,13.02,225,4622,"July 29, 2026 to August 5, 2026",2026,10,ppr,0,2026-08-05,2026-08-05T16:13:45.800269+00:00,2026-08-05T16:13:45.800269+00:00
ffc_ppr_10team,6513,17052,Bhayshul Tuten,RB,JAX,7,53,51.2,5.0,3.03,6.05,607,4622,"July 29, 2026 to August 5, 2026",2026,10,ppr,0,2026-08-05,2026-08-05T16:13:45.800269+00:00,2026-08-05T16:13:45.800269+00:00
ffc_ppr_10team,5670,16161,Bijan Robinson,RB,ATL,11,2,2.0,0.8,1.01,1.04,592,4622,"July 29, 2026 to August 5, 2026",2026,10,ppr,0,2026-08-05,2026-08-05T16:13:45.800269+00:00,2026-08-05T16:13:45.800269+00:00
ffc_ppr_10team,5965,16593,Blake Corum,RB,LAR,11,126,120.7,15.0,7.01,13.07,853,4622,"July 29, 2026 to August 5, 2026",2026,10,ppr,0,2026-08-05,2026-08-05T16:13:45.800269+00:00,2026-08-05T16:13:45.800269+00:00
ffc_ppr_10team,6253,16582,Bo Nix,QB,DEN,10,125,120.6,11.2,7.09,12.12,284,4622,"July 29, 2026 to August 5, 2026",2026,10,ppr,0,2026-08-05,2026-08-05T16:13:45.800269+00:00,2026-08-05T16:13:45.800269+00:00
ffc_ppr_10team,6176,16596,Braelon Allen,RB,NYJ,13,203,162.6,16.9,12.07,15.12,5,4622,"July 29, 2026 to August 5, 2026",2026,10,ppr,0,2026-08-05,2026-08-05T16:13:45.800269+00:00,2026-08-05T16:13:45.800269+00:00
ffc_ppr_10team,6162,16414,Brandon Aubrey,PK,DAL,14,134,130.6,23.3,3.08,16.03,1134,4622,"July 29, 2026 to August 5, 2026",2026,10,ppr,0,2026-08-05,2026-08-05T16:13:45.800269+00:00,2026-08-05T16:13:45.800269+00:00
ffc_ppr_10team,5503,15708,Breece Hall,RB,NYJ,13,29,28.1,2.9,2.07,3.11,178,4622,"July 29, 2026 to August 5, 2026",2026,10,ppr,0,2026-08-05,2026-08-05T16:13:45.800269+00:00,2026-08-05T16:13:45.800269+00:00
ffc_ppr_10team,5985,16269,Brenton Strange,TE,JAX,7,209,163.7,15.9,11.07,17.07,43,4622,"July 29, 2026 to August 5, 2026",2026,10,ppr,0,2026-08-05,2026-08-05T16:13:45.800269+00:00,2026-08-05T16:13:45.800269+00:00
ffc_ppr_10team,5605,15716,Brian Robinson Jr.,RB,ATL,11,211,164.0,17.7,10.12,16.11,27,4622,"July 29, 2026 to August 5, 2026",2026,10,ppr,0,2026-08-05,2026-08-05T16:13:45.800269+00:00,2026-08-05T16:13:45.800269+00:00
ffc_ppr_10team,6175,16618,Brian Thomas Jr.,WR,JAX,7,85,83.6,9.0,5.04,9.12,882,4622,"July 29, 2026 to August 5, 2026",2026,10,ppr,0,2026-08-05,2026-08-05T16:13:45.800269+00:00,2026-08-05T16:13:45.800269+00:00
ffc_ppr_10team,6178,16641,Brock Bowers,TE,LV,13,41,40.7,8.5,1.11,5.10,1291,4622,"July 29, 2026 to August 5, 2026",2026,10,ppr,0,2026-08-05,2026-08-05T16:13:45.800269+00:00,2026-08-05T16:13:45.800269+00:00
ffc_ppr_10team,5648,15698,Brock Purdy,QB,SF,8,83,81.7,11.3,5.09,9.08,102,4622,"July 29, 2026 to August 5, 2026",2026,10,ppr,0,2026-08-05,2026-08-05T16:13:45.800269+00:00,2026-08-05T16:13:45.800269+00:00
ffc_ppr_10team,5678,16148,Bryce Young,QB,CAR,5,241,175.0,12.2,14.02,17.04,12,4622,"July 29, 2026 to August 5, 2026",2026,10,ppr,0,2026-08-05,2026-08-05T16:13:45.800269+00:00,2026-08-05T16:13:45.800269+00:00
ffc_ppr_10team,6190,16598,Bucky Irving,RB,TB,10,43,42.2,4.0,3.03,5.04,336,4622,"July 29, 2026 to August 5, 2026",2026,10,ppr,0,2026-08-05,2026-08-05T16:13:45.800269+00:00,2026-08-05T16:13:45.800269+00:00
ffc_ppr_10team,5676,16150,C.J. Stroud,QB,HOU,8,191,160.5,11.6,11.02,15.12,78,4622,"July 29, 2026 to August 5, 2026",2026,10,ppr,0,2026-08-05,2026-08-05T16:13:45.800269+00:00,2026-08-05T16:13:45.800269+00:00
ffc_ppr_10team,2335,11945,Cairo Santos,PK,CHI,10,168,154.5,24.4,6.05,17.01,35,4622,"July 29, 2026 to August 5, 2026",2026,10,ppr,0,2026-08-05,2026-08-05T16:13:45.800269+00:00,2026-08-05T16:13:45.800269+00:00
ffc_ppr_10team,6173,16579,Caleb Williams,QB,CHI,10,112,106.0,15.3,4.05,12.05,708,4622,"July 29, 2026 to August 5, 2026",2026,10,ppr,0,2026-08-05,2026-08-05T16:13:45.800269+00:00,2026-08-05T16:13:45.800269+00:00
ffc_ppr_10team,2866,13629,Calvin Ridley,WR,TEN,9,133,129.2,8.9,9.06,13.06,104,4622,"July 29, 2026 to August 5, 2026",2026,10,ppr,0,2026-08-05,2026-08-05T16:13:45.800269+00:00,2026-08-05T16:13:45.800269+00:00
ffc_ppr_10team,6188,16680,Cam Little,PK,JAX,7,205,162.8,16.9,9.09,18.06,175,4622,"July 29, 2026 to August 5, 2026",2026,10,ppr,0,2026-08-05,2026-08-05T16:13:45.800269+00:00,2026-08-05T16:13:45.800269+00:00
ffc_ppr_10team,6509,17045,Cam Skattebo,RB,NYG,8,32,30.7,3.5,2.05,4.06,302,4622,"July 29, 2026 to August 5, 2026",2026,10,ppr,0,2026-08-05,2026-08-05T16:13:45.800269+00:00,2026-08-05T16:13:45.800269+00:00
ffc_ppr_10team,6457,17030,Cam Ward,QB,TEN,9,243,176.4,14.7,12.02,18.05,37,4622,"July 29, 2026 to August 5, 2026",2026,10,ppr,0,2026-08-05,2026-08-05T16:13:45.800269+00:00,2026-08-05T16:13:45.800269+00:00
ffc_ppr_10team,5538,15979,Cameron Dicker,PK,LAC,7,159,146.6,16.0,9.12,16.07,117,4622,"July 29, 2026 to August 5, 2026",2026,10,ppr,0,2026-08-05,2026-08-05T16:13:45.800269+00:00,2026-08-05T16:13:45.800269+00:00
ffc_ppr_10team,6768,17497,Carnell Tate,WR,TEN,9,78,75.6,7.4,5.03,8.09,706,4622,"July 29, 2026 to August 5, 2026",2026,10,ppr,0,2026-08-05,2026-08-05T16:13:45.800269+00:00,2026-08-05T16:13:45.800269+00:00
ffc_ppr_10team,4869,14832,CeeDee Lamb,WR,DAL,14,11,11.3,2.0,1.04,2.06,651,4622,"July 29, 2026 to August 5, 2026",2026,10,ppr,0,2026-08-05,2026-08-05T16:13:45.800269+00:00,2026-08-05T16:13:45.800269+00:00
ffc_ppr_10team,6332,17424,Charlie Smyth,PK,NO,8,190,160.3,16.6,12.05,15.03,6,4622,"July 29, 2026 to August 5, 2026",2026,10,ppr,0,2026-08-05,2026-08-05T16:13:45.800269+00:00,2026-08-05T16:13:45.800269+00:00
ffc_ppr_10team,5706,16181,Chase Brown,RB,CIN,6,13,12.3,2.2,1.06,2.07,560,4622,"July 29, 2026 to August 5, 2026",2026,10,ppr,0,2026-08-05,2026-08-05T16:13:45.800269+00:00,2026-08-05T16:13:45.800269+00:00
ffc_ppr_10team,4865,14717,Chase McLaughlin,PK,TB,10,171,156.1,15.2,12.03,16.12,82,4622,"July 29, 2026 to August 5, 2026",2026,10,ppr,0,2026-08-05,2026-08-05T16:13:45.800269+00:00,2026-08-05T16:13:45.800269+00:00
ffc_ppr_10team,2340,11936,Chris Boswell,PK,PIT,9,229,168.9,20.3,12.08,18.04,23,4622,"July 29, 2026 to August 5, 2026",2026,10,ppr,0,2026-08-05,2026-08-05T16:13:45.800269+00:00,2026-08-05T16:13:45.800269+00:00
ffc_ppr_10team,2465,13163,Chris Godwin Jr.,WR,TB,10,88,86.9,7.9,5.10,9.11,528,4622,"July 29, 2026 to August 5, 2026",2026,10,ppr,0,2026-08-05,2026-08-05T16:13:45.800269+00:00,2026-08-05T16:13:45.800269+00:00
ffc_ppr_10team,5544,15754,Chris Olave,WR,NO,8,21,20.2,2.3,2.01,3.03,193,4622,"July 29, 2026 to August 5, 2026",2026,10,ppr,0,2026-08-05,2026-08-05T16:13:45.800269+00:00,2026-08-05T16:13:45.800269+00:00
ffc_ppr_10team,5717,16174,Chris Rodriguez Jr.,RB,JAX,7,187,159.9,20.9,10.03,18.02,81,4622,"July 29, 2026 to August 5, 2026",2026,10,ppr,0,2026-08-05,2026-08-05T16:13:45.800269+00:00,2026-08-05T16:13:45.800269+00:00
ffc_ppr_10team,2870,13633,Christian Kirk,WR,SF,8,225,168.1,22.1,11.10,17.12,14,4622,"July 29, 2026 to August 5, 2026",2026,10,ppr,0,2026-08-05,2026-08-05T16:13:45.800269+00:00,2026-08-05T16:13:45.800269+00:00
ffc_ppr_10team,2434,13130,Christian McCaffrey,RB,SF,8,5,5.2,1.2,1.01,1.10,512,4622,"July 29, 2026 to August 5, 2026",2026,10,ppr,0,2026-08-05,2026-08-05T16:13:45.800269+00:00,2026-08-05T16:13:45.800269+00:00
ffc_ppr_10team,5360,15789,Christian Watson,WR,GB,11,70,68.1,8.1,4.06,8.04,1139,4622,"July 29, 2026 to August 5, 2026",2026,10,ppr,0,2026-08-05,2026-08-05T16:13:45.800269+00:00,2026-08-05T16:13:45.800269+00:00
ffc_ppr_10team,4873,15261,Chuba Hubbard,RB,CAR,5,76,74.5,6.4,5.08,9.01,212,4622,"July 29, 2026 to August 5, 2026",2026,10,ppr,0,2026-08-05,2026-08-05T16:13:45.800269+00:00,2026-08-05T16:13:45.800269+00:00
ffc_ppr_10team,6501,17104,Colston Loveland,TE,CHI,10,61,61.4,9.7,3.03,8.01,738,4622,"July 29, 2026 to August 5, 2026",2026,10,ppr,0,2026-08-05,2026-08-05T16:13:45.800269+00:00,2026-08-05T16:13:45.800269+00:00
ffc_ppr_10team,2449,13164,Cooper Kupp,WR,SEA,11,184,159.5,10.5,12.01,15.11,77,4622,"July 29, 2026 to August 5, 2026",2026,10,ppr,0,2026-08-05,2026-08-05T16:13:45.800269+00:00,2026-08-05T16:13:45.800269+00:00
ffc_ppr_10team,2862,13630,Courtland Sutton,WR,DEN,10,59,59.8,6.1,4.10,7.09,216,4622,"July 29, 2026 to August 5, 2026",2026,10,ppr,0,2026-08-05,2026-08-05T16:13:45.800269+00:00,2026-08-05T16:13:45.800269+00:00
ffc_ppr_10team,4862,14797,D'Andre Swift,RB,CHI,10,46,44.7,4.3,3.10,5.11,306,4622,"July 29, 2026 to August 5, 2026",2026,10,ppr,0,2026-08-05,2026-08-05T16:13:45.800269+00:00,2026-08-05T16:13:45.800269+00:00
ffc_ppr_10team,2876,13635,DJ Moore,WR,BUF,7,52,50.8,5.5,3.10,7.04,668,4622,"July 29, 2026 to August 5, 2026",2026,10,ppr,0,2026-08-05,2026-08-05T16:13:45.800269+00:00,2026-08-05T16:13:45.800269+00:00
ffc_ppr_10team,3239,14102,DK Metcalf,WR,PIT,9,66,65.3,7.2,4.05,7.11,366,4622,"July 29, 2026 to August 5, 2026",2026,10,ppr,0,2026-08-05,2026-08-05T16:13:45.800269+00:00,2026-08-05T16:13:45.800269+00:00
ffc_ppr_10team,2377,12620,Dak Prescott,QB,DAL,14,69,67.0,8.4,3.08,8.07,307,4622,"July 29, 2026 to August 5, 2026",2026,10,ppr,0,2026-08-05,2026-08-05T16:13:45.800269+00:00,2026-08-05T16:13:45.800269+00:00
ffc_ppr_10team,2896,13674,Dallas Goedert,TE,PHI,10,109,104.6,19.0,4.10,13.03,107,4622,"July 29, 2026 to August 5, 2026",2026,10,ppr,0,2026-08-05,2026-08-05T16:13:45.800269+00:00,2026-08-05T16:13:45.800269+00:00
ffc_ppr_10team,5688,16213,Dalton Kincaid,TE,BUF,7,164,153.5,21.0,8.03,15.12,182,4622,"July 29, 2026 to August 5, 2026",2026,10,ppr,0,2026-08-05,2026-08-05T16:13:45.800269+00:00,2026-08-05T16:13:45.800269+00:00
ffc_ppr_10team,2977,13772,Dalton Schultz,TE,HOU,8,166,154.3,25.4,11.12,16.04,6,4622,"July 29, 2026 to August 5, 2026",2026,10,ppr,0,2026-08-05,2026-08-05T16:13:45.800269+00:00,2026-08-05T16:13:45.800269+00:00
ffc_ppr_10team,3264,14059,Daniel Jones,QB,IND,13,192,160.6,18.7,7.08,15.12,55,4622,"July 29, 2026 to August 5, 2026",2026,10,ppr,0,2026-08-05,2026-08-05T16:13:45.800269+00:00,2026-08-05T16:13:45.800269+00:00
ffc_ppr_10team,5119,14974,Darnell Mooney,WR,NYG,8,228,168.9,20.0,12.08,17.11,7,4622,"July 29, 2026 to August 5, 2026",2026,10,ppr,0,2026-08-05,2026-08-05T16:13:45.800269+00:00,2026-08-05T16:13:45.800269+00:00
ffc_ppr_10team,2125,11675,Davante Adams,WR,LAR,11,42,41.1,3.9,3.04,5.04,309,4622,"July 29, 2026 to August 5, 2026",2026,10,ppr,0,2026-08-05,2026-08-05T16:13:45.800269+00:00,2026-08-05T16:13:45.800269+00:00
ffc_ppr_10team,3238,14071,David Montgomery,RB,HOU,8,63,62.8,7.1,3.07,7.11,838,4622,"July 29, 2026 to August 5, 2026",2026,10,ppr,0,2026-08-05,2026-08-05T16:13:45.800269+00:00,2026-08-05T16:13:45.800269+00:00
ffc_ppr_10team,5683,16167,De'Von Achane,RB,MIA,6,9,9.4,1.9,1.03,2.03,305,4622,"July 29, 2026 to August 5, 2026",2026,10,ppr,0,2026-08-05,2026-08-05T16:13:45.800269+00:00,2026-08-05T16:13:45.800269+00:00
ffc_ppr_10team,6777,17514,De'Zhaun Stribling,WR,SF,8,186,159.6,19.0,10.04,18.01,64,4622,"July 29, 2026 to August 5, 2026",2026,10,ppr,0,2026-08-05,2026-08-05T16:13:45.800269+00:00,2026-08-05T16:13:45.800269+00:00
ffc_ppr_10team,4883,15282,DeVonta Smith,WR,PHI,10,31,28.9,3.5,2.07,4.03,601,4622,"July 29, 2026 to August 5, 2026",2026,10,ppr,0,2026-08-05,2026-08-05T16:13:45.800269+00:00,2026-08-05T16:13:45.800269+00:00
ffc_ppr_10team,3246,14136,Deebo Samuel Sr.,WR,SF,8,102,99.0,15.6,5.02,14.07,141,4622,"July 29, 2026 to August 5, 2026",2026,10,ppr,0,2026-08-05,2026-08-05T16:13:45.800269+00:00,2026-08-05T16:13:45.800269+00:00
ffc_ppr_10team,6830,17481,Demond Claiborne,RB,MIN,6,231,169.4,28.6,12.08,17.05,5,4622,"July 29, 2026 to August 5, 2026",2026,10,ppr,0,2026-08-05,2026-08-05T16:13:45.800269+00:00,2026-08-05T16:13:45.800269+00:00
ffc_ppr_10team,6778,17500,Denzel Boston,WR,CLE,11,172,156.2,16.2,9.06,15.12,79,4622,"July 29, 2026 to August 5, 2026",2026,10,ppr,0,2026-08-05,2026-08-05T16:13:45.800269+00:00,2026-08-05T16:13:45.800269+00:00
ffc_ppr_10team,2350,12626,Derrick Henry,RB,BAL,13,17,16.4,3.2,1.03,2.12,302,4622,"July 29, 2026 to August 5, 2026",2026,10,ppr,0,2026-08-05,2026-08-05T16:13:45.800269+00:00,2026-08-05T16:13:45.800269+00:00
ffc_ppr_10team,5725,16195,Dontayvion Wicks,WR,PHI,10,236,173.0,12.0,13.03,16.09,8,4622,"July 29, 2026 to August 5, 2026",2026,10,ppr,0,2026-08-05,2026-08-05T16:13:45.800269+00:00,2026-08-05T16:13:45.800269+00:00
ffc_ppr_10team,5574,15751,Drake London,WR,ATL,11,10,10.8,1.6,1.07,2.04,201,4622,"July 29, 2026 to August 5, 2026",2026,10,ppr,0,2026-08-05,2026-08-05T16:13:45.800269+00:00,2026-08-05T16:13:45.800269+00:00
ffc_ppr_10team,6187,16580,Drake Maye,QB,NE,11,50,49.9,7.4,2.12,6.03,239,4622,"July 29, 2026 to August 5, 2026",2026,10,ppr,0,2026-08-05,2026-08-05T16:13:45.800269+00:00,2026-08-05T16:13:45.800269+00:00
ffc_ppr_10team,6511,17047,Dylan Sampson,RB,CLE,11,202,162.2,15.1,11.04,15.12,38,4622,"July 29, 2026 to August 5, 2026",2026,10,ppr,0,2026-08-05,2026-08-05T16:13:45.800269+00:00,2026-08-05T16:13:45.800269+00:00
ffc_ppr_10team,6080,16385,Emari Demercado,RB,KC,5,204,162.8,8.0,14.01,15.06,6,4622,"July 29, 2026 to August 5, 2026",2026,10,ppr,0,2026-08-05,2026-08-05T16:13:45.800269+00:00,2026-08-05T16:13:45.800269+00:00
ffc_ppr_10team,6576,17081,Emeka Egbuka,WR,TB,10,35,33.7,4.5,1.11,5.01,881,4622,"July 29, 2026 to August 5, 2026",2026,10,ppr,0,2026-08-05,2026-08-05T16:13:45.800269+00:00,2026-08-05T16:13:45.800269+00:00
ffc_ppr_10team,5669,15368,Evan McPherson,PK,CIN,6,233,169.6,14.0,10.04,18.06,74,4622,"July 29, 2026 to August 5, 2026",2026,10,ppr,0,2026-08-05,2026-08-05T16:13:45.800269+00:00,2026-08-05T16:13:45.800269+00:00
ffc_ppr_10team,6767,17462,Fernando Mendoza,QB,LV,13,234,171.5,11.7,13.05,15.10,6,4622,"July 29, 2026 to August 5, 2026",2026,10,ppr,0,2026-08-05,2026-08-05T16:13:45.800269+00:00,2026-08-05T16:13:45.800269+00:00
ffc_ppr_10team,5548,15753,Garrett Wilson,WR,NYJ,13,30,28.2,3.1,2.07,3.12,200,4622,"July 29, 2026 to August 5, 2026",2026,10,ppr,0,2026-08-05,2026-08-05T16:13:45.800269+00:00,2026-08-05T16:13:45.800269+00:00
ffc_ppr_10team,2499,13299,George Kittle,TE,SF,8,123,118.8,18.9,6.05,15.04,445,4622,"July 29, 2026 to August 5, 2026",2026,10,ppr,0,2026-08-05,2026-08-05T16:13:45.800269+00:00,2026-08-05T16:13:45.800269+00:00
ffc_ppr_10team,5576,15762,George Pickens,WR,DAL,14,22,21.3,2.6,1.11,3.05,401,4622,"July 29, 2026 to August 5, 2026",2026,10,ppr,0,2026-08-05,2026-08-05T16:13:45.800269+00:00,2026-08-05T16:13:45.800269+00:00
ffc_ppr_10team,6779,17503,Germie Bernard,WR,PIT,9,217,165.7,8.5,13.03,15.12,23,4622,"July 29, 2026 to August 5, 2026",2026,10,ppr,0,2026-08-05,2026-08-05T16:13:45.800269+00:00,2026-08-05T16:13:45.800269+00:00
ffc_ppr_10team,5277,15797,Greg Dulcich,TE,MIA,6,235,172.4,16.0,13.07,18.02,14,4622,"July 29, 2026 to August 5, 2026",2026,10,ppr,0,2026-08-05,2026-08-05T16:13:45.800269+00:00,2026-08-05T16:13:45.800269+00:00
ffc_ppr_10team,6502,17103,Harold Fannin Jr.,TE,CLE,11,82,80.1,8.2,6.01,8.11,88,4622,"July 29, 2026 to August 5, 2026",2026,10,ppr,0,2026-08-05,2026-08-05T16:13:45.800269+00:00,2026-08-05T16:13:45.800269+00:00
ffc_ppr_10team,2514,13354,Harrison Butker,PK,KC,5,212,164.5,16.1,12.06,18.01,104,4622,"July 29, 2026 to August 5, 2026",2026,10,ppr,0,2026-08-05,2026-08-05T16:13:45.800269+00:00,2026-08-05T16:13:45.800269+00:00
ffc_ppr_10team,6299,16843,Harrison Mevis,PK,LAR,11,163,151.8,16.8,8.12,16.07,65,4622,"July 29, 2026 to August 5, 2026",2026,10,ppr,0,2026-08-05,2026-08-05T16:13:45.800269+00:00,2026-08-05T16:13:45.800269+00:00
ffc_ppr_10team,2354,12676,Hunter Henry,TE,NE,11,178,157.8,24.7,4.08,16.08,53,4622,"July 29, 2026 to August 5, 2026",2026,10,ppr,0,2026-08-05,2026-08-05T16:13:45.800269+00:00,2026-08-05T16:13:45.800269+00:00
ffc_ppr_10team,6580,17157,Isaac TeSlaa,WR,DET,6,215,165.6,25.7,8.10,15.12,11,4622,"July 29, 2026 to August 5, 2026",2026,10,ppr,0,2026-08-05,2026-08-05T16:13:45.800269+00:00,2026-08-05T16:13:45.800269+00:00
ffc_ppr_10team,5661,15798,Isaiah Likely,TE,NYG,8,146,140.1,18.7,5.12,15.07,572,4622,"July 29, 2026 to August 5, 2026",2026,10,ppr,0,2026-08-05,2026-08-05T16:13:45.800269+00:00,2026-08-05T16:13:45.800269+00:00
ffc_ppr_10team,5337,15749,Isiah Pacheco,RB,DET,6,161,148.5,21.3,7.08,15.12,218,4622,"July 29, 2026 to August 5, 2026",2026,10,ppr,0,2026-08-05,2026-08-05T16:13:45.800269+00:00,2026-08-05T16:13:45.800269+00:00
ffc_ppr_10team,4888,14800,J.K. Dobbins,RB,DEN,10,94,91.0,9.5,4.10,10.08,447,4622,"July 29, 2026 to August 5, 2026",2026,10,ppr,0,2026-08-05,2026-08-05T16:13:45.800269+00:00,2026-08-05T16:13:45.800269+00:00
ffc_ppr_10team,5177,15281,Ja'Marr Chase,WR,CIN,6,4,3.9,1.0,1.01,1.07,1030,4622,"July 29, 2026 to August 5, 2026",2026,10,ppr,0,2026-08-05,2026-08-05T16:13:45.800269+00:00,2026-08-05T16:13:45.800269+00:00
ffc_ppr_10team,2365,12616,Jacoby Brissett,QB,ARI,14,188,160.2,17.4,11.07,15.10,6,4622,"July 29, 2026 to August 5, 2026",2026,10,ppr,0,2026-08-05,2026-08-05T16:13:45.800269+00:00,2026-08-05T16:13:45.800269+00:00
ffc_ppr_10team,6595,17256,Jacory Croskey-Merritt,RB,WAS,7,118,114.2,14.3,6.11,13.01,461,4622,"July 29, 2026 to August 5, 2026",2026,10,ppr,0,2026-08-05,2026-08-05T16:13:45.800269+00:00,2026-08-05T16:13:45.800269+00:00
ffc_ppr_10team,6776,17473,Jadarian Price,RB,SEA,11,65,64.7,7.3,3.02,8.01,802,4622,"July 29, 2026 to August 5, 2026",2026,10,ppr,0,2026-08-05,2026-08-05T16:13:45.800269+00:00,2026-08-05T16:13:45.800269+00:00
ffc_ppr_10team,5672,16162,Jahmyr Gibbs,RB,DET,6,1,1.6,0.7,1.01,1.04,833,4622,"July 29, 2026 to August 5, 2026",2026,10,ppr,0,2026-08-05,2026-08-05T16:13:45.800269+00:00,2026-08-05T16:13:45.800269+00:00
ffc_ppr_10team,6055,16846,Jake Bates,PK,DET,6,157,144.3,18.9,7.08,16.08,80,4622,"July 29, 2026 to August 5, 2026",2026,10,ppr,0,2026-08-05,2026-08-05T16:13:45.800269+00:00,2026-08-05T16:13:45.800269+00:00
ffc_ppr_10team,5561,15799,Jake Ferguson,TE,DAL,14,145,139.3,19.9,8.01,15.11,326,4622,"July 29, 2026 to August 5, 2026",2026,10,ppr,0,2026-08-05,2026-08-05T16:13:45.800269+00:00,2026-08-05T16:13:45.800269+00:00
ffc_ppr_10team,3496,14127,Jakobi Meyers,WR,JAX,7,80,76.7,6.7,5.07,8.06,206,4622,"July 29, 2026 to August 5, 2026",2026,10,ppr,0,2026-08-05,2026-08-05T16:13:45.800269+00:00,2026-08-05T16:13:45.800269+00:00
ffc_ppr_10team,6302,16809,Jalen Coker,WR,CAR,5,130,125.9,8.9,8.08,13.02,186,4622,"July 29, 2026 to August 5, 2026",2026,10,ppr,0,2026-08-05,2026-08-05T16:13:45.800269+00:00,2026-08-05T16:13:45.800269+00:00
ffc_ppr_10team,5025,14783,Jalen Hurts,QB,PHI,10,77,75.1,8.5,5.03,10.04,290,4622,"July 29, 2026 to August 5, 2026",2026,10,ppr,0,2026-08-05,2026-08-05T16:13:45.800269+00:00,2026-08-05T16:13:45.800269+00:00
ffc_ppr_10team,6282,16628,Jalen McMillan,WR,TB,10,151,140.8,13.9,9.09,15.08,137,4622,"July 29, 2026 to August 5, 2026",2026,10,ppr,0,2026-08-05,2026-08-05T16:13:45.800269+00:00,2026-08-05T16:13:45.800269+00:00
ffc_ppr_10team,5334,15786,Jalen Nailor,WR,LV,13,180,158.1,11.9,11.04,15.12,102,4622,"July 29, 2026 to August 5, 2026",2026,10,ppr,0,2026-08-05,2026-08-05T16:13:45.800269+00:00,2026-08-05T16:13:45.800269+00:00
ffc_ppr_10team,2470,13146,James Conner,RB,ARI,14,167,154.4,29.0,8.02,16.05,12,4622,"July 29, 2026 to August 5, 2026",2026,10,ppr,0,2026-08-05,2026-08-05T16:13:45.800269+00:00,2026-08-05T16:13:45.800269+00:00
ffc_ppr_10team,5652,15715,James Cook III,RB,BUF,7,16,15.3,3.0,1.05,2.11,1231,4622,"July 29, 2026 to August 5, 2026",2026,10,ppr,0,2026-08-05,2026-08-05T16:13:45.800269+00:00,2026-08-05T16:13:45.800269+00:00
ffc_ppr_10team,5643,15756,Jameson Williams,WR,DET,6,47,45.9,4.8,3.04,6.03,189,4622,"July 29, 2026 to August 5, 2026",2026,10,ppr,0,2026-08-05,2026-08-05T16:13:45.800269+00:00,2026-08-05T16:13:45.800269+00:00
ffc_ppr_10team,2351,12611,Jared Goff,QB,DET,6,110,105.2,13.7,6.07,12.12,302,4622,"July 29, 2026 to August 5, 2026",2026,10,ppr,0,2026-08-05,2026-08-05T16:13:45.800269+00:00,2026-08-05T16:13:45.800269+00:00
ffc_ppr_10team,2424,12437,Jason Myers,PK,SEA,11,144,138.5,19.8,6.04,16.04,109,4622,"July 29, 2026 to August 5, 2026",2026,10,ppr,0,2026-08-05,2026-08-05T16:13:45.800269+00:00,2026-08-05T16:13:45.800269+00:00
ffc_ppr_10team,5020,14860,Jauan Jennings,WR,MIN,6,148,140.3,15.5,8.04,15.10,71,4622,"July 29, 2026 to August 5, 2026",2026,10,ppr,0,2026-08-05,2026-08-05T16:13:45.800269+00:00,2026-08-05T16:13:45.800269+00:00
ffc_ppr_10team,5185,15256,Javonte Williams,RB,DAL,14,38,36.4,4.0,2.12,5.02,606,4622,"July 29, 2026 to August 5, 2026",2026,10,ppr,0,2026-08-05,2026-08-05T16:13:45.800269+00:00,2026-08-05T16:13:45.800269+00:00
ffc_ppr_10team,5671,16185,Jaxon Smith-Njigba,WR,SEA,11,6,6.0,1.2,1.01,1.11,609,4622,"July 29, 2026 to August 5, 2026",2026,10,ppr,0,2026-08-05,2026-08-05T16:13:45.800269+00:00,2026-08-05T16:13:45.800269+00:00
ffc_ppr_10team,6568,17032,Jaxson Dart,QB,NYG,8,107,103.9,13.0,6.06,11.10,354,4622,"July 29, 2026 to August 5, 2026",2026,10,ppr,0,2026-08-05,2026-08-05T16:13:45.800269+00:00,2026-08-05T16:13:45.800269+00:00
ffc_ppr_10team,5854,16581,Jayden Daniels,QB,WAS,7,72,71.6,7.8,4.10,9.04,245,4622,"July 29, 2026 to August 5, 2026",2026,10,ppr,0,2026-08-05,2026-08-05T16:13:45.800269+00:00,2026-08-05T16:13:45.800269+00:00
ffc_ppr_10team,6577,17083,Jayden Higgins,WR,HOU,8,140,136.9,9.0,9.05,13.10,220,4622,"July 29, 2026 to August 5, 2026",2026,10,ppr,0,2026-08-05,2026-08-05T16:13:45.800269+00:00,2026-08-05T16:13:45.800269+00:00
ffc_ppr_10team,5707,16184,Jayden Reed,WR,GB,11,96,91.7,7.2,5.11,10.05,222,4622,"July 29, 2026 to August 5, 2026",2026,10,ppr,0,2026-08-05,2026-08-05T16:13:45.800269+00:00,2026-08-05T16:13:45.800269+00:00
ffc_ppr_10team,6557,17069,Jaydon Blue,RB,DAL,14,162,151.7,34.9,3.08,17.03,17,4622,"July 29, 2026 to August 5, 2026",2026,10,ppr,0,2026-08-05,2026-08-05T16:13:45.800269+00:00,2026-08-05T16:13:45.800269+00:00
ffc_ppr_10team,5178,15284,Jaylen Waddle,WR,DEN,10,48,49.0,5.2,3.11,7.01,731,4622,"July 29, 2026 to August 5, 2026",2026,10,ppr,0,2026-08-05,2026-08-05T16:13:45.800269+00:00,2026-08-05T16:13:45.800269+00:00
ffc_ppr_10team,5443,15742,Jaylen Warren,RB,PIT,9,67,66.4,5.9,5.06,8.01,157,4622,"July 29, 2026 to August 5, 2026",2026,10,ppr,0,2026-08-05,2026-08-05T16:13:45.800269+00:00,2026-08-05T16:13:45.800269+00:00
ffc_ppr_10team,6769,17472,Jeremiyah Love,RB,ARI,14,25,25.2,3.0,2.01,3.08,297,4622,"July 29, 2026 to August 5, 2026",2026,10,ppr,0,2026-08-05,2026-08-05T16:13:45.800269+00:00,2026-08-05T16:13:45.800269+00:00
ffc_ppr_10team,4861,14833,Jerry Jeudy,WR,CLE,11,136,134.5,8.8,10.01,13.06,146,4622,"July 29, 2026 to August 5, 2026",2026,10,ppr,0,2026-08-05,2026-08-05T16:13:45.800269+00:00,2026-08-05T16:13:45.800269+00:00
ffc_ppr_10team,4882,14777,Joe Burrow,QB,CIN,6,58,57.5,8.4,2.12,7.04,435,4622,"July 29, 2026 to August 5, 2026",2026,10,ppr,0,2026-08-05,2026-08-05T16:13:45.800269+00:00,2026-08-05T16:13:45.800269+00:00
ffc_ppr_10team,5582,15759,John Metchie III,WR,CAR,5,119,114.9,3.8,9.12,11.04,28,4622,"July 29, 2026 to August 5, 2026",2026,10,ppr,0,2026-08-05,2026-08-05T16:13:45.800269+00:00,2026-08-05T16:13:45.800269+00:00
ffc_ppr_10team,6799,17477,Jonah Coleman,RB,DEN,10,207,163.3,28.0,9.06,16.02,7,4622,"July 29, 2026 to August 5, 2026",2026,10,ppr,0,2026-08-05,2026-08-05T16:13:45.800269+00:00,2026-08-05T16:13:45.800269+00:00
ffc_ppr_10team,4864,14802,Jonathan Taylor,RB,IND,13,8,7.6,1.6,1.02,2.01,717,4622,"July 29, 2026 to August 5, 2026",2026,10,ppr,0,2026-08-05,2026-08-05T16:13:45.800269+00:00,2026-08-05T16:13:45.800269+00:00
ffc_ppr_10team,6179,16597,Jonathon Brooks,RB,CAR,5,120,115.7,15.9,6.05,13.08,1112,4622,"July 29, 2026 to August 5, 2026",2026,10,ppr,0,2026-08-05,2026-08-05T16:13:45.800269+00:00,2026-08-05T16:13:45.800269+00:00
ffc_ppr_10team,5673,16186,Jordan Addison,WR,MIN,6,106,102.1,8.6,6.09,10.12,276,4622,"July 29, 2026 to August 5, 2026",2026,10,ppr,0,2026-08-05,2026-08-05T16:13:45.800269+00:00,2026-08-05T16:13:45.800269+00:00
ffc_ppr_10team,6517,17055,Jordan James,RB,SF,8,194,160.7,24.5,11.08,18.02,7,4622,"July 29, 2026 to August 5, 2026",2026,10,ppr,0,2026-08-05,2026-08-05T16:13:45.800269+00:00,2026-08-05T16:13:45.800269+00:00
ffc_ppr_10team,4892,14782,Jordan Love,QB,GB,11,160,146.7,14.4,9.01,15.12,232,4622,"July 29, 2026 to August 5, 2026",2026,10,ppr,0,2026-08-05,2026-08-05T16:13:45.800269+00:00,2026-08-05T16:13:45.800269+00:00
ffc_ppr_10team,5330,15972,Jordan Mason,RB,MIN,6,127,122.5,14.5,6.11,13.06,535,4622,"July 29, 2026 to August 5, 2026",2026,10,ppr,0,2026-08-05,2026-08-05T16:13:45.800269+00:00,2026-08-05T16:13:45.800269+00:00
ffc_ppr_10team,6771,17498,Jordyn Tyson,WR,NO,8,87,85.1,7.0,5.11,9.07,496,4622,"July 29, 2026 to August 5, 2026",2026,10,ppr,0,2026-08-05,2026-08-05T16:13:45.800269+00:00,2026-08-05T16:13:45.800269+00:00
ffc_ppr_10team,2885,13589,Josh Allen,QB,BUF,7,26,26.4,6.5,1.01,4.06,545,4622,"July 29, 2026 to August 5, 2026",2026,10,ppr,0,2026-08-05,2026-08-05T16:13:45.800269+00:00,2026-08-05T16:13:45.800269+00:00
ffc_ppr_10team,5680,16187,Josh Downs,WR,IND,13,95,91.7,9.6,4.12,10.10,399,4622,"July 29, 2026 to August 5, 2026",2026,10,ppr,0,2026-08-05,2026-08-05T16:13:45.800269+00:00,2026-08-05T16:13:45.800269+00:00
ffc_ppr_10team,3255,14073,Josh Jacobs,RB,GB,11,24,24.6,2.7,2.06,3.08,319,4622,"July 29, 2026 to August 5, 2026",2026,10,ppr,0,2026-08-05,2026-08-05T16:13:45.800269+00:00,2026-08-05T16:13:45.800269+00:00
ffc_ppr_10team,3266,14086,Justice Hill,RB,BAL,13,185,159.6,11.6,11.06,15.11,20,4622,"July 29, 2026 to August 5, 2026",2026,10,ppr,0,2026-08-05,2026-08-05T16:13:45.800269+00:00,2026-08-05T16:13:45.800269+00:00
ffc_ppr_10team,4887,14779,Justin Herbert,QB,LAC,7,115,108.8,14.6,5.09,12.07,678,4622,"July 29, 2026 to August 5, 2026",2026,10,ppr,0,2026-08-05,2026-08-05T16:13:45.800269+00:00,2026-08-05T16:13:45.800269+00:00
ffc_ppr_10team,4876,14836,Justin Jefferson,WR,MIN,6,14,13.0,2.7,1.04,2.08,667,4622,"July 29, 2026 to August 5, 2026",2026,10,ppr,0,2026-08-05,2026-08-05T16:13:45.800269+00:00,2026-08-05T16:13:45.800269+00:00
ffc_ppr_10team,5151,14861,Juwan Johnson,TE,NO,8,181,159.2,18.9,11.03,17.04,38,4622,"July 29, 2026 to August 5, 2026",2026,10,ppr,0,2026-08-05,2026-08-05T16:13:45.800269+00:00,2026-08-05T16:13:45.800269+00:00
ffc_ppr_10team,6774,17501,KC Concepcion,WR,CLE,11,131,128.3,9.9,8.07,13.06,377,4622,"July 29, 2026 to August 5, 2026",2026,10,ppr,0,2026-08-05,2026-08-05T16:13:45.800269+00:00,2026-08-05T16:13:45.800269+00:00
ffc_ppr_10team,2531,12860,Ka'imi Fairbairn,PK,HOU,8,152,141.7,20.9,9.06,16.07,124,4622,"July 29, 2026 to August 5, 2026",2026,10,ppr,0,2026-08-05,2026-08-05T16:13:45.800269+00:00,2026-08-05T16:13:45.800269+00:00
ffc_ppr_10team,6798,17485,Kaelon Black,RB,SF,8,199,161.8,18.4,11.04,15.08,12,4622,"July 29, 2026 to August 5, 2026",2026,10,ppr,0,2026-08-05,2026-08-05T16:13:45.800269+00:00,2026-08-05T16:13:45.800269+00:00
ffc_ppr_10team,5694,16193,Kayshon Boutte,WR,NE,11,226,168.6,16.9,10.11,18.03,53,4622,"July 29, 2026 to August 5, 2026",2026,10,ppr,0,2026-08-05,2026-08-05T16:13:45.800269+00:00,2026-08-05T16:13:45.800269+00:00
ffc_ppr_10team,5982,16178,Keaton Mitchell,RB,LAC,7,165,153.9,23.4,8.12,16.08,30,4622,"July 29, 2026 to August 5, 2026",2026,10,ppr,0,2026-08-05,2026-08-05T16:13:45.800269+00:00,2026-08-05T16:13:45.800269+00:00
ffc_ppr_10team,5625,15711,Kenneth Walker III,RB,KC,5,28,26.7,3.6,1.10,4.01,1339,4622,"July 29, 2026 to August 5, 2026",2026,10,ppr,0,2026-08-05,2026-08-05T16:13:45.800269+00:00,2026-08-05T16:13:45.800269+00:00
ffc_ppr_10team,6773,17543,Kenyon Sadiq,TE,NYJ,13,197,161.3,20.7,10.07,18.05,43,4622,"July 29, 2026 to August 5, 2026",2026,10,ppr,0,2026-08-05,2026-08-05T16:13:45.800269+00:00,2026-08-05T16:13:45.800269+00:00
ffc_ppr_10team,5636,15761,Khalil Shakir,WR,BUF,7,105,101.2,6.4,7.06,10.12,139,4622,"July 29, 2026 to August 5, 2026",2026,10,ppr,0,2026-08-05,2026-08-05T16:13:45.800269+00:00,2026-08-05T16:13:45.800269+00:00
ffc_ppr_10team,6263,16757,Kimani Vidal,RB,LAC,7,232,169.5,14.9,11.07,15.12,11,4622,"July 29, 2026 to August 5, 2026",2026,10,ppr,0,2026-08-05,2026-08-05T16:13:45.800269+00:00,2026-08-05T16:13:45.800269+00:00
ffc_ppr_10team,6534,17066,Kyle Monangai,RB,CHI,10,103,99.7,11.3,5.12,11.05,545,4622,"July 29, 2026 to August 5, 2026",2026,10,ppr,0,2026-08-05,2026-08-05T16:13:45.800269+00:00,2026-08-05T16:13:45.800269+00:00
ffc_ppr_10team,5181,15329,Kyle Pitts Sr.,TE,ATL,11,81,79.1,6.8,5.03,8.09,173,4622,"July 29, 2026 to August 5, 2026",2026,10,ppr,0,2026-08-05,2026-08-05T16:13:45.800269+00:00,2026-08-05T16:13:45.800269+00:00
ffc_ppr_10team,3299,14056,Kyler Murray,QB,MIN,6,155,143.8,17.6,8.03,15.12,302,4622,"July 29, 2026 to August 5, 2026",2026,10,ppr,0,2026-08-05,2026-08-05T16:13:45.800269+00:00,2026-08-05T16:13:45.800269+00:00
ffc_ppr_10team,5623,15710,Kyren Williams,RB,LAR,11,33,32.2,3.5,2.08,4.08,634,4622,"July 29, 2026 to August 5, 2026",2026,10,ppr,0,2026-08-05,2026-08-05T16:13:45.800269+00:00,2026-08-05T16:13:45.800269+00:00
ffc_ppr_10team,6281,16627,Ladd McConkey,WR,LAC,7,45,44.1,4.5,2.12,6.05,951,4622,"July 29, 2026 to August 5, 2026",2026,10,ppr,0,2026-08-05,2026-08-05T16:13:45.800269+00:00,2026-08-05T16:13:45.800269+00:00
ffc_ppr_10team,2888,13593,Lamar Jackson,QB,BAL,13,55,54.0,7.8,1.03,6.09,351,4622,"July 29, 2026 to August 5, 2026",2026,10,ppr,0,2026-08-05,2026-08-05T16:13:45.800269+00:00,2026-08-05T16:13:45.800269+00:00
ffc_ppr_10team,6559,17070,Luther Burden III,WR,CHI,10,54,53.6,6.6,3.01,7.01,562,4622,"July 29, 2026 to August 5, 2026",2026,10,ppr,0,2026-08-05,2026-08-05T16:13:45.800269+00:00,2026-08-05T16:13:45.800269+00:00
ffc_ppr_10team,6772,17499,Makai Lemon,WR,PHI,10,111,105.4,7.9,7.02,11.06,473,4622,"July 29, 2026 to August 5, 2026",2026,10,ppr,0,2026-08-05,2026-08-05T16:13:45.800269+00:00,2026-08-05T16:13:45.800269+00:00
ffc_ppr_10team,6183,16615,Malik Nabers,WR,NYG,8,36,34.6,4.7,1.11,4.12,875,4622,"July 29, 2026 to August 5, 2026",2026,10,ppr,0,2026-08-05,2026-08-05T16:13:45.800269+00:00,2026-08-05T16:13:45.800269+00:00
ffc_ppr_10team,6287,16684,Malik Washington,WR,MIA,6,170,155.8,14.7,10.12,16.07,61,4622,"July 29, 2026 to August 5, 2026",2026,10,ppr,0,2026-08-05,2026-08-05T16:13:45.800269+00:00,2026-08-05T16:13:45.800269+00:00
ffc_ppr_10team,5545,15694,Malik Willis,QB,MIA,6,183,159.4,12.9,12.01,16.01,78,4622,"July 29, 2026 to August 5, 2026",2026,10,ppr,0,2026-08-05,2026-08-05T16:13:45.800269+00:00,2026-08-05T16:13:45.800269+00:00
ffc_ppr_10team,2872,13671,Mark Andrews,TE,BAL,13,142,137.6,19.5,7.07,15.06,262,4622,"July 29, 2026 to August 5, 2026",2026,10,ppr,0,2026-08-05,2026-08-05T16:13:45.800269+00:00,2026-08-05T16:13:45.800269+00:00
ffc_ppr_10team,6523,17075,Matthew Golden,WR,GB,11,122,118.6,11.1,6.04,13.05,426,4622,"July 29, 2026 to August 5, 2026",2026,10,ppr,0,2026-08-05,2026-08-05T16:13:45.800269+00:00,2026-08-05T16:13:45.800269+00:00
ffc_ppr_10team,1664,9431,Matthew Stafford,QB,LAR,11,86,84.3,11.0,5.09,10.06,285,4622,"July 29, 2026 to August 5, 2026",2026,10,ppr,0,2026-08-05,2026-08-05T16:13:45.800269+00:00,2026-08-05T16:13:45.800269+00:00
ffc_ppr_10team,4880,14842,Michael Pittman Jr.,WR,PIT,9,74,72.4,7.0,5.04,8.05,387,4622,"July 29, 2026 to August 5, 2026",2026,10,ppr,0,2026-08-05,2026-08-05T16:13:45.800269+00:00,2026-08-05T16:13:45.800269+00:00
ffc_ppr_10team,5721,16206,Michael Wilson,WR,ARI,14,90,88.0,9.5,4.12,10.04,579,4622,"July 29, 2026 to August 5, 2026",2026,10,ppr,0,2026-08-05,2026-08-05T16:13:45.800269+00:00,2026-08-05T16:13:45.800269+00:00
ffc_ppr_10team,2111,11671,Mike Evans,WR,SF,8,60,59.9,6.6,4.01,7.09,1075,4622,"July 29, 2026 to August 5, 2026",2026,10,ppr,0,2026-08-05,2026-08-05T16:13:45.800269+00:00,2026-08-05T16:13:45.800269+00:00
ffc_ppr_10team,6803,17482,Mike Washington Jr.,RB,LV,13,193,160.6,27.5,11.05,18.05,8,4622,"July 29, 2026 to August 5, 2026",2026,10,ppr,0,2026-08-05,2026-08-05T16:13:45.800269+00:00,2026-08-05T16:13:45.800269+00:00
ffc_ppr_10team,383,8851,Nick Folk,PK,ATL,11,223,167.9,10.7,12.09,15.12,32,4622,"July 29, 2026 to August 5, 2026",2026,10,ppr,0,2026-08-05,2026-08-05T16:13:45.800269+00:00,2026-08-05T16:13:45.800269+00:00
ffc_ppr_10team,5207,15290,Nico Collins,WR,HOU,8,23,23.0,2.5,2.04,3.06,519,4622,"July 29, 2026 to August 5, 2026",2026,10,ppr,0,2026-08-05,2026-08-05T16:13:45.800269+00:00,2026-08-05T16:13:45.800269+00:00
ffc_ppr_10team,6775,17502,Omar Cooper Jr.,WR,NYJ,13,201,162.1,16.5,10.08,15.12,74,4622,"July 29, 2026 to August 5, 2026",2026,10,ppr,0,2026-08-05,2026-08-05T16:13:45.800269+00:00,2026-08-05T16:13:45.800269+00:00
ffc_ppr_10team,6538,17044,Omarion Hampton,RB,LAC,7,20,20.0,3.6,1.05,3.06,1173,4622,"July 29, 2026 to August 5, 2026",2026,10,ppr,0,2026-08-05,2026-08-05T16:13:45.800269+00:00,2026-08-05T16:13:45.800269+00:00
ffc_ppr_10team,6506,17099,Oronde Gadsden,TE,LAC,7,200,162.0,10.9,13.01,15.11,6,4622,"July 29, 2026 to August 5, 2026",2026,10,ppr,0,2026-08-05,2026-08-05T16:13:45.800269+00:00,2026-08-05T16:13:45.800269+00:00
ffc_ppr_10team,5705,16192,Parker Washington,WR,JAX,7,79,76.4,7.7,5.01,8.12,609,4622,"July 29, 2026 to August 5, 2026",2026,10,ppr,0,2026-08-05,2026-08-05T16:13:45.800269+00:00,2026-08-05T16:13:45.800269+00:00
ffc_ppr_10team,2462,13116,Patrick Mahomes,QB,KC,5,100,96.9,12.9,6.02,11.07,468,4622,"July 29, 2026 to August 5, 2026",2026,10,ppr,0,2026-08-05,2026-08-05T16:13:45.800269+00:00,2026-08-05T16:13:45.800269+00:00
ffc_ppr_10team,5714,16211,Puka Nacua,WR,LAR,11,3,2.7,0.8,1.01,1.06,213,4622,"July 29, 2026 to August 5, 2026",2026,10,ppr,0,2026-08-05,2026-08-05T16:13:45.800269+00:00,2026-08-05T16:13:45.800269+00:00
ffc_ppr_10team,5674,16188,Quentin Johnston,WR,LAC,7,97,94.8,8.5,5.01,10.10,469,4622,"July 29, 2026 to August 5, 2026",2026,10,ppr,0,2026-08-05,2026-08-05T16:13:45.800269+00:00,2026-08-05T16:13:45.800269+00:00
ffc_ppr_10team,6531,17051,Quinshon Judkins,RB,CLE,11,49,49.4,5.4,3.06,6.05,636,4622,"July 29, 2026 to August 5, 2026",2026,10,ppr,0,2026-08-05,2026-08-05T16:13:45.800269+00:00,2026-08-05T16:13:45.800269+00:00
ffc_ppr_10team,6530,17068,RJ Harvey,RB,DEN,10,84,83.3,9.4,5.04,10.09,420,4622,"July 29, 2026 to August 5, 2026",2026,10,ppr,0,2026-08-05,2026-08-05T16:13:45.800269+00:00,2026-08-05T16:13:45.800269+00:00
ffc_ppr_10team,5626,15721,Rachaad White,RB,WAS,7,101,97.6,9.9,6.06,10.11,383,4622,"July 29, 2026 to August 5, 2026",2026,10,ppr,0,2026-08-05,2026-08-05T16:13:45.800269+00:00,2026-08-05T16:13:45.800269+00:00
ffc_ppr_10team,5696,16194,Rashee Rice,WR,KC,5,12,11.6,1.6,1.06,2.04,137,4622,"July 29, 2026 to August 5, 2026",2026,10,ppr,0,2026-08-05,2026-08-05T16:13:45.800269+00:00,2026-08-05T16:13:45.800269+00:00
ffc_ppr_10team,5896,16080,Rashid Shaheed,WR,SEA,11,121,118.2,8.1,8.02,13.03,249,4622,"July 29, 2026 to August 5, 2026",2026,10,ppr,0,2026-08-05,2026-08-05T16:13:45.800269+00:00,2026-08-05T16:13:45.800269+00:00
ffc_ppr_10team,5180,15293,Rashod Bateman,WR,BAL,13,158,145.3,14.5,10.09,15.05,40,4622,"July 29, 2026 to August 5, 2026",2026,10,ppr,0,2026-08-05,2026-08-05T16:13:45.800269+00:00,2026-08-05T16:13:45.800269+00:00
ffc_ppr_10team,6197,16603,Ray Davis,RB,BUF,7,208,163.5,10.4,13.06,15.09,15,4622,"July 29, 2026 to August 5, 2026",2026,10,ppr,0,2026-08-05,2026-08-05T16:13:45.800269+00:00,2026-08-05T16:13:45.800269+00:00
ffc_ppr_10team,5210,15259,Rhamondre Stevenson,RB,NE,11,73,72.2,7.0,4.09,9.01,164,4622,"July 29, 2026 to August 5, 2026",2026,10,ppr,0,2026-08-05,2026-08-05T16:13:45.800269+00:00,2026-08-05T16:13:45.800269+00:00
ffc_ppr_10team,6199,16622,Ricky Pearsall,WR,SF,8,116,109.6,13.4,7.10,13.03,186,4622,"July 29, 2026 to August 5, 2026",2026,10,ppr,0,2026-08-05,2026-08-05T16:13:45.800269+00:00,2026-08-05T16:13:45.800269+00:00
ffc_ppr_10team,5095,14823,Rico Dowdle,RB,PIT,9,75,74.2,7.0,5.02,9.02,207,4622,"July 29, 2026 to August 5, 2026",2026,10,ppr,0,2026-08-05,2026-08-05T16:13:45.800269+00:00,2026-08-05T16:13:45.800269+00:00
ffc_ppr_10team,6194,16616,Rome Odunze,WR,CHI,10,51,50.2,5.5,3.11,6.08,388,4622,"July 29, 2026 to August 5, 2026",2026,10,ppr,0,2026-08-05,2026-08-05T16:13:45.800269+00:00,2026-08-05T16:13:45.800269+00:00
ffc_ppr_10team,5586,15779,Romeo Doubs,WR,NE,11,114,108.1,9.9,6.10,12.03,150,4622,"July 29, 2026 to August 5, 2026",2026,10,ppr,0,2026-08-05,2026-08-05T16:13:45.800269+00:00,2026-08-05T16:13:45.800269+00:00
ffc_ppr_10team,2884,13592,Sam Darnold,QB,SEA,11,150,140.7,12.4,9.10,15.11,115,4622,"July 29, 2026 to August 5, 2026",2026,10,ppr,0,2026-08-05,2026-08-05T16:13:45.800269+00:00,2026-08-05T16:13:45.800269+00:00
ffc_ppr_10team,5564,16214,Sam LaPorta,TE,DET,6,89,87.8,9.8,5.04,12.06,317,4622,"July 29, 2026 to August 5, 2026",2026,10,ppr,0,2026-08-05,2026-08-05T16:13:45.800269+00:00,2026-08-05T16:13:45.800269+00:00
ffc_ppr_10team,2441,13133,Samaje Perine,RB,CIN,6,219,166.7,17.1,11.10,15.12,9,4622,"July 29, 2026 to August 5, 2026",2026,10,ppr,0,2026-08-05,2026-08-05T16:13:45.800269+00:00,2026-08-05T16:13:45.800269+00:00
ffc_ppr_10team,2860,13604,Saquon Barkley,RB,PHI,10,19,18.7,3.2,1.05,3.03,1039,4622,"July 29, 2026 to August 5, 2026",2026,10,ppr,0,2026-08-05,2026-08-05T16:13:45.800269+00:00,2026-08-05T16:13:45.800269+00:00
ffc_ppr_10team,3307,14138,T.J. Hockenson,TE,MIN,6,177,157.4,28.6,9.10,18.02,32,4622,"July 29, 2026 to August 5, 2026",2026,10,ppr,0,2026-08-05,2026-08-05T16:13:45.800269+00:00,2026-08-05T16:13:45.800269+00:00
ffc_ppr_10team,5691,16164,Tank Bigsby,RB,PHI,10,198,161.6,17.9,11.04,16.04,34,4622,"July 29, 2026 to August 5, 2026",2026,10,ppr,0,2026-08-05,2026-08-05T16:13:45.800269+00:00,2026-08-05T16:13:45.800269+00:00
ffc_ppr_10team,5711,16204,Tank Dell,WR,HOU,8,173,156.5,14.2,8.10,15.12,170,4622,"July 29, 2026 to August 5, 2026",2026,10,ppr,0,2026-08-05,2026-08-05T16:13:45.800269+00:00,2026-08-05T16:13:45.800269+00:00
ffc_ppr_10team,4870,14835,Tee Higgins,WR,CIN,6,40,39.4,4.1,2.09,5.05,424,4622,"July 29, 2026 to August 5, 2026",2026,10,ppr,0,2026-08-05,2026-08-05T16:13:45.800269+00:00,2026-08-05T16:13:45.800269+00:00
ffc_ppr_10team,3449,14109,Terry McLaurin,WR,WAS,7,44,42.5,3.8,3.01,5.06,498,4622,"July 29, 2026 to August 5, 2026",2026,10,ppr,0,2026-08-05,2026-08-05T16:13:45.800269+00:00,2026-08-05T16:13:45.800269+00:00
ffc_ppr_10team,6561,17071,Tetairoa McMillan,WR,CAR,5,34,33.7,3.5,2.09,4.07,367,4622,"July 29, 2026 to August 5, 2026",2026,10,ppr,0,2026-08-05,2026-08-05T16:13:45.800269+00:00,2026-08-05T16:13:45.800269+00:00
ffc_ppr_10team,6489,17088,Theo Wease Jr.,WR,MIA,6,137,136.0,6.0,10.11,13.05,50,4622,"July 29, 2026 to August 5, 2026",2026,10,ppr,0,2026-08-05,2026-08-05T16:13:45.800269+00:00,2026-08-05T16:13:45.800269+00:00
ffc_ppr_10team,3435,14085,Tony Pollard,RB,TEN,9,62,62.4,6.9,3.12,7.08,221,4622,"July 29, 2026 to August 5, 2026",2026,10,ppr,0,2026-08-05,2026-08-05T16:13:45.800269+00:00,2026-08-05T16:13:45.800269+00:00
ffc_ppr_10team,6205,17098,Tory Horton,WR,SEA,11,237,173.3,14.5,13.09,17.04,6,4622,"July 29, 2026 to August 5, 2026",2026,10,ppr,0,2026-08-05,2026-08-05T16:13:45.800269+00:00,2026-08-05T16:13:45.800269+00:00
ffc_ppr_10team,4863,15253,Travis Etienne Jr.,RB,NO,8,39,36.8,3.6,3.03,4.12,283,4622,"July 29, 2026 to August 5, 2026",2026,10,ppr,0,2026-08-05,2026-08-05T16:13:45.800269+00:00,2026-08-05T16:13:45.800269+00:00
ffc_ppr_10team,6563,17074,Travis Hunter,WR,JAX,7,189,160.2,19.6,5.02,15.11,57,4622,"July 29, 2026 to August 5, 2026",2026,10,ppr,0,2026-08-05,2026-08-05T16:13:45.800269+00:00,2026-08-05T16:13:45.800269+00:00
ffc_ppr_10team,1989,11244,Travis Kelce,TE,KC,5,98,95.2,16.7,2.04,11.12,87,4622,"July 29, 2026 to August 5, 2026",2026,10,ppr,0,2026-08-05,2026-08-05T16:13:45.800269+00:00,2026-08-05T16:13:45.800269+00:00
ffc_ppr_10team,5977,16287,Tre Tucker,WR,LV,13,139,136.5,8.8,10.04,13.06,94,4622,"July 29, 2026 to August 5, 2026",2026,10,ppr,0,2026-08-05,2026-08-05T16:13:45.800269+00:00,2026-08-05T16:13:45.800269+00:00
ffc_ppr_10team,6490,17043,TreVeyon Henderson,RB,NE,11,57,55.8,6.1,3.10,6.11,458,4622,"July 29, 2026 to August 5, 2026",2026,10,ppr,0,2026-08-05,2026-08-05T16:13:45.800269+00:00,2026-08-05T16:13:45.800269+00:00
ffc_ppr_10team,5186,15237,Trevor Lawrence,QB,JAX,7,91,89.7,12.2,2.08,10.08,534,4622,"July 29, 2026 to August 5, 2026",2026,10,ppr,0,2026-08-05,2026-08-05T16:13:45.800269+00:00,2026-08-05T16:13:45.800269+00:00
ffc_ppr_10team,5656,15794,Trey McBride,TE,ARI,14,37,35.2,6.1,2.01,4.12,788,4622,"July 29, 2026 to August 5, 2026",2026,10,ppr,0,2026-08-05,2026-08-05T16:13:45.800269+00:00,2026-08-05T16:13:45.800269+00:00
ffc_ppr_10team,5718,16222,Tucker Kraft,TE,GB,11,117,113.6,21.3,5.03,15.03,827,4622,"July 29, 2026 to August 5, 2026",2026,10,ppr,0,2026-08-05,2026-08-05T16:13:45.800269+00:00,2026-08-05T16:13:45.800269+00:00
ffc_ppr_10team,3453,14095,Ty Johnson,RB,BUF,7,242,175.4,8.1,14.05,15.12,5,4622,"July 29, 2026 to August 5, 2026",2026,10,ppr,0,2026-08-05,2026-08-05T16:13:45.800269+00:00,2026-08-05T16:13:45.800269+00:00
ffc_ppr_10team,5692,16165,Tyjae Spears,RB,TEN,9,129,123.4,13.8,8.03,13.05,111,4622,"July 29, 2026 to August 5, 2026",2026,10,ppr,0,2026-08-05,2026-08-05T16:13:45.800269+00:00,2026-08-05T16:13:45.800269+00:00
ffc_ppr_10team,5655,15712,Tyler Allgeier,RB,ARI,14,206,163.1,19.8,9.04,18.06,96,4622,"July 29, 2026 to August 5, 2026",2026,10,ppr,0,2026-08-05,2026-08-05T16:13:45.800269+00:00,2026-08-05T16:13:45.800269+00:00
ffc_ppr_10team,5036,14983,Tyler Bass,PK,BUF,7,227,168.8,13.5,12.08,17.11,23,4622,"July 29, 2026 to August 5, 2026",2026,10,ppr,0,2026-08-05,2026-08-05T16:13:45.800269+00:00,2026-08-05T16:13:45.800269+00:00
ffc_ppr_10team,6587,17222,Tyler Loop,PK,BAL,13,195,161.1,13.2,11.12,15.12,86,4622,"July 29, 2026 to August 5, 2026",2026,10,ppr,0,2026-08-05,2026-08-05T16:13:45.800269+00:00,2026-08-05T16:13:45.800269+00:00
ffc_ppr_10team,5602,17039,Tyler Shough,QB,NO,8,141,137.2,9.6,9.04,13.12,178,4622,"July 29, 2026 to August 5, 2026",2026,10,ppr,0,2026-08-05,2026-08-05T16:13:45.800269+00:00,2026-08-05T16:13:45.800269+00:00
ffc_ppr_10team,6504,17102,Tyler Warren,TE,IND,13,68,66.8,9.5,4.06,8.05,734,4622,"July 29, 2026 to August 5, 2026",2026,10,ppr,0,2026-08-05,2026-08-05T16:13:45.800269+00:00,2026-08-05T16:13:45.800269+00:00
ffc_ppr_10team,6276,16747,Tyrone Tracy Jr.,RB,NYG,8,169,155.2,17.5,9.01,15.12,159,4622,"July 29, 2026 to August 5, 2026",2026,10,ppr,0,2026-08-05,2026-08-05T16:13:45.800269+00:00,2026-08-05T16:13:45.800269+00:00
ffc_ppr_10team,5588,15757,Wan'Dale Robinson,WR,TEN,9,71,71.1,7.1,5.02,8.06,296,4622,"July 29, 2026 to August 5, 2026",2026,10,ppr,0,2026-08-05,2026-08-05T16:13:45.800269+00:00,2026-08-05T16:13:45.800269+00:00
ffc_ppr_10team,2522,12956,Wil Lutz,PK,DEN,10,240,174.4,16.2,12.06,18.05,20,4622,"July 29, 2026 to August 5, 2026",2026,10,ppr,0,2026-08-05,2026-08-05T16:13:45.800269+00:00,2026-08-05T16:13:45.800269+00:00
ffc_ppr_10team,6296,16681,Will Reichard,PK,MIN,6,210,163.8,20.6,10.07,18.06,52,4622,"July 29, 2026 to August 5, 2026",2026,10,ppr,0,2026-08-05,2026-08-05T16:13:45.800269+00:00,2026-08-05T16:13:45.800269+00:00
ffc_ppr_10team,6529,17053,Woody Marks,RB,HOU,8,149,140.3,16.8,8.11,15.06,139,4622,"July 29, 2026 to August 5, 2026",2026,10,ppr,0,2026-08-05,2026-08-05T16:13:45.800269+00:00,2026-08-05T16:13:45.800269+00:00
ffc_ppr_10team,6172,16620,Xavier Worthy,WR,KC,5,108,104.4,6.5,7.07,10.11,276,4622,"July 29, 2026 to August 5, 2026",2026,10,ppr,0,2026-08-05,2026-08-05T16:13:45.800269+00:00,2026-08-05T16:13:45.800269+00:00
ffc_ppr_10team,5677,16169,Zach Charbonnet,RB,SEA,11,143,138.4,18.3,5.06,15.09,338,4622,"July 29, 2026 to August 5, 2026",2026,10,ppr,0,2026-08-05,2026-08-05T16:13:45.800269+00:00,2026-08-05T16:13:45.800269+00:00
ffc_ppr_10team,6791,17507,Zachariah Branch,WR,ATL,11,239,174.3,2.0,15.05,15.09,9,4622,"July 29, 2026 to August 5, 2026",2026,10,ppr,0,2026-08-05,2026-08-05T16:13:45.800269+00:00,2026-08-05T16:13:45.800269+00:00
ffc_ppr_10team,5675,16190,Zay Flowers,WR,BAL,13,27,26.5,2.9,2.06,3.09,192,4622,"July 29, 2026 to August 5, 2026",2026,10,ppr,0,2026-08-05,2026-08-05T16:13:45.800269+00:00,2026-08-05T16:13:45.800269+00:00
