column,target,n,spearman_rho,p_raw,abs_rho,rank
proj_interceptions,signed_resid,313,-0.4686056956261693,1.7206436116543384e-18,0.4686056956261693,1
proj_attempts,signed_resid,313,-0.44374920326301903,1.560056693591647e-16,0.44374920326301903,2
proj_pass_yards,signed_resid,313,-0.4332952785748014,9.32826759979529e-16,0.4332952785748014,3
proj_pass_tds,signed_resid,313,-0.4170232691211237,1.3383711388757872e-14,0.4170232691211237,4
proj_games,signed_resid,2054,-0.3894106960153328,2.382985150315481e-75,0.3894106960153328,5
proj_points_base,signed_resid,2054,-0.3840632959515325,3.549862614060819e-73,0.3840632959515325,6
proj_points,signed_resid,2054,-0.3834797763469041,6.094024305894016e-73,0.3834797763469041,7
proj_receptions,signed_resid,1741,-0.3806737370682619,3.8273470445303986e-61,0.3806737370682619,8
proj_targets,signed_resid,1741,-0.3715902646255477,3.971330817356237e-58,0.3715902646255477,9
proj_rec_yards,signed_resid,1741,-0.3523855374210778,4.619537785747322e-52,0.3523855374210778,10
proj_apg,signed_resid,313,-0.34944557536001164,2.0283146960628343e-10,0.34944557536001164,11
proj_rec_tds,signed_resid,1741,-0.32627735760723425,1.8238866885723977e-44,0.32627735760723425,12
proj_bonus_points,signed_resid,2054,-0.32329667242840593,3.494463876372733e-51,0.32329667242840593,13
gshare_w,signed_resid,1870,-0.3157369584297454,1.4691646799037476e-44,0.3157369584297454,14
missed_wks_1,signed_resid,2054,0.3122289801718248,1.1083511033738096e-47,0.3122289801718248,15
games_1,signed_resid,2054,-0.3120557976687867,1.253981369608001e-47,0.3120557976687867,16
gshare_1,signed_resid,2054,-0.3120557976687867,1.253981369608001e-47,0.3120557976687867,17
unexp_missed_share_1,signed_resid,2054,0.3010079602977664,2.7852497093183823e-44,0.3010079602977664,18
pts_1,signed_resid,2054,-0.2963941167489827,6.3096251112240185e-43,0.2963941167489827,19
evidence,signed_resid,2054,-0.2854219173545089,8.391340708959056e-40,0.2854219173545089,20
proj_fumbles_lost,signed_resid,2054,-0.26653976941023383,9.563055137590318e-35,0.26653976941023383,21
proj_cpg,signed_resid,524,-0.25860800786277843,1.8762474838414205e-09,0.25860800786277843,22
depth_first_share_1,signed_resid,2054,-0.2569754928282536,2.4631647594815044e-32,0.2569754928282536,23
rec_1,signed_resid,2054,-0.2505361927898449,9.094459275316394e-31,0.2505361927898449,24
tgt_1,signed_resid,2054,-0.24480361186277116,2.0732336361891737e-29,0.24480361186277116,25
late4_share_1,signed_resid,2054,-0.23992686062402557,2.781732834130086e-28,0.23992686062402557,26
recyds_1,signed_resid,2054,-0.2318174310623297,1.836876927251041e-26,0.2318174310623297,27
offroster_share_1,signed_resid,2054,0.22751518714725485,1.590958467137727e-25,0.22751518714725485,28
chronic_missed_share,signed_resid,2054,0.22445551718883133,7.19098089759988e-25,0.22445551718883133,29
proj_tpg,signed_resid,1741,-0.22310558856157317,4.4487797964441406e-21,0.22310558856157317,30
miss1_x_endgap,signed_resid,2054,0.20541427182969832,5.233446461210601e-21,0.20541427182969832,31
rectd_1,signed_resid,2054,-0.20157828293699365,2.834684814596019e-20,0.20157828293699365,32
endgap_share_1,signed_resid,2054,0.19990983074979887,5.84853894318691e-20,0.19990983074979887,33
played_thru_1,signed_resid,2054,-0.19701587842288937,2.0232886157346352e-19,0.19701587842288937,34
ppg_w,signed_resid,1870,-0.19692178754883752,8.386477568844884e-18,0.19692178754883752,35
gshare_max3,signed_resid,2054,-0.19423919623050523,6.537610106383324e-19,0.19423919623050523,36
proj_td_per_att,signed_resid,313,0.186737167138545,0.0009009873614530525,0.186737167138545,37
proj_ypa,signed_resid,313,0.16014082345340047,0.004508565203287514,0.16014082345340047,38
present_1,signed_resid,2054,-0.15096729618681576,6.1003558734842365e-12,0.15096729618681576,39
proj_rush_tds,signed_resid,2054,-0.14443451335986743,4.818007589862277e-11,0.14443451335986743,40
proj_rush_yards,signed_resid,2054,-0.13691521027434056,4.6426703965573e-10,0.13691521027434056,41
proj_carries,signed_resid,2054,-0.1340354860073132,1.0708764286564154e-09,0.1340354860073132,42
rushtd_1,signed_resid,2054,-0.1271894514007709,7.278899013084589e-09,0.1271894514007709,43
carries_1,signed_resid,2054,-0.11682163798597942,1.0995790520769336e-07,0.11682163798597942,44
rushyds_1,signed_resid,2054,-0.09514381891087842,1.5659832305879043e-05,0.09514381891087842,45
age,signed_resid,2054,0.08467542274655797,0.00012196276752994807,0.08467542274655797,46
rostered_absent_share_1,signed_resid,2054,0.08279052300858501,0.00017242918719728983,0.08279052300858501,47
average_pick,signed_resid,564,0.06745452533022307,0.10954864465287045,0.06745452533022307,48
wk1_injury_report_flag,signed_resid,2054,-0.060251288086378245,0.00630519666985973,0.060251288086378245,49
passtd_1,signed_resid,2054,-0.047000841626032366,0.03317085337704126,0.047000841626032366,50
ints_1,signed_resid,2054,-0.04608107415907756,0.036772411989094436,0.04608107415907756,51
att_1,signed_resid,2054,-0.04204823131156515,0.056734106305932404,0.04204823131156515,52
proj_td_per_target,signed_resid,1217,-0.04173647740059383,0.14563137107091198,0.04173647740059383,53
proj_ypc,signed_resid,524,-0.03429744797805426,0.4333569982847254,0.03429744797805426,54
passyds_1,signed_resid,2054,-0.028018840099922622,0.20432688878242303,0.028018840099922622,55
depth_chart_starter_wk1,signed_resid,2054,0.027339728923558616,0.21551471933076582,0.027339728923558616,56
NOISE_CONTROL,signed_resid,2054,-0.01486341265321516,0.5007863536581384,0.01486341265321516,57
miss1_x_resolved,signed_resid,2054,0.012713642814647364,0.5647040675450787,0.012713642814647364,58
proj_ypr,signed_resid,1741,-0.012400159589719148,0.6051222653833526,0.012400159589719148,59
proj_catch_rate,signed_resid,1741,-0.007151294307328374,0.7655662830591361,0.007151294307328374,60
n_train_seasons,signed_resid,2054,-0.0021593118052705223,0.9220888224371377,0.0021593118052705223,61
inj_missed_share_1,signed_resid,2054,0.001808557340068938,0.934713560914454,0.001808557340068938,62
inj_out_wks_1,signed_resid,2054,0.0017860525762926132,0.9355241715358819,0.0017860525762926132,63
