n_universe,n_covered,rho_crowd,rho_b2,rho_b3,top12_pts,rank13_24_pts,season,null_se,null_half_width_95,gap_vs_b3,outside_null_band,poor,strong,baseline,position
79,0,,,,,,2013,,,,False,False,False,market_adp,QB
68,0,,,,,,2014,,,,False,False,False,market_adp,QB
72,0,,,,,,2015,,,,False,False,False,market_adp,QB
76,0,,,,,,2016,,,,False,False,False,market_adp,QB
80,0,,,,,,2017,,,,False,False,False,market_adp,QB
72,19,0.39067497183495997,-0.005263157894736842,0.09473684210526316,280.6716666666667,200.60571428571424,2018,0.19311700405848053,0.37850932795462183,0.2959381297296968,False,False,True,market_adp,QB
79,20,0.1572611430889571,0.12180451127819547,0.15939849624060148,284.53833333333336,270.28000000000003,2019,0.232309782600009,0.4553271738960176,-0.0021373531516443722,False,False,False,market_adp,QB
80,20,0.41654135338345866,0.4917293233082706,0.4917293233082706,313.7833333333333,242.665,2020,0.19506866848960303,0.3823345902396219,-0.07518796992481197,False,False,False,market_adp,QB
82,24,0.6192650722605039,0.5668176314366014,0.4890876326725683,326.0116666666667,171.21333333333334,2021,0.12013823620100256,0.235470942953965,0.1301774395879356,False,False,False,market_adp,QB
82,14,0.3322334243638211,0.45494505494505494,0.3406593406593406,263.5416666666667,204.93,2022,0.24299866146928287,0.4762773764797944,-0.008425916295519531,False,False,False,market_adp,QB
87,24,0.11007180938638823,0.19565217391304346,0.1652173913043478,236.95999999999995,216.91666666666663,2023,0.20223732639005618,0.3963851597245101,-0.055145581917959555,False,False,False,market_adp,QB
91,23,0.30548693796512577,0.24530180149995037,0.32616754146218147,280.37000000000006,224.3909090909091,2024,0.22428380082095728,0.4395962496090763,-0.020680603497055694,False,False,False,market_adp,QB
130,0,,,,,,2013,,,,False,False,False,market_adp,RB
130,0,,,,,,2014,,,,False,False,False,market_adp,RB
125,0,,,,,,2015,,,,False,False,False,market_adp,RB
130,0,,,,,,2016,,,,False,False,False,market_adp,RB
137,0,,,,,,2017,,,,False,False,False,market_adp,RB
135,38,0.5480111623894416,0.3593148590644575,0.4160240645131881,220.18333333333337,142.92499999999998,2018,0.13837124390564753,0.27120763805506914,0.1319870978762535,False,False,False,market_adp,RB
130,45,0.759291012141463,0.5475925573560981,0.5335244984419569,224.42666666666665,196.6916666666667,2019,0.06622655654109041,0.1298040508205372,0.22576651369950607,True,False,True,market_adp,RB
133,56,0.5736166799796691,0.2706698851843164,0.2832267164018069,193.90833333333333,161.53333333333336,2020,0.1073119132461317,0.21033134996241812,0.29038996357786223,True,False,True,market_adp,RB
126,64,0.7114118628366142,0.43294394851006457,0.43451177140643943,219.13833333333332,158.10833333333332,2021,0.06186080847365046,0.1212471846083549,0.27690009143017474,True,False,True,market_adp,RB
137,43,0.41340635502327827,0.2960166826611361,0.42870139753194947,224.59833333333333,129.56666666666666,2022,0.14976904548984252,0.29354732916009135,-0.015295042508671197,False,False,False,market_adp,RB
136,58,0.24453504065642806,0.20756520374624912,0.20623858461306183,158.05833333333337,153.11333333333332,2023,0.1292638393294104,0.2533571250856444,0.038296456043366234,False,False,False,market_adp,RB
122,53,0.47993790797337277,0.48430939402062645,0.49209935260434023,237.24166666666665,161.60999999999999,2024,0.12410133404443643,0.2432386147270954,-0.012161444630967466,False,False,False,market_adp,RB
197,0,,,,,,2013,,,,False,False,False,market_adp,WR
200,0,,,,,,2014,,,,False,False,False,market_adp,WR
199,0,,,,,,2015,,,,False,False,False,market_adp,WR
202,0,,,,,,2016,,,,False,False,False,market_adp,WR
214,0,,,,,,2017,,,,False,False,False,market_adp,WR
201,46,0.6311081380111779,0.5873930505879397,0.6152994683791683,241.57000000000002,142.06833333333333,2018,0.10875688011955159,0.21316348503432112,0.015808669632009664,False,False,False,market_adp,WR
201,53,0.5413339943921042,0.4656639475268808,0.45050204552912304,182.64166666666665,181.79666666666665,2019,0.10632087950633487,0.20838892383241633,0.09083194886298113,False,False,False,market_adp,WR
208,57,0.4064186879309588,0.21412364928083502,0.41014678913033376,191.10833333333335,171.95166666666663,2020,0.1289209503441566,0.25268506267454693,-0.0037281011993749447,False,False,False,market_adp,WR
217,64,0.5226580656036864,0.3123346906402041,0.28867209370538155,188.39999999999998,190.67499999999998,2021,0.09767280658030521,0.1914387008973982,0.2339859718983049,True,False,True,market_adp,WR
213,43,0.49103131421716445,0.5797409586929249,0.5385806860229227,217.08,164.82500000000002,2022,0.12154438593130464,0.23822699642535708,-0.0475493718057583,False,False,False,market_adp,WR
206,67,0.580440115864124,0.597234225811091,0.6899876639818693,198.80666666666664,180.50333333333333,2023,0.08132365477354785,0.15939436335615378,-0.10954754811774525,False,False,False,market_adp,WR
210,61,0.3735933939495747,0.2310105048256084,0.2519614866045354,216.61333333333334,135.78500000000003,2024,0.1259866029634777,0.24693374180841626,0.12163190734503931,False,False,False,market_adp,WR
78,0,,,,,,2013,,,,False,False,False,market_adp,TE
87,0,,,,,,2014,,,,False,False,False,market_adp,TE
84,0,,,,,,2015,,,,False,False,False,market_adp,TE
89,0,,,,,,2016,,,,False,False,False,market_adp,TE
99,0,,,,,,2017,,,,False,False,False,market_adp,TE
99,12,0.6409817185295869,0.5454545454545455,0.5874125874125874,130.14166666666668,,2018,0.25721291233416405,0.5041373081749615,0.05356913111699946,False,False,False,market_adp,TE
100,11,0.5818181818181819,0.5284751751907181,0.6090909090909091,,,2019,0.2737899165736625,0.5366282364843784,-0.027272727272727226,False,False,False,market_adp,TE
94,16,0.07358353721315752,0.3235294117647059,0.15,127.28000000000002,113.375,2020,0.29092721770387675,0.5702173466995984,-0.07641646278684247,False,False,False,market_adp,TE
97,19,0.3543859649122807,-0.12988153948893946,0.49144366293112235,134.10833333333335,97.31428571428572,2021,0.2209165620757074,0.4329964616683865,-0.13705769801884166,False,False,False,market_adp,TE
99,12,0.2027972027972028,0.2027972027972028,0.1258741258741259,131.31666666666666,,2022,0.3245080539347447,0.6360357857120996,0.07692307692307693,False,False,False,market_adp,TE
98,19,0.2614035087719298,0.37911368283258007,0.2580079230388392,125.39166666666667,97.45714285714284,2023,0.2565356721052252,0.5028099173262414,0.0033955857330906225,False,False,False,market_adp,TE
95,17,0.6568026369626159,0.08951565140524574,0.14224404880833572,137.05,71.1,2024,0.11708690732045698,0.22949033834809568,0.5145585881542801,True,False,True,market_adp,TE
79,0,,,,,,2013,,,,False,False,False,expert_ecr,QB
68,0,,,,,,2014,,,,False,False,False,expert_ecr,QB
72,0,,,,,,2015,,,,False,False,False,expert_ecr,QB
76,0,,,,,,2016,,,,False,False,False,expert_ecr,QB
80,0,,,,,,2017,,,,False,False,False,expert_ecr,QB
72,0,,,,,,2018,,,,False,False,False,expert_ecr,QB
79,0,,,,,,2019,,,,False,False,False,expert_ecr,QB
80,0,,,,,,2020,,,,False,False,False,expert_ecr,QB
87,50,0.7966577831295818,0.5795492020185284,0.5716510742861837,331.80333333333334,190.73999999999998,2021,0.06644296817408207,0.13022821762120085,0.22500670884339813,True,False,True,expert_ecr,QB
84,45,0.6715415019762845,0.6458801666979325,0.5503789425607862,262.8233333333334,213.26666666666668,2022,0.10591195257123387,0.20758742703961838,0.12116255941549825,False,False,False,expert_ecr,QB
91,57,0.6855994654518058,0.4534478488786388,0.4676018624891119,254.2416666666667,200.55333333333337,2023,0.0692448059982523,0.13571981975657452,0.21799760296269394,True,False,True,expert_ecr,QB
97,67,0.8339885495806371,0.4103926970448557,0.4659171617091761,290.41,226.88500000000002,2024,0.035807135727064475,0.07018198602504637,0.368071387871461,True,False,True,expert_ecr,QB
130,0,,,,,,2013,,,,False,False,False,expert_ecr,RB
130,0,,,,,,2014,,,,False,False,False,expert_ecr,RB
125,0,,,,,,2015,,,,False,False,False,expert_ecr,RB
130,0,,,,,,2016,,,,False,False,False,expert_ecr,RB
137,0,,,,,,2017,,,,False,False,False,expert_ecr,RB
133,0,,,,,,2018,,,,False,False,False,expert_ecr,RB
127,0,,,,,,2019,,,,False,False,False,expert_ecr,RB
131,0,,,,,,2020,,,,False,False,False,expert_ecr,RB
162,147,0.6755511092065063,0.47281714493600685,0.4586170433468469,220.7216666666667,134.25000000000003,2021,0.054921443495829066,0.10764602925182497,0.2169340658596594,True,False,True,expert_ecr,RB
176,153,0.7918076422348236,0.4740838305336102,0.5193858683649224,228.58166666666662,154.48333333333332,2022,0.034541409715412245,0.067701163042208,0.2724217738699012,True,False,True,expert_ecr,RB
169,138,0.7765788277890692,0.4779687468123944,0.43707802962563574,189.43833333333336,149.50833333333335,2023,0.03299009219078022,0.06466058069392923,0.3395007981634334,True,False,True,expert_ecr,RB
176,158,0.7606115727800528,0.6604298132546292,0.607642293352218,235.61666666666667,199.1933333333333,2024,0.035190685563184054,0.06897374370384074,0.15296927942783478,True,False,True,expert_ecr,RB
197,0,,,,,,2013,,,,False,False,False,expert_ecr,WR
200,0,,,,,,2014,,,,False,False,False,expert_ecr,WR
199,0,,,,,,2015,,,,False,False,False,expert_ecr,WR
202,0,,,,,,2016,,,,False,False,False,expert_ecr,WR
214,0,,,,,,2017,,,,False,False,False,expert_ecr,WR
200,0,,,,,,2018,,,,False,False,False,expert_ecr,WR
201,0,,,,,,2019,,,,False,False,False,expert_ecr,WR
208,0,,,,,,2020,,,,False,False,False,expert_ecr,WR
245,193,0.6932011291509209,0.5566669675101827,0.5039834537526365,188.4,190.66666666666666,2021,0.04370527888955918,0.085662346623536,0.18921767539828438,True,False,True,expert_ecr,WR
232,179,0.7574414465739004,0.5586118320854663,0.5407480336340348,226.48000000000002,147.84166666666667,2022,0.034147471492853125,0.06692904412599213,0.21669341293986566,True,False,True,expert_ecr,WR
228,172,0.7547725345397517,0.47588549356431625,0.49792615448692257,226.55999999999997,189.41166666666663,2023,0.03531731532862322,0.06922193804410151,0.2568463800528291,True,False,True,expert_ecr,WR
245,202,0.7615837185235839,0.5800898136918097,0.54693673879678,210.08,151.01000000000002,2024,0.029773331867675883,0.05835573046064473,0.2146469797268039,True,False,True,expert_ecr,WR
78,0,,,,,,2013,,,,False,False,False,expert_ecr,TE
87,0,,,,,,2014,,,,False,False,False,expert_ecr,TE
84,0,,,,,,2015,,,,False,False,False,expert_ecr,TE
89,0,,,,,,2016,,,,False,False,False,expert_ecr,TE
99,0,,,,,,2017,,,,False,False,False,expert_ecr,TE
98,0,,,,,,2018,,,,False,False,False,expert_ecr,TE
100,0,,,,,,2019,,,,False,False,False,expert_ecr,TE
94,0,,,,,,2020,,,,False,False,False,expert_ecr,TE
112,87,0.6869783937525766,0.5160792292140829,0.564011422298587,134.10833333333335,83.86666666666666,2021,0.06582790714235985,0.1290226979990253,0.1229669714539896,False,False,False,expert_ecr,TE
109,87,0.637896785481578,0.5495115873510382,0.5300640239924559,131.31666666666666,85.83333333333333,2022,0.06807519754177667,0.13342738718188227,0.10783276148912213,False,False,False,expert_ecr,TE
106,75,0.7199317187667565,0.5207081479668312,0.516982079586173,128.84166666666667,87.83333333333333,2023,0.06075442857824454,0.1190786800133593,0.2029496391805835,True,False,True,expert_ecr,TE
109,95,0.6657379627392372,0.5825480066709892,0.5783115315199407,132.82500000000002,89.87833333333333,2024,0.06472075913874524,0.12685268791194068,0.0874264312192965,False,False,False,expert_ecr,TE
