player_id,player_name,position,team,adp_rank,bye_week,as_of_date,consensus_overall_slot,consensus_pos_rank,entry,proj_points,proj_games,v1_pos_rank,v1_overall_key,v1_overall_rank,is_rookie_pinned,v1_projected_points
00-0038542,Bijan Robinson,RB,ATL,2.0,11.0,2026-07-30,2,2.0,veteran,226.97443048639167,13.877339006971749,1,1,1,False,226.97443048639167
00-0039139,Jahmyr Gibbs,RB,DET,1.0,6.0,2026-07-30,1,1.0,veteran,223.94806440984024,13.844903294359977,2,2,2,False,223.94806440984024
00-0038543,Jaxon Smith-Njigba,WR,SEA,5.0,11.0,2026-07-30,5,3.0,veteran,245.09336929216693,15.085494887558262,1,3,3,False,245.09336929216693
00-0039075,Puka Nacua,WR,LAR,4.0,11.0,2026-07-30,4,2.0,veteran,234.09266338398328,13.112326116211959,2,4,4,False,234.09266338398328
00-0036963,Amon-Ra St. Brown,WR,DET,6.0,6.0,2026-07-30,6,4.0,veteran,212.25355765800035,13.785173309094471,3,5,5,False,212.25355765800035
00-0036900,Ja'Marr Chase,WR,CIN,3.0,6.0,2026-07-30,3,1.0,veteran,208.19510620870176,13.306761381681346,4,6,6,False,208.19510620870176
00-0039040,De'Von Achane,RB,MIA,19.0,6.0,2026-07-30,19,9.0,veteran,193.09249379902707,12.91896417785186,3,7,7,False,193.09249379902707
00-0037247,George Pickens,WR,DAL,21.0,14.0,2026-07-30,21,10.0,veteran,182.97051839772024,14.074133262920203,5,8,8,False,182.97051839772024
00-0040122,Ashton Jeanty,RB,LV,12.0,13.0,2026-07-30,12,6.0,veteran,188.9874764003901,13.840501194767082,4,9,9,False,188.9874764003901
00-0039064,Zay Flowers,WR,BAL,29.0,13.0,2026-07-30,29,14.0,veteran,182.10923347502333,14.235563545522098,6,10,10,False,182.10923347502333
00-0036223,Jonathan Taylor,RB,IND,9.0,13.0,2026-07-30,9,4.0,veteran,173.37622664977593,11.828965391542242,5,11,11,False,173.37622664977593
00-0033280,Christian McCaffrey,RB,SF,7.0,8.0,2026-07-30,7,3.0,veteran,172.9473556020265,10.439048600343565,6,12,12,False,172.9473556020265
00-0040124,Tetairoa McMillan,WR,CAR,32.0,5.0,2026-07-30,32,16.0,veteran,165.9382436145395,14.380390251969331,7,13,13,False,165.9382436145395
00-0037840,Kyren Williams,RB,LAR,31.0,11.0,2026-07-30,31,13.0,veteran,168.95250333616005,12.847484609981322,7,14,14,False,168.95250333616005
00-0036322,Justin Jefferson,WR,MIN,10.0,6.0,2026-07-30,10,6.0,veteran,159.08005579163301,13.225560773959032,8,15,15,False,159.08005579163301
00-0037744,Trey McBride,TE,ARI,22.0,14.0,2026-07-30,22,2.0,veteran,170.95627083664743,14.364380093421563,1,16,16,False,170.95627083664743
00-0037248,James Cook III,RB,BUF,11.0,7.0,2026-07-30,11,5.0,veteran,163.4101413886096,12.638551477658815,8,17,17,False,163.4101413886096
00-0037240,Jameson Williams,WR,DET,52.0,6.0,2026-07-30,52,26.0,veteran,157.00146648503988,13.86668460402836,9,18,18,False,157.00146648503988
00-0038120,Breece Hall,RB,NYJ,37.0,13.0,2026-07-30,37,16.0,veteran,154.44132490591414,12.895368264640393,9,19,19,False,154.44132490591414
00-0038597,Chase Brown,RB,CIN,17.0,6.0,2026-07-30,17,8.0,veteran,150.88180756600556,12.64113510593334,10,20,20,False,150.88180756600556
00-0039915,Ladd McConkey,WR,LAC,42.0,7.0,2026-07-30,42,19.0,veteran,147.90161585252613,13.573438342019875,10,21,21,False,147.90161585252613
00-0040663,Harold Fannin Jr.,TE,CLE,79.0,11.0,2026-07-30,79,6.0,veteran,147.67756988846847,14.626551914928442,2,22,22,False,147.67756988846847
00-0040784,Quinshon Judkins,RB,CLE,53.0,11.0,2026-07-30,53,20.0,veteran,140.24532878582747,11.843971752898124,11,23,23,False,140.24532878582747
00-0040734,TreVeyon Henderson,RB,NE,60.0,11.0,2026-07-30,60,24.0,veteran,140.20693889624283,13.26710950632933,12,24,24,False,140.20693889624283
00-0037238,Drake London,WR,ATL,13.0,11.0,2026-07-30,13,7.0,veteran,145.27449050496875,11.565746726887983,11,25,25,False,145.27449050496875
00-0039893,Brian Thomas Jr.,WR,JAC,78.0,7.0,2026-07-30,78,34.0,veteran,144.56263176505493,12.953770521729568,12,26,26,False,144.56263176505493
00-0034857,Josh Allen,QB,BUF,27.0,7.0,2026-07-30,27,1.0,veteran,285.49264392407383,13.453465087496774,1,27,27,False,285.49264392407383
00-0040129,Emeka Egbuka,WR,TB,38.0,10.0,2026-07-30,38,18.0,veteran,143.6909115398654,14.111331346678774,13,28,28,False,143.6909115398654
00-0037239,Chris Olave,WR,NO,26.0,8.0,2026-07-30,26,12.0,veteran,139.99471420606665,12.245482573719991,14,29,29,False,139.99471420606665
00-0036554,Nico Collins,WR,HOU,18.0,8.0,2026-07-30,18,9.0,veteran,139.77665935385355,11.217714783653554,15,30,30,False,139.77665935385355
00-0034844,Saquon Barkley,RB,PHI,14.0,10.0,2026-07-30,14,7.0,veteran,138.87237860961017,10.755335450251753,13,31,31,False,138.87237860961017
00-0036912,DeVonta Smith,WR,PHI,28.0,10.0,2026-07-30,28,13.0,veteran,137.55326131816057,12.673480844115,16,32,32,False,137.55326131816057
00-0041027,Jeremiyah Love,RB,ARI,33.0,14.0,2026-07-30,33,14.0,rookie,50.79067851079546,12.139992120523319,14,33,33,True,
00-0036389,Jalen Hurts,QB,PHI,61.0,10.0,2026-07-30,61,6.0,veteran,262.5415222525995,13.638986941304879,2,34,34,False,262.5415222525995
00-0036997,Javonte Williams,RB,DAL,39.0,14.0,2026-07-30,39,17.0,veteran,133.08728649329373,12.419759933367919,15,35,35,False,133.08728649329373
00-0036358,CeeDee Lamb,WR,DAL,8.0,14.0,2026-07-30,8,5.0,veteran,136.87993439750102,10.669235436998939,17,36,36,False,136.87993439750102
00-0038134,Kenneth Walker III,RB,KC,24.0,5.0,2026-07-30,24,12.0,veteran,132.74497220574895,12.612038632283218,16,37,37,False,132.74497220574895
00-0035676,A.J. Brown,WR,NE,15.0,11.0,2026-07-30,15,8.0,veteran,132.05210066617664,10.772013289832438,18,38,38,False,132.05210066617664
00-0036973,Travis Etienne Jr.,RB,NO,47.0,8.0,2026-07-30,47,18.0,veteran,132.71150107232305,12.233956148055286,17,39,39,False,132.71150107232305
00-0039338,Brock Bowers,TE,LV,16.0,13.0,2026-07-30,16,1.0,veteran,140.72331917045565,12.36231125296638,3,40,40,False,140.72331917045565
00-0039851,Drake Maye,QB,NE,41.0,11.0,2026-07-30,41,3.0,veteran,261.76971715336657,13.825712089612026,3,41,41,False,261.76971715336657
00-0038117,Wan'Dale Robinson,WR,TEN,100.0,9.0,2026-07-30,100,43.0,veteran,130.26907566324704,13.659224264133094,19,42,42,False,130.26907566324704
00-0038994,Jordan Addison,WR,MIN,106.0,6.0,2026-07-30,106,45.0,veteran,127.27612647377316,12.747699719815024,20,43,43,False,127.27612647377316
00-0038559,Michael Wilson,WR,ARI,92.0,14.0,2026-07-30,92,39.0,veteran,119.94646921119197,13.542403965406459,21,44,44,False,119.94646921119197
00-0037664,Alec Pierce,WR,IND,75.0,13.0,2026-07-30,75,32.0,veteran,118.66470136709763,12.652292622884874,22,45,45,False,118.66470136709763
00-0039918,Caleb Williams,QB,CHI,67.0,10.0,2026-07-30,67,7.0,veteran,250.30919558839295,14.314525682312588,4,46,46,False,250.30919558839295
00-0035700,Josh Jacobs,RB,GB,35.0,11.0,2026-07-30,35,15.0,veteran,127.4941059620078,10.721159280251198,18,47,47,False,127.4941059620078
00-0034827,DJ Moore,WR,BUF,62.0,7.0,2026-07-30,62,28.0,veteran,118.46849973880454,12.6781047721071,23,48,48,False,118.46849973880454
00-0036275,D'Andre Swift,RB,CHI,56.0,10.0,2026-07-30,56,21.0,veteran,127.27209824879284,11.822738216694049,19,49,49,False,127.27209824879284
00-0036613,Jaylen Waddle,WR,DEN,44.0,10.0,2026-07-30,44,21.0,veteran,115.4256658968187,12.140974464458063,24,50,50,False,115.4256658968187
00-0038606,Parker Washington,WR,JAC,83.0,7.0,2026-07-30,83,35.0,veteran,115.37058865855049,13.335309725413705,25,51,51,False,115.37058865855049
00-0036410,Tee Higgins,WR,CIN,30.0,6.0,2026-07-30,30,15.0,veteran,114.8415664332005,10.875374298801095,26,52,52,False,114.8415664332005
00-0032764,Derrick Henry,RB,BAL,23.0,13.0,2026-07-30,23,11.0,veteran,125.36520981425407,10.283103413023737,20,53,53,False,125.36520981425407
00-0034855,Baker Mayfield,QB,TB,120.0,10.0,2026-07-30,120,18.0,veteran,241.40164944127378,14.07502956429269,5,54,54,False,241.40164944127378
00-0039868,Troy Franklin,WR,DEN,186.0,10.0,2026-07-30,181,71.0,veteran,114.1354712843957,14.98403123557943,27,55,55,False,114.1354712843957
00-0040730,RJ Harvey,RB,DEN,89.0,10.0,2026-07-30,89,32.0,veteran,122.23474049346697,12.416458735456631,21,56,56,False,122.23474049346697
00-0039361,Bucky Irving,RB,TB,57.0,10.0,2026-07-30,57,22.0,veteran,120.11261444305453,10.048723439185013,22,57,57,False,120.11261444305453
00-0040128,Tyler Warren,TE,IND,58.0,13.0,2026-07-30,58,4.0,veteran,135.84747693528243,13.953807826646948,4,58,58,False,135.84747693528243
00-0036139,Rico Dowdle,RB,PIT,85.0,9.0,2026-07-30,85,31.0,veteran,114.15136811082881,11.997518636668104,23,59,59,False,114.15136811082881
00-0040236,Kyle Monangai,RB,CHI,93.0,10.0,2026-07-30,93,34.0,veteran,113.22813737834836,13.07594483926593,24,60,60,False,113.22813737834836
00-0036971,Trevor Lawrence,QB,JAC,73.0,7.0,2026-07-30,73,9.0,veteran,239.7837785840187,13.73838780611179,6,61,61,False,239.7837785840187
00-0038997,Josh Downs,WR,IND,107.0,13.0,2026-07-30,107,46.0,veteran,113.93715273508474,13.631647859948123,28,62,62,False,113.93715273508474
00-0034348,Courtland Sutton,WR,DEN,84.0,10.0,2026-07-30,84,36.0,veteran,113.75937715733235,11.759099570161963,29,63,63,False,113.75937715733235
00-0035261,Tony Pollard,RB,TEN,72.0,9.0,2026-07-30,72,28.0,veteran,112.27955728579612,11.552632518292551,25,64,64,False,112.27955728579612
00-0040126,Colston Loveland,TE,CHI,40.0,10.0,2026-07-30,40,3.0,veteran,131.75550251542745,14.433783739048973,5,65,65,False,131.75550251542745
00-0041512,Jadarian Price,RB,SEA,66.0,11.0,2026-07-30,66,26.0,rookie,50.79067851079546,12.139992120523319,26,66,66,True,
00-0039732,Bo Nix,QB,DEN,99.0,10.0,2026-07-30,99,14.0,veteran,239.63802746651425,14.043609185993505,7,67,67,False,239.63802746651425
00-0036355,Justin Herbert,QB,LAC,68.0,7.0,2026-07-30,68,8.0,veteran,235.88228054339683,13.59217278365193,8,68,68,False,235.88228054339683
00-0039165,Zach Charbonnet,RB,SEA,140.0,11.0,2026-07-30,140,49.0,veteran,111.65501529931974,12.75889077866809,27,69,69,False,111.65501529931974
00-0041438,Carnell Tate,WR,TEN,70.0,9.0,2026-07-30,70,30.0,rookie,6.041178116187195,4.2342677834979074,30,70,70,True,
00-0038544,Quentin Johnston,WR,LAC,95.0,7.0,2026-07-30,95,41.0,veteran,113.48945501038801,11.91039033341432,31,71,71,False,113.48945501038801
00-0037228,Jaylen Warren,RB,PIT,69.0,9.0,2026-07-30,69,27.0,veteran,108.43787765530732,11.573702865140113,28,72,72,False,108.43787765530732
00-0033106,Jared Goff,QB,DET,111.0,6.0,2026-07-30,111,16.0,veteran,235.68131249837685,14.001066049328934,9,73,73,False,235.68131249837685
00-0039384,Tyrone Tracy Jr.,RB,NYG,127.0,8.0,2026-07-30,127,42.0,veteran,107.1849726134125,11.367603214862383,29,74,74,False,107.1849726134125
00-0036252,Michael Pittman Jr.,WR,PIT,94.0,9.0,2026-07-30,94,40.0,veteran,112.00371045406418,12.624328048619471,32,75,75,False,112.00371045406418
00-0034796,Lamar Jackson,QB,BAL,34.0,13.0,2026-07-30,34,2.0,veteran,232.22779632155115,11.771943321508818,10,76,76,False,232.22779632155115
00-0040735,Luther Burden III,WR,CHI,50.0,10.0,2026-07-30,50,24.0,veteran,111.78363740512252,13.069313378215272,33,77,77,False,111.78363740512252
00-0037261,Khalil Shakir,WR,BUF,128.0,7.0,2026-07-30,128,51.0,veteran,111.66613087424147,12.902443363979256,34,78,78,False,111.66613087424147
00-0036970,Kyle Pitts Sr.,TE,ATL,82.0,11.0,2026-07-30,82,8.0,veteran,126.17931115319033,14.98108202902806,6,79,79,False,126.17931115319033
00-0037256,Rachaad White,RB,WAS,109.0,7.0,2026-07-30,109,37.0,veteran,106.97555993066985,12.216376341185793,30,80,80,False,106.97555993066985
00-0040189,Oronde Gadsden II,TE,LAC,152.0,7.0,2026-07-30,152,19.0,veteran,104.31347158865768,13.156868374008814,7,81,81,False,104.31347158865768
00-0039793,AJ Barner,TE,SEA,172.0,11.0,2026-07-30,170,23.0,veteran,103.77522790087336,14.951911816354006,8,82,82,False,103.77522790087336
00-0037816,Romeo Doubs,WR,NE,129.0,11.0,2026-07-30,129,52.0,veteran,111.0890535396379,12.784077052763205,35,83,83,False,111.0890535396379
00-0039894,Xavier Worthy,WR,KC,121.0,5.0,2026-07-30,121,49.0,veteran,110.8887771749795,13.027544209162096,36,84,84,False,110.8887771749795
00-0040583,Woody Marks,RB,HOU,135.0,8.0,2026-07-30,135,45.0,veteran,105.62921797141493,11.718023648856123,31,85,85,False,105.62921797141493
00-0038563,Tre Tucker,WR,LV,159.0,13.0,2026-07-30,159,60.0,veteran,110.00248297970705,14.266520193900186,37,86,86,False,110.00248297970705
00-0041029,Jordyn Tyson,WR,NO,87.0,8.0,2026-07-30,87,38.0,rookie,6.041178116187195,4.2342677834979074,38,87,87,True,
00-0026498,Matthew Stafford,QB,LAR,104.0,11.0,2026-07-30,104,15.0,veteran,224.50426616937207,12.740107923554223,11,88,88,False,224.50426616937207
00-0036555,Chuba Hubbard,RB,CAR,80.0,5.0,2026-07-30,80,30.0,veteran,104.1048160333756,11.307557795502,32,89,89,False,104.1048160333756
00-0040666,Omarion Hampton,RB,LAC,20.0,7.0,2026-07-30,20,10.0,veteran,100.21253414762536,8.275657136059674,33,90,90,False,100.21253414762536
00-0033873,Patrick Mahomes II,QB,KC,97.0,5.0,2026-07-30,97,13.0,veteran,212.68540374254098,12.019531427279738,12,91,91,False,212.68540374254098
00-0039849,Marvin Harrison Jr.,WR,ARI,71.0,14.0,2026-07-30,71,31.0,veteran,107.73212172552905,11.584177125492358,39,92,92,False,107.73212172552905
00-0035685,David Montgomery,RB,HOU,59.0,8.0,2026-07-30,59,23.0,veteran,96.63481856754557,11.255069131978468,34,93,93,False,96.63481856754557
00-0035640,DK Metcalf,WR,PIT,77.0,9.0,2026-07-30,77,33.0,veteran,107.10943691093375,11.20855530549456,40,94,94,False,107.10943691093375
00-0035719,Deebo Samuel Sr.,WR,FA,203.0,,2026-07-30,188,77.0,veteran,104.68248234139872,10.936338302563636,41,95,95,False,104.68248234139872
00-0040242,Jacory Croskey-Merritt,RB,WAS,117.0,7.0,2026-07-30,117,40.0,veteran,96.40707689403364,12.505789947359276,35,96,96,False,96.40707689403364
00-0034869,Sam Darnold,QB,SEA,143.0,11.0,2026-07-30,143,23.0,veteran,208.41019460196793,13.940003876411414,13,97,97,False,208.41019460196793
00-0040867,Makai Lemon,WR,PHI,98.0,10.0,2026-07-30,98,42.0,rookie,6.041178116187195,4.2342677834979074,42,98,98,True,
00-0039163,C.J. Stroud,QB,HOU,141.0,8.0,2026-07-30,141,22.0,veteran,207.72546754035733,13.034902699357977,14,99,99,False,207.72546754035733
00-0039919,Rome Odunze,WR,CHI,63.0,10.0,2026-07-30,63,29.0,veteran,102.76298328963412,11.478895609862533,43,100,100,False,102.76298328963412
00-0034960,Jakobi Meyers,WR,JAC,101.0,7.0,2026-07-30,101,44.0,veteran,101.36492946754286,11.377798667411302,44,101,101,False,101.36492946754286
00-0040162,Dylan Sampson,RB,CLE,142.0,11.0,2026-07-30,142,50.0,veteran,95.48220602304691,12.957128729900871,36,102,102,False,95.48220602304691
00-0038041,Jake Ferguson,TE,DAL,115.0,14.0,2026-07-30,115,12.0,veteran,98.68288146902354,13.667628888992573,9,103,103,False,98.68288146902354
00-0036264,Jordan Love,QB,GB,122.0,11.0,2026-07-30,122,19.0,veteran,207.47044240435457,13.042946134991004,15,104,104,False,207.47044240435457
00-0036040,Juwan Johnson,TE,NO,145.0,8.0,2026-07-30,145,17.0,veteran,90.0514074983823,12.44762693124301,10,105,105,False,90.0514074983823
00-0040130,Jayden Higgins,WR,HOU,124.0,8.0,2026-07-30,124,50.0,veteran,100.72388321126685,14.207209595717625,45,106,106,False,100.72388321126685
00-0036407,Jerry Jeudy,WR,CLE,155.0,11.0,2026-07-30,155,58.0,veteran,100.0741859296116,13.53736513141964,46,107,107,False,100.0741859296116
00-0039337,Malik Nabers,WR,NYG,43.0,8.0,2026-07-30,43,20.0,veteran,96.41205101308486,7.459057206029399,47,108,108,False,96.41205101308486
00-0036919,Kenny Gainwell,RB,TB,102.0,10.0,2026-07-30,102,36.0,veteran,93.84156825455618,12.442822575815866,37,109,109,False,93.84156825455618
00-0036875,Rhamondre Stevenson,RB,NE,74.0,11.0,2026-07-30,74,29.0,veteran,89.42575774478819,9.911939730991133,38,110,110,False,89.42575774478819
00-0033077,Dak Prescott,QB,DAL,76.0,14.0,2026-07-30,76,10.0,veteran,206.20368355341358,12.68606780481843,16,111,111,False,206.20368355341358
00-0034753,Mark Andrews,TE,BAL,125.0,13.0,2026-07-30,125,14.0,veteran,89.97725061410014,12.161006139346277,11,112,112,False,89.97725061410014
00-0040170,Elic Ayomanor,WR,TEN,246.0,9.0,2026-07-30,215,88.0,veteran,95.83014606559097,13.618283173605175,48,113,113,False,95.83014606559097
00-0039150,Bryce Young,QB,CAR,160.0,5.0,2026-07-30,160,26.0,veteran,206.09381951947447,13.873881555172916,17,114,114,False,206.09381951947447
00-0030506,Travis Kelce,TE,KC,103.0,5.0,2026-07-30,103,9.0,veteran,88.55147379543345,10.633736882744044,12,115,115,False,88.55147379543345
00-0039032,Tyjae Spears,RB,TEN,139.0,9.0,2026-07-30,139,48.0,veteran,84.86033711917409,10.891442740538023,39,116,116,False,84.86033711917409
00-0037263,Tyler Allgeier,RB,ARI,132.0,14.0,2026-07-30,132,44.0,veteran,83.90483422755874,13.004091536345426,40,117,117,False,83.90483422755874
00-0040715,Cam Skattebo,RB,NYG,49.0,8.0,2026-07-30,49,19.0,veteran,81.71504976935789,7.06623941635823,41,118,118,False,81.71504976935789
00-0039065,Sam LaPorta,TE,DET,81.0,6.0,2026-07-30,81,7.0,veteran,88.29167583073661,10.016727908482107,13,119,119,False,88.29167583073661
00-0040691,Jaxson Dart,QB,NYG,88.0,8.0,2026-07-30,88,11.0,veteran,188.72984525821323,10.818690154603413,18,120,120,False,188.72984525821323
00-0031588,Stefon Diggs,WR,FA,182.0,,2026-07-30,177,68.0,veteran,95.77932905118894,10.160662190402793,49,121,121,False,95.77932905118894
00-0023459,Aaron Rodgers,QB,PIT,235.0,9.0,2026-07-30,207,29.0,veteran,179.74999406337815,11.059474066734158,19,122,122,False,179.74999406337815
00-0030565,Geno Smith,QB,NYJ,222.0,13.0,2026-07-30,200,28.0,veteran,170.17801934258145,12.007242824528095,20,123,123,False,170.17801934258145
00-0038608,Kayshon Boutte,WR,NE,177.0,11.0,2026-07-30,173,67.0,veteran,94.92849379885352,12.155046474583258,50,124,124,False,94.92849379885352
00-0037809,Chig Okonkwo,TE,WAS,153.0,7.0,2026-07-30,153,20.0,veteran,87.33464461009935,14.255867579212495,14,125,125,False,87.33464461009935
00-0034383,Dalton Schultz,TE,HOU,164.0,8.0,2026-07-30,164,21.0,veteran,87.01434598774486,12.776082196427984,15,126,126,False,87.01434598774486
00-0040078,Brashard Smith,RB,KC,301.0,5.0,2026-07-30,266,89.0,veteran,76.33177076900635,13.506614221013503,42,127,127,False,76.33177076900635
00-0040705,Chimere Dike,WR,TEN,237.0,9.0,2026-07-30,209,85.0,veteran,91.20822843142916,13.650070059997402,51,128,128,False,91.20822843142916
00-0037545,Rashid Shaheed,WR,SEA,146.0,11.0,2026-07-30,146,56.0,veteran,90.90932921557533,12.5176881319676,52,129,129,False,90.90932921557533
00-0037746,Brian Robinson Jr.,RB,ATL,149.0,11.0,2026-07-30,149,52.0,veteran,75.58181151403231,12.105485599232551,43,130,130,False,75.58181151403231
00-0038621,DeMario Douglas,WR,NE,341.0,11.0,2026-07-30,301,123.0,veteran,89.89510379223236,13.34631968798986,53,131,131,False,89.89510379223236
00-0036158,J.K. Dobbins,RB,DEN,90.0,10.0,2026-07-30,90,33.0,veteran,75.0367473731491,7.626999800920058,44,132,132,False,75.0367473731491
00-0041547,KC Concepcion,WR,CLE,133.0,11.0,2026-07-30,133,54.0,rookie,6.041178116187195,4.2342677834979074,54,133,133,True,
00-0040676,Cam Ward,QB,TEN,150.0,9.0,2026-07-30,150,24.0,veteran,167.109163863372,12.852403923800527,21,134,134,False,167.109163863372
00-0037525,Jordan Mason,RB,MIN,118.0,6.0,2026-07-30,118,41.0,veteran,74.72671186838994,11.503327396942096,45,135,135,False,74.72671186838994
00-0031381,Davante Adams,WR,LAR,48.0,11.0,2026-07-30,48,23.0,veteran,89.65002123184779,8.462125313797873,55,136,136,False,89.65002123184779
00-0033906,Alvin Kamara,RB,NO,138.0,8.0,2026-07-30,138,47.0,veteran,74.3732683122317,7.1274691285198895,46,137,137,False,74.3732683122317
00-0039391,Kimani Vidal,RB,LAC,181.0,7.0,2026-07-30,176,58.0,veteran,73.99388107538691,10.189268094113862,47,138,138,False,73.99388107538691
00-0040719,Bhayshul Tuten,RB,JAC,64.0,7.0,2026-07-30,64,25.0,veteran,73.80157770399099,12.12927134327706,48,139,139,False,73.80157770399099
00-0039738,Blake Corum,RB,LAR,96.0,11.0,2026-07-30,96,35.0,veteran,73.06296728050589,12.748564472723302,49,140,140,False,73.06296728050589
00-0037834,Brock Purdy,QB,SF,91.0,8.0,2026-07-30,91,12.0,veteran,162.24387701550324,9.51173044317474,22,141,141,False,162.24387701550324
00-0033923,Kareem Hunt,RB,FA,323.0,,2026-07-30,284,100.0,veteran,73.01512628338652,10.4349309920684,50,142,142,False,73.01512628338652
00-0036212,Tua Tagovailoa,QB,ATL,258.0,11.0,2026-07-30,227,31.0,veteran,159.41888394745638,11.74220657087943,23,143,143,False,159.41888394745638
00-0033090,Hunter Henry,TE,NE,147.0,11.0,2026-07-30,147,18.0,veteran,86.8239004592227,11.896091046493598,16,144,144,False,86.8239004592227
00-0039847,Theo Johnson,TE,NYG,287.0,8.0,2026-07-30,252,36.0,veteran,81.58894888810258,12.340151646143486,17,145,145,False,81.58894888810258
00-0036259,Jauan Jennings,WR,MIN,154.0,6.0,2026-07-30,154,57.0,veteran,89.14823720336919,10.748745338947447,56,146,146,False,89.14823720336919
00-0038129,Cade Otton,TE,TB,225.0,10.0,2026-07-30,201,28.0,veteran,81.58397261075173,12.474916373290853,18,147,147,False,81.58397261075173
00-0040198,Ollie Gordon II,RB,MIA,244.0,6.0,2026-07-30,213,68.0,veteran,72.72125673674671,13.903626473009382,51,148,148,False,72.72125673674671
00-0033293,Aaron Jones Sr.,RB,MIN,110.0,6.0,2026-07-30,110,38.0,veteran,69.3551458583372,7.689317628678512,52,149,149,False,69.3551458583372
00-0035710,Daniel Jones,QB,IND,158.0,13.0,2026-07-30,158,25.0,veteran,148.711101742294,10.048786412006187,24,150,150,False,148.711101742294
00-0037197,Isiah Pacheco,RB,DET,137.0,6.0,2026-07-30,137,46.0,veteran,68.45245515047425,9.231841893688914,53,151,151,False,68.45245515047425
00-0036894,Pat Freiermuth,TE,PIT,219.0,9.0,2026-07-30,199,27.0,veteran,79.9286773637618,12.276189533129122,19,152,152,False,79.9286773637618
00-0040736,Mason Taylor,TE,NYJ,286.0,13.0,2026-07-30,251,35.0,veteran,78.31082915999274,12.251620816873325,20,153,153,False,78.31082915999274
00-0038976,Marvin Mims Jr.,WR,DEN,280.0,10.0,2026-07-30,247,100.0,veteran,87.36022383697717,13.747989124773829,57,154,154,False,87.36022383697717
00-0037740,Garrett Wilson,WR,NYJ,36.0,13.0,2026-07-30,36,17.0,veteran,87.12810192324548,8.604643330037627,58,155,155,False,87.12810192324548
00-0041496,Jonah Coleman,RB,DEN,156.0,10.0,2026-07-30,156,54.0,rookie,50.79067851079546,12.139992120523319,54,156,156,True,
00-0039901,Keon Coleman,WR,BUF,239.0,7.0,2026-07-30,211,86.0,veteran,86.20223992535017,11.018141102356436,59,157,157,False,86.20223992535017
00-0039910,Jayden Daniels,QB,WAS,54.0,7.0,2026-07-30,54,5.0,veteran,145.99559676833658,8.084627695237149,25,158,158,False,145.99559676833658
00-0030279,Keenan Allen,WR,LAC,289.0,7.0,2026-07-30,254,103.0,veteran,81.64579174444675,10.049870904847047,60,159,159,False,81.64579174444675
00-0036442,Joe Burrow,QB,CIN,46.0,6.0,2026-07-30,46,4.0,veteran,133.07283438045303,8.384212848894489,26,160,160,False,133.07283438045303
00-0041037,Denzel Boston,WR,CLE,161.0,11.0,2026-07-30,161,61.0,rookie,6.041178116187195,4.2342677834979074,61,161,161,True,
00-0039880,Malik Washington,WR,MIA,205.0,6.0,2026-07-30,190,78.0,veteran,76.13921835517996,13.477216667432014,62,162,162,False,76.13921835517996
00-0041511,Omar Cooper Jr.,WR,NYJ,163.0,13.0,2026-07-30,163,63.0,rookie,6.041178116187195,4.2342677834979074,63,163,163,True,
00-0038996,Tucker Kraft,TE,GB,65.0,11.0,2026-07-30,65,5.0,veteran,78.09195044108813,9.260857033649891,21,164,164,False,78.09195044108813
00-0035250,Devin Singletary,RB,NYG,290.0,8.0,2026-07-30,255,84.0,veteran,66.69522790549802,11.606124166463577,55,165,165,False,66.69522790549802
00-0040718,Travis Hunter,WR,JAC,167.0,7.0,2026-07-30,166,64.0,rookie,209.07530334596558,15.478433907881634,64,166,166,True,
00-0039890,Adonai Mitchell,WR,NYJ,157.0,13.0,2026-07-30,157,59.0,veteran,75.86076259145541,14.302243337504954,65,167,167,False,75.86076259145541
00-0035659,Terry McLaurin,WR,WAS,45.0,7.0,2026-07-30,45,22.0,veteran,75.10063062096401,7.791640692252798,66,168,168,False,75.10063062096401
00-0034351,Dallas Goedert,TE,PHI,119.0,10.0,2026-07-30,119,13.0,veteran,77.36273282251798,9.897190943190292,22,169,169,False,77.36273282251798
00-0038933,Dalton Kincaid,TE,BUF,112.0,7.0,2026-07-30,112,11.0,veteran,76.97308208645796,10.59392030774106,23,170,170,False,76.97308208645796
00-0038951,Sean Tucker,RB,TB,178.0,10.0,2026-07-30,174,57.0,veteran,66.51289210650529,13.38144574792297,56,171,171,False,66.51289210650529
00-0041032,Kenyon Sadiq,TE,NYJ,175.0,13.0,2026-07-30,172,24.0,rookie,2.383306670247012,3.737647230976585,24,172,172,True,
00-0039342,Xavier Legette,WR,CAR,285.0,5.0,2026-07-30,250,101.0,veteran,74.48280708529686,12.261679999388315,67,173,173,False,74.48280708529686
00-0038797,Emanuel Wilson,RB,SEA,183.0,11.0,2026-07-30,178,59.0,veteran,63.860960340283526,12.19974034905072,57,174,174,False,63.860960340283526
00-0036945,Justin Fields,QB,KC,357.0,5.0,2026-07-30,316,40.0,veteran,127.6012643262725,8.244540973140843,27,175,175,False,127.6012643262725
00-0037267,Jerome Ford,RB,WAS,295.0,7.0,2026-07-30,260,85.0,veteran,63.168772708656434,10.24886793494501,58,176,176,False,63.168772708656434
00-0038393,Dontayvion Wicks,WR,PHI,208.0,10.0,2026-07-30,191,79.0,veteran,72.93665547441353,12.00173777613011,68,177,177,False,72.93665547441353
00-0038555,Tank Bigsby,RB,PHI,151.0,10.0,2026-07-30,151,53.0,veteran,62.63391583828651,12.269801233011329,59,178,178,False,62.63391583828651
00-0040667,Matthew Golden,WR,GB,136.0,11.0,2026-07-30,136,55.0,veteran,72.35125808784005,12.001773967905788,69,179,179,False,72.35125808784005
00-0039067,Rashee Rice,WR,KC,25.0,5.0,2026-07-30,25,11.0,veteran,72.1737260730298,6.503972501859939,70,180,180,False,72.1737260730298
00-0039146,Jayden Reed,WR,GB,113.0,11.0,2026-07-30,113,48.0,veteran,72.05230251918825,7.5754016571111755,71,181,181,False,72.05230251918825
00-0037157,Bam Knight,RB,ARI,331.0,14.0,2026-07-30,292,101.0,veteran,61.17230777995975,9.19746804745077,60,182,182,False,61.17230777995975
00-0041035,De'Zhaun Stribling,WR,SF,189.0,8.0,2026-07-30,183,72.0,rookie,6.041178116187195,4.2342677834979074,72,183,183,True,
00-0040237,Tez Johnson,WR,TB,333.0,10.0,2026-07-30,294,118.0,veteran,70.91026752773179,12.173503385676408,73,184,184,False,70.91026752773179
00-0040782,Isaiah Bond,WR,CLE,309.0,11.0,2026-07-30,273,108.0,veteran,67.9212652677654,13.221257824055808,74,185,185,False,67.9212652677654
00-0038124,Christian Watson,WR,GB,55.0,11.0,2026-07-30,55,27.0,veteran,67.23009038055446,7.906778464573157,75,186,186,False,67.23009038055446
00-0037291,Jalen Nailor,WR,LV,196.0,13.0,2026-07-30,186,75.0,veteran,66.7366720314401,12.614402334413322,76,187,187,False,66.7366720314401
00-0036309,Darnell Mooney,WR,NYG,198.0,8.0,2026-07-30,187,76.0,veteran,65.32990363718206,11.159372653505502,77,188,188,False,65.32990363718206
00-0041013,Emmett Johnson,RB,KC,204.0,5.0,2026-07-30,189,61.0,rookie,50.79067851079546,12.139992120523319,61,189,189,True,
00-0040138,Jaylin Noel,WR,HOU,185.0,8.0,2026-07-30,180,70.0,veteran,65.2497089939218,14.049798989275779,78,190,190,False,65.2497089939218
00-0033908,Cooper Kupp,WR,SEA,233.0,11.0,2026-07-30,206,83.0,veteran,63.363127761150146,9.210943991831288,79,191,191,False,63.363127761150146
00-0033288,George Kittle,TE,SF,105.0,8.0,2026-07-30,105,10.0,veteran,76.93674330672012,7.722855392370978,25,192,192,False,76.93674330672012
00-0040886,Nicholas Singleton,RB,TEN,212.0,9.0,2026-07-30,193,62.0,rookie,50.79067851079546,12.139992120523319,62,193,193,True,
00-0039491,Jalen Coker,WR,CAR,131.0,5.0,2026-07-30,131,53.0,veteran,63.23189587570369,9.032442011117586,80,194,194,False,63.23189587570369
00-0040584,Gunnar Helm,TE,TEN,214.0,9.0,2026-07-30,195,26.0,veteran,75.7096344347873,13.387822875826753,26,195,195,False,75.7096344347873
WAS569019,Mike Washington Jr.,RB,LV,216.0,13.0,2026-07-30,196,63.0,rookie,36.56440978863753,11.067375718174436,63,196,196,True,
00-0039798,Isaiah Davis,RB,NYJ,256.0,13.0,2026-07-30,225,71.0,veteran,59.909653049080525,12.570562865295816,64,197,197,False,59.909653049080525
00-0036924,Michael Carter,RB,TEN,352.0,9.0,2026-07-30,312,103.0,veteran,59.75954577158017,9.29221207402706,65,198,198,False,59.75954577158017
00-0033858,Jonnu Smith,TE,FA,394.0,,2026-07-30,349,56.0,veteran,74.33784341541042,12.557259881472948,27,199,199,False,74.33784341541042
00-0033119,Jacoby Brissett,QB,ARI,179.0,14.0,2026-07-30,175,27.0,veteran,127.33704011068141,9.571109966845611,28,200,200,False,127.33704011068141
00-0036290,Cole Kmet,TE,CHI,343.0,10.0,2026-07-30,303,43.0,veteran,71.72053559263726,13.274715760183321,28,201,201,False,71.72053559263726
00-0041048,Ted Hurst III,WR,TB,226.0,10.0,2026-07-30,202,81.0,rookie,6.041178116187195,4.2342677834979074,81,202,202,True,
00-0041040,Antonio Williams,WR,WAS,227.0,7.0,2026-07-30,203,82.0,rookie,6.041178116187195,4.2342677834979074,82,203,203,True,
00-0035229,T.J. Hockenson,TE,MIN,170.0,6.0,2026-07-30,169,22.0,veteran,69.24936206532779,10.982719379596851,29,204,204,False,69.24936206532779
00-0041096,Kaytron Allen,RB,WAS,232.0,7.0,2026-07-30,205,66.0,rookie,38.36942474451866,11.21192432982329,66,205,205,True,
00-0038619,Andrei Iosivas,WR,CIN,322.0,6.0,2026-07-30,283,111.0,veteran,62.906097370235,12.098185587336058,83,206,206,False,62.906097370235
00-0035228,Kyler Murray,QB,MIN,114.0,6.0,2026-07-30,114,17.0,veteran,109.91572767364033,6.779939470991909,29,207,207,False,109.91572767364033
00-0036550,Rashod Bateman,WR,BAL,213.0,13.0,2026-07-30,194,80.0,veteran,62.676292767792255,10.978615205443687,84,208,208,False,62.676292767792255
00-0035662,Hollywood Brown,WR,PHI,292.0,10.0,2026-07-30,257,104.0,veteran,62.16302588934095,10.442853569047015,85,209,209,False,62.16302588934095
00-0039875,Ray Davis,RB,BUF,188.0,7.0,2026-07-30,182,60.0,veteran,58.3199061271531,12.477185410740228,67,210,210,False,58.3199061271531
00-0037837,Calvin Austin III,WR,NYG,329.0,8.0,2026-07-30,290,115.0,veteran,60.5181969729415,11.570149368377987,86,211,211,False,60.5181969729415
00-0041044,Zachariah Branch,WR,ATL,243.0,11.0,2026-07-30,212,87.0,rookie,6.041178116187195,4.2342677834979074,87,212,212,True,
00-0040238,LeQuint Allen Jr.,RB,JAC,283.0,7.0,2026-07-30,249,83.0,veteran,58.07704110014906,13.548061967153371,68,213,213,False,58.07704110014906
00-0038935,Brenton Strange,TE,JAC,144.0,7.0,2026-07-30,144,16.0,veteran,66.10690782003991,10.812132037002137,30,214,214,False,66.10690782003991
00-0040727,Tre' Harris,WR,LAC,169.0,7.0,2026-07-30,168,66.0,veteran,59.83672172414711,12.909050904694695,88,215,215,False,59.83672172414711
00-0040134,Pat Bryant,WR,DEN,195.0,10.0,2026-07-30,185,74.0,veteran,59.77362767217654,10.779630896552028,89,216,216,False,59.77362767217654
00-0035535,Darius Slayton,WR,NYG,275.0,8.0,2026-07-30,242,97.0,veteran,57.48605082818731,10.448937322970098,90,217,217,False,57.48605082818731
00-0041489,Germie Bernard,WR,PIT,249.0,9.0,2026-07-30,218,91.0,rookie,6.041178116187195,4.2342677834979074,91,218,218,True,
00-0033881,Evan Engram,TE,DEN,250.0,10.0,2026-07-30,219,31.0,veteran,60.155200545911114,10.586890111506555,31,219,219,False,60.155200545911114
00-0040202,Devin Neal,RB,NO,272.0,8.0,2026-07-30,239,79.0,veteran,57.24937489121134,8.486333497385317,69,220,220,False,57.24937489121134
00-0040644,Trevor Etienne,RB,CAR,307.0,5.0,2026-07-30,272,93.0,veteran,52.62968348825397,14.158052453160296,70,221,221,False,52.62968348825397
00-0041041,Oscar Delp,TE,NO,253.0,8.0,2026-07-30,222,32.0,rookie,2.383306670247012,3.737647230976585,32,222,222,True,
MEN516487,Fernando Mendoza,QB,LV,254.0,13.0,2026-07-30,223,30.0,rookie,257.71487402677735,16.250185065776765,30,223,223,True,
00-0039410,Ryan Flournoy,WR,DAL,168.0,14.0,2026-07-30,167,65.0,veteran,55.0547001056166,10.653636400568459,92,224,224,False,55.0547001056166
00-0036893,Najee Harris,RB,LAC,296.0,7.0,2026-07-30,261,86.0,veteran,49.44314973987315,5.560663286391928,71,225,225,False,49.44314973987315
00-0041104,Demond Claiborne,RB,MIN,257.0,6.0,2026-07-30,226,72.0,rookie,50.79067851079546,12.139992120523319,72,226,226,True,
00-0036972,Mac Jones,QB,SF,344.0,8.0,2026-07-30,304,37.0,veteran,109.35406215284479,9.245712426333826,31,227,227,False,109.35406215284479
00-0040177,Jordan James,RB,SF,260.0,8.0,2026-07-30,228,73.0,rookie,62.74713380427267,11.665274256253191,73,228,228,True,
00-0039794,Braelon Allen,RB,NYJ,165.0,13.0,2026-07-30,165,55.0,veteran,48.87090273602803,8.183732729756278,74,229,229,False,48.87090273602803
00-0040669,Isaac TeSlaa,WR,DET,190.0,6.0,2026-07-30,184,73.0,veteran,54.69540706617623,11.18710232319634,93,230,230,False,54.69540706617623
00-0035537,Ty Johnson,RB,BUF,271.0,7.0,2026-07-30,238,78.0,veteran,48.8516099932036,11.515876195609778,75,231,231,False,48.8516099932036
00-0038618,Xavier Hutchinson,WR,HOU,349.0,8.0,2026-07-30,309,126.0,veteran,53.24201989846906,12.57559526659104,94,232,232,False,53.24201989846906
00-0040876,Elijah Sarratt,WR,BAL,265.0,13.0,2026-07-30,233,95.0,rookie,6.041178116187195,4.2342677834979074,95,233,233,True,
00-0039874,Jaylen Wright,RB,MIA,218.0,6.0,2026-07-30,198,65.0,veteran,48.67408601847262,9.196020496333173,76,234,234,False,48.67408601847262
00-0033357,Taysom Hill,TE,FA,486.0,,2026-07-30,429,74.0,veteran,59.84365262137504,7.271037709670988,33,235,235,False,59.84365262137504
00-0041483,Eli Stowers,TE,PHI,268.0,10.0,2026-07-30,236,34.0,rookie,2.383306670247012,3.737647230976585,34,236,236,True,
00-0038611,Chris Rodriguez Jr.,RB,JAC,130.0,7.0,2026-07-30,130,43.0,veteran,48.194443008166935,9.107706906169788,77,237,237,False,48.194443008166935
00-0039373,Audric Estime,RB,NO,316.0,8.0,2026-07-30,278,97.0,veteran,48.05241850296432,7.487988482599749,78,238,238,False,48.05241850296432
00-0038454,Keaton Mitchell,RB,LAC,148.0,7.0,2026-07-30,148,51.0,veteran,47.57616008584475,10.160444385190189,79,239,239,False,47.57616008584475
00-0041042,Malachi Fields,WR,NYG,273.0,8.0,2026-07-30,240,96.0,rookie,6.041178116187195,4.2342677834979074,96,240,240,True,
00-0034791,Nick Chubb,RB,FA,350.0,,2026-07-30,310,102.0,veteran,47.38727582767251,8.724119564606703,80,241,241,False,47.38727582767251
00-0030564,DeAndre Hopkins,WR,BAL,451.0,13.0,2026-07-30,399,157.0,veteran,51.320689206846616,10.583795702937495,97,242,242,False,51.320689206846616
00-0039916,Ricky Pearsall,WR,SF,108.0,8.0,2026-07-30,108,47.0,veteran,50.956855171820216,7.067182079109891,98,243,243,False,50.956855171820216
00-0041525,Chris Bell,WR,MIA,277.0,6.0,2026-07-30,244,99.0,rookie,6.041178116187195,4.2342677834979074,99,244,244,True,
00-0038794,Jaleel McLaughlin,RB,DEN,312.0,10.0,2026-07-30,276,96.0,veteran,44.354421994018,8.505894925756891,81,245,245,False,44.354421994018
00-0026158,Joe Flacco,QB,CIN,434.0,6.0,2026-07-30,382,44.0,veteran,107.37306001064546,7.860003964426662,32,246,246,False,107.37306001064546
00-0037801,KaVontae Turpin,WR,DAL,383.0,14.0,2026-07-30,338,135.0,veteran,50.482115535967935,10.984516041885184,100,247,247,False,50.482115535967935
00-0034975,Justice Hill,RB,BAL,251.0,13.0,2026-07-30,220,69.0,veteran,41.008862626804046,7.929725567412878,82,248,248,False,41.008862626804046
00-0033526,Samaje Perine,RB,CIN,274.0,6.0,2026-07-30,241,80.0,veteran,40.291270486473145,9.887282544574186,83,249,249,False,40.291270486473145
00-0040164,Jaylin Lane,WR,WAS,364.0,7.0,2026-07-30,323,128.0,veteran,48.89713644118754,12.147724045453941,101,250,250,False,48.89713644118754
00-0036244,Colby Parkinson,TE,LAR,245.0,11.0,2026-07-30,214,30.0,veteran,59.63451099952329,11.829758926237167,35,251,251,False,59.63451099952329
00-0037838,Isaiah Likely,TE,NYG,126.0,8.0,2026-07-30,126,15.0,veteran,59.55534526461927,11.003347604863738,36,252,252,False,59.55534526461927
00-0040131,Kyle Williams,WR,NE,300.0,11.0,2026-07-30,265,106.0,veteran,48.589567296178004,11.59277974444635,102,253,253,False,48.589567296178004
00-0036988,Joshua Palmer,WR,BUF,338.0,7.0,2026-07-30,298,121.0,veteran,48.45213679909588,9.629165781251777,103,254,254,False,48.45213679909588
00-0033553,James Conner,RB,ARI,173.0,14.0,2026-07-30,171,56.0,veteran,38.99079673765313,3.826284295682397,84,255,255,False,38.99079673765313
00-0040743,Tyler Shough,QB,NO,123.0,8.0,2026-07-30,123,20.0,veteran,106.7220288801586,8.061448201848046,33,256,256,False,106.7220288801586
00-0037741,Jahan Dotson,WR,ATL,336.0,11.0,2026-07-30,296,120.0,veteran,48.280395166699705,12.239057384959802,104,257,257,False,48.280395166699705
00-0039923,J.J. McCarthy,QB,MIN,327.0,6.0,2026-07-30,288,36.0,veteran,105.0122215791568,7.8526872675507,34,258,258,False,105.0122215791568
00-0041047,Chris Brazzell II,WR,CAR,294.0,5.0,2026-07-30,259,105.0,rookie,6.041178116187195,4.2342677834979074,105,259,259,True,
00-0038685,Chris Brooks,RB,GB,263.0,11.0,2026-07-30,231,75.0,veteran,38.86343644268238,11.930959695902052,85,260,260,False,38.86343644268238
00-0038705,Emari Demercado,RB,KC,299.0,5.0,2026-07-30,264,88.0,veteran,36.98661601507883,8.95538897765253,86,261,261,False,36.98661601507883
00-0041052,Kaelon Black,RB,SF,297.0,8.0,2026-07-30,262,87.0,rookie,50.79067851079546,12.139992120523319,87,262,262,True,
00-0029604,Kirk Cousins,QB,LV,293.0,13.0,2026-07-30,258,34.0,veteran,95.55197453697191,7.610197969514468,35,263,263,False,95.55197453697191
00-0039921,Trey Benson,RB,ARI,266.0,14.0,2026-07-30,234,76.0,veteran,36.815990455958335,6.287220487636353,88,264,264,False,36.815990455958335
00-0032211,Tyler Lockett,WR,LV,408.0,13.0,2026-07-30,360,144.0,veteran,47.42913193762496,10.870015439965064,106,265,265,False,47.42913193762496
00-0039746,Will Shipley,RB,PHI,318.0,10.0,2026-07-30,280,98.0,veteran,36.74197956042853,11.665206695477174,89,266,266,False,36.74197956042853
00-0033040,Tyreek Hill,WR,FA,288.0,,2026-07-30,253,102.0,veteran,47.282256872615996,4.52544111059798,107,267,267,False,47.282256872615996
00-0040888,Adam Randall,RB,BAL,303.0,13.0,2026-07-30,268,90.0,rookie,50.79067851079546,12.139992120523319,90,268,268,True,
00-0039356,Ja'Tavion Sanders,TE,CAR,356.0,5.0,2026-07-30,315,46.0,veteran,54.48558317393988,12.186435399432627,37,269,269,False,54.48558317393988
00-0038551,Kendre Miller,RB,NO,282.0,8.0,2026-07-30,248,82.0,veteran,34.38644793503052,6.892338495642811,91,270,270,False,34.38644793503052
00-0033955,Jeremy McNichols,RB,WAS,441.0,7.0,2026-07-30,389,127.0,veteran,33.49925861626182,9.92423243669772,92,271,271,False,33.49925861626182
00-0036328,Antonio Gibson,RB,FA,393.0,,2026-07-30,348,111.0,veteran,32.34623629145137,6.295770560958656,93,272,272,False,32.34623629145137
00-0031408,Mike Evans,WR,SF,51.0,8.0,2026-07-30,51,25.0,veteran,46.688898843227726,5.223341875545492,108,273,273,False,46.688898843227726
00-0041125,Seth McGowan,RB,IND,310.0,13.0,2026-07-30,274,94.0,rookie,50.79067851079546,12.139992120523319,94,274,274,True,
00-0040692,Jarquez Hunter,RB,LAR,311.0,11.0,2026-07-30,275,95.0,rookie,78.89691759620013,12.302059032134895,95,275,275,True,
00-0040586,Jaydon Blue,RB,DAL,238.0,14.0,2026-07-30,210,67.0,veteran,31.1258990139567,6.102040318508806,96,276,276,False,31.1258990139567
00-0041443,Skyler Bell,WR,BUF,315.0,7.0,2026-07-30,277,109.0,rookie,13.360603537445307,7.1600612039057765,109,277,277,True,
00-0040142,Kaleb Johnson,RB,PIT,278.0,9.0,2026-07-30,245,81.0,veteran,29.723495680717843,9.138470599597953,97,278,278,False,29.723495680717843
00-0040870,Ja'Kobi Lane,WR,BAL,317.0,13.0,2026-07-30,279,110.0,rookie,6.041178116187195,4.2342677834979074,110,279,279,True,
00-0038738,Hunter Luepke,RB,DAL,419.0,14.0,2026-07-30,369,119.0,veteran,28.925900956508734,10.644770565054323,98,280,280,False,28.925900956508734
00-0039041,Elijah Higgins,TE,ARI,402.0,14.0,2026-07-30,355,58.0,veteran,52.45039936069067,14.366057591736022,38,281,281,False,52.45039936069067
00-0039021,Roschon Johnson,RB,CHI,404.0,10.0,2026-07-30,357,115.0,veteran,28.76008470096358,7.196371556676611,99,282,282,False,28.76008470096358
00-0040729,Jack Bech,WR,LV,248.0,13.0,2026-07-30,217,90.0,veteran,46.5719228447782,11.646996446512741,111,283,283,False,46.5719228447782
00-0039796,Rasheen Ali,RB,BAL,414.0,13.0,2026-07-30,364,116.0,veteran,28.310246074795653,10.975629343455775,100,284,284,False,28.310246074795653
00-0035689,Dawson Knox,TE,BUF,362.0,7.0,2026-07-30,321,47.0,veteran,51.685025607758575,11.549971733060083,39,285,285,False,51.685025607758575
00-0037666,Jalen Tolbert,WR,MIA,339.0,6.0,2026-07-30,299,122.0,veteran,45.848284852767726,10.13632171801289,112,286,286,False,45.848284852767726
00-0037614,John Metchie III,WR,CAR,365.0,5.0,2026-07-30,324,129.0,veteran,45.34359653147301,10.133072591706696,113,287,287,False,45.34359653147301
00-0032268,Marcus Mariota,QB,WAS,415.0,7.0,2026-07-30,365,43.0,veteran,84.57315932168785,6.529211626902654,36,288,288,False,84.57315932168785
00-0035208,Olamide Zaccheaus,WR,ATL,335.0,11.0,2026-07-30,295,119.0,veteran,44.723245538777896,10.169001560138042,114,289,289,False,44.723245538777896
00-0034837,Calvin Ridley,WR,TEN,184.0,9.0,2026-07-30,179,69.0,veteran,44.272758580913454,6.05418929505305,115,290,290,False,44.272758580913454
00-0036980,Elijah Moore,WR,PHI,509.0,10.0,2026-07-30,451,172.0,veteran,44.16692533416409,9.240305839787334,116,291,291,False,44.16692533416409
00-0038440,Zavier Scott,RB,MIN,425.0,6.0,2026-07-30,374,121.0,veteran,27.9862171111087,7.7813083731338315,101,292,292,False,27.9862171111087
00-0041523,Caleb Douglas,WR,MIA,332.0,6.0,2026-07-30,293,117.0,rookie,6.041178116187195,4.2342677834979074,117,293,293,True,
00-0033555,Mack Hollins,WR,NE,302.0,11.0,2026-07-30,267,107.0,veteran,42.295279523390086,8.871216030483986,118,294,294,False,42.295279523390086
00-0039855,Jalen McMillan,WR,TB,162.0,10.0,2026-07-30,162,62.0,veteran,41.3182786498993,5.720181257611503,119,295,295,False,41.3182786498993
00-0038979,Cedric Tillman,WR,CLE,325.0,11.0,2026-07-30,286,112.0,veteran,41.28816798822574,8.8773822718462,120,296,296,False,41.28816798822574
00-0041510,Max Klare,TE,LAR,337.0,11.0,2026-07-30,297,40.0,rookie,2.383306670247012,3.737647230976585,40,297,297,True,
00-0033921,Chris Godwin Jr.,WR,TB,86.0,10.0,2026-07-30,86,37.0,veteran,41.13843270691323,5.558339370541846,121,298,298,False,41.13843270691323
00-0040648,Tory Horton,WR,SEA,255.0,11.0,2026-07-30,224,92.0,veteran,40.961391936175474,6.487804473904865,122,299,299,False,40.961391936175474
00-0039066,Michael Mayer,TE,LV,347.0,13.0,2026-07-30,307,45.0,veteran,51.35353274531261,11.692472647694375,41,300,300,False,51.35353274531261
00-0035500,Greg Dortch,WR,DET,413.0,6.0,2026-07-30,363,145.0,veteran,40.151171592572766,9.977455507465965,123,301,301,False,40.151171592572766
00-0033885,David Njoku,TE,LAC,231.0,7.0,2026-07-30,204,29.0,veteran,50.970685939326614,8.144538055861538,42,302,302,False,50.970685939326614
00-0030061,Zach Ertz,TE,FA,397.0,,2026-07-30,351,57.0,veteran,50.94051612813277,7.976458314358137,43,303,303,False,50.94051612813277
00-0039917,Michael Penix Jr.,QB,ATL,279.0,11.0,2026-07-30,246,32.0,veteran,82.74108284553319,6.9550380059374515,37,304,304,False,82.74108284553319
00-0039751,Jordan Whittington,WR,LAR,384.0,11.0,2026-07-30,339,136.0,veteran,39.77211409867248,11.88990478949286,124,305,305,False,39.77211409867248
00-0040187,Mitchell Evans,TE,CAR,410.0,5.0,2026-07-30,362,61.0,veteran,50.247847695225985,12.234323915895722,44,306,306,False,50.247847695225985
00-0038558,Darnell Washington,TE,PIT,324.0,9.0,2026-07-30,285,39.0,veteran,48.95263898634422,11.7303401868073,45,307,307,False,48.95263898634422
00-0038104,Tyquan Thornton,WR,KC,264.0,5.0,2026-07-30,232,94.0,veteran,38.72956127260012,8.45373274972838,125,308,308,False,38.72956127260012
00-0039451,Isaiah Williams,WR,FA,549.0,,2026-07-30,488,188.0,veteran,38.72643307447591,11.20487958710608,126,309,309,False,38.72643307447591
00-0031687,Raheem Mostert,RB,LV,467.0,13.0,2026-07-30,411,136.0,veteran,24.704326935337342,6.373999623213773,102,310,310,False,24.704326935337342
00-0040668,Shedeur Sanders,QB,CLE,298.0,11.0,2026-07-30,263,35.0,veteran,79.39438322583055,6.243601662904108,38,311,311,False,79.39438322583055
00-0040208,Tahj Brooks,RB,CIN,306.0,6.0,2026-07-30,271,92.0,veteran,24.28895801293499,9.79642100021827,103,312,312,False,24.28895801293499
BEC122142,Carson Beck,QB,ARI,353.0,14.0,2026-07-30,313,39.0,rookie,23.423792975320737,2.218173631106455,39,313,313,True,
00-0033307,Kendrick Bourne,WR,ARI,348.0,14.0,2026-07-30,308,125.0,veteran,37.18382397072008,8.384606588969554,127,314,314,False,37.18382397072008
00-0037005,Tommy Tremble,TE,CAR,389.0,5.0,2026-07-30,344,54.0,veteran,48.496554559082966,12.439203625735388,46,315,315,False,48.496554559082966
00-0039164,Anthony Richardson Sr.,QB,IND,351.0,13.0,2026-07-30,311,38.0,veteran,61.31702168177109,4.401760305984041,40,316,316,False,61.31702168177109
00-0039363,Isaac Guerendo,RB,SF,305.0,8.0,2026-07-30,270,91.0,veteran,23.710605555838832,7.3787907875300025,104,317,317,False,23.710605555838832
00-0041217,J'Mari Taylor,RB,JAC,359.0,7.0,2026-07-30,318,105.0,rookie,50.79067851079546,12.139992120523319,105,318,318,True,
00-0041490,Eli Heidenreich,RB,PIT,360.0,9.0,2026-07-30,319,106.0,rookie,50.79067851079546,12.139992120523319,106,319,319,True,
00-0036414,Cam Akers,RB,FA,473.0,,2026-07-30,417,138.0,veteran,23.373947187736693,5.664976825135694,107,320,320,False,23.373947187736693
00-0036637,Noah Gray,TE,KC,346.0,5.0,2026-07-30,306,44.0,veteran,47.599683104725834,12.058622215498733,47,321,321,False,47.599683104725834
SIM639376,Ty Simpson,QB,LAR,363.0,11.0,2026-07-30,322,41.0,rookie,132.88392610589878,9.907184432946215,41,322,322,True,
00-0036849,Tutu Atwell,WR,MIA,386.0,6.0,2026-07-30,341,138.0,veteran,36.33818145373308,7.720716060394283,128,323,323,False,36.33818145373308
00-0036626,Dyami Brown,WR,WAS,399.0,7.0,2026-07-30,353,141.0,veteran,35.33496634954323,9.633988271482,129,324,324,False,35.33496634954323
00-0041550,Brenen Thompson,WR,LAC,366.0,7.0,2026-07-30,325,130.0,rookie,6.041178116187195,4.2342677834979074,130,325,325,True,
00-0041067,Bryce Lance,WR,NO,367.0,8.0,2026-07-30,326,131.0,rookie,6.041178116187195,4.2342677834979074,131,326,326,True,
00-0035644,Noah Fant,TE,NO,369.0,8.0,2026-07-30,328,49.0,veteran,45.36508842859437,10.34754153227331,48,327,327,False,45.36508842859437
00-0040737,Terrance Ferguson,TE,LAR,209.0,11.0,2026-07-30,192,25.0,veteran,45.26265022275542,9.978126344102378,49,328,328,False,45.26265022275542
00-0041077,Justin Joly,TE,DEN,372.0,10.0,2026-07-30,329,50.0,rookie,2.383306670247012,3.737647230976585,50,329,329,True,
00-0039424,Devaughn Vele,WR,NO,276.0,8.0,2026-07-30,243,98.0,veteran,33.83473259780917,6.249775204425649,132,330,330,False,33.83473259780917
00-0041395,Eli Raridon,TE,NE,374.0,11.0,2026-07-30,331,51.0,rookie,2.383306670247012,3.737647230976585,51,331,331,True,
00-0040179,DJ Giddens,RB,IND,261.0,13.0,2026-07-30,229,74.0,veteran,23.242838937905127,5.909065161926048,108,332,332,False,23.242838937905127
00-0037563,Malik Davis,RB,DAL,269.0,14.0,2026-07-30,237,77.0,veteran,23.03578216871019,6.802835911061098,109,333,333,False,23.03578216871019
00-0040739,Elijah Arroyo,TE,SEA,342.0,11.0,2026-07-30,302,42.0,veteran,44.843945831682085,11.52074696843834,52,334,334,False,44.843945831682085
00-0041132,Deion Burks,WR,IND,379.0,13.0,2026-07-30,335,133.0,rookie,6.041178116187195,4.2342677834979074,133,335,335,True,
00-0040890,Cyrus Allen,WR,KC,381.0,5.0,2026-07-30,336,134.0,rookie,15.504704835490445,7.863652439934218,134,336,336,True,
00-0040466,Raheim Sanders,RB,CLE,361.0,11.0,2026-07-30,320,107.0,veteran,22.807648042728292,4.63787698040432,110,337,337,False,22.807648042728292
00-0032775,Demarcus Robinson,WR,SF,447.0,8.0,2026-07-30,395,155.0,veteran,33.82429860940812,9.054800233248924,135,338,338,False,33.82429860940812
00-0036415,Van Jefferson,WR,WAS,524.0,7.0,2026-07-30,465,176.0,veteran,33.70289172025251,9.75160245432949,136,339,339,False,33.70289172025251
00-0041529,Kevin Coleman Jr.,WR,MIA,385.0,6.0,2026-07-30,340,137.0,rookie,6.041178116187195,4.2342677834979074,137,340,340,True,
00-0036182,Nick Westbrook-Ikhine,WR,IND,388.0,13.0,2026-07-30,343,139.0,veteran,32.75253769814405,9.103539261769567,138,341,341,False,32.75253769814405
00-0034829,Mike Gesicki,TE,CIN,304.0,6.0,2026-07-30,269,37.0,veteran,42.423378064531,9.118618763165728,53,342,342,False,42.423378064531
00-0039355,Luke McCaffrey,WR,WAS,330.0,7.0,2026-07-30,291,116.0,veteran,32.66692718288378,7.886914445941731,139,343,343,False,32.66692718288378
00-0039074,Davis Allen,TE,LAR,569.0,11.0,2026-07-30,508,90.0,veteran,41.14087138154476,12.039712409230543,54,344,344,False,41.14087138154476
00-0040581,Dont'e Thornton Jr.,WR,LV,345.0,13.0,2026-07-30,305,124.0,veteran,31.453631757607532,9.05422129564175,140,345,345,False,31.453631757607532
00-0035289,Gardner Minshew II,QB,ARI,466.0,14.0,2026-07-30,410,46.0,veteran,51.20556406772442,5.380976122678516,42,346,346,False,51.20556406772442
00-0038115,Daniel Bellinger,TE,TEN,409.0,9.0,2026-07-30,361,60.0,veteran,39.735258970292236,11.445348341424598,55,347,347,False,39.735258970292236
00-0032104,Ameer Abdullah,RB,JAC,510.0,7.0,2026-07-30,452,152.0,veteran,22.798043500689843,7.6344157159542325,111,348,348,False,22.798043500689843
00-0040194,Jackson Hawes,TE,BUF,498.0,7.0,2026-07-30,440,77.0,veteran,38.83478485339291,10.103032297987061,56,349,349,False,38.83478485339291
00-0035243,Miles Sanders,RB,FA,418.0,,2026-07-30,368,118.0,veteran,22.728016804172572,4.46036663634448,112,350,350,False,22.728016804172572
00-0039144,Luke Musgrave,TE,GB,377.0,11.0,2026-07-30,334,52.0,veteran,38.202872609788706,10.624298377653037,57,351,351,False,38.202872609788706
00-0033699,Austin Ekeler,RB,FA,376.0,,2026-07-30,333,109.0,veteran,22.200016633864017,2.8861497658079776,113,352,352,False,22.200016633864017
00-0040218,Jimmy Horn Jr.,WR,CAR,563.0,5.0,2026-07-30,502,193.0,veteran,31.250670995259593,8.077393253281418,141,353,353,False,31.250670995259593
00-0038977,Tank Dell,WR,HOU,236.0,8.0,2026-07-30,208,84.0,veteran,30.511971987027238,3.5716477786293535,142,354,354,False,30.511971987027238
00-0037112,Jake Tonges,TE,SF,319.0,8.0,2026-07-30,281,38.0,veteran,37.08999605402793,7.086886048943014,58,355,355,False,37.08999605402793
00-0041129,Jam Miller,RB,NE,403.0,11.0,2026-07-30,356,114.0,rookie,50.79067851079546,12.139992120523319,114,356,356,True,
00-0037120,Tyler Goodson,RB,ATL,424.0,11.0,2026-07-30,373,120.0,veteran,22.08690826224444,8.690727689853206,115,357,357,False,22.08690826224444
00-0037805,Jeremy Ruckert,TE,NYJ,560.0,13.0,2026-07-30,499,88.0,veteran,36.57562663306943,12.056781471850792,59,358,358,False,36.57562663306943
00-0041051,Zavion Thomas,WR,CHI,407.0,10.0,2026-07-30,359,143.0,rookie,6.041178116187195,4.2342677834979074,143,359,359,True,
00-0040009,Savion Williams,WR,GB,390.0,11.0,2026-07-30,345,140.0,veteran,29.81666423945135,9.34247997822782,144,360,360,False,29.81666423945135
00-0032392,Austin Hooper,TE,ATL,417.0,11.0,2026-07-30,367,62.0,veteran,34.85478074610635,9.63331110353099,60,361,361,False,34.85478074610635
00-0038547,Luke Schoonmaker,TE,DAL,449.0,14.0,2026-07-30,397,67.0,veteran,31.449470497840306,10.918446765533307,61,362,362,False,31.449470497840306
00-0034775,Christian Kirk,WR,SF,262.0,8.0,2026-07-30,230,93.0,veteran,29.362068683508216,6.535155801269903,145,363,363,False,29.362068683508216
00-0039405,Jawhar Jordan,RB,HOU,358.0,8.0,2026-07-30,317,104.0,veteran,21.0918411394667,3.2770516716163933,116,364,364,False,21.0918411394667
00-0038128,Malik Willis,QB,MIA,134.0,6.0,2026-07-30,134,21.0,veteran,39.112855424162014,3.6871844265454734,43,365,365,False,39.112855424162014
00-0037258,Dameon Pierce,RB,PHI,382.0,10.0,2026-07-30,337,110.0,veteran,20.6809518412206,5.79574537066104,117,366,366,False,20.6809518412206
00-0036422,Adam Trautman,TE,DEN,450.0,10.0,2026-07-30,398,68.0,veteran,29.024471067718427,9.933175925738748,62,367,367,False,29.024471067718427
00-0038040,Zamir White,RB,LV,535.0,13.0,2026-07-30,474,161.0,veteran,20.51661739493013,5.250294244233525,118,368,368,False,20.51661739493013
00-0036265,AJ Dillon,RB,CAR,494.0,5.0,2026-07-30,437,143.0,veteran,19.422567927427043,5.098756825818533,119,369,369,False,19.422567927427043
00-0032464,Kalif Raymond,WR,CHI,373.0,10.0,2026-07-30,330,132.0,veteran,28.06196479519658,9.411237858825384,146,370,370,False,28.06196479519658
00-0035249,Josh Oliver,TE,MIN,439.0,6.0,2026-07-30,387,64.0,veteran,28.653491550946953,8.966003928581951,63,371,371,False,28.653491550946953
00-0040590,Konata Mumpfield,WR,LAR,326.0,11.0,2026-07-30,287,113.0,veteran,27.462153520807266,8.14206237084877,147,372,372,False,27.462153520807266
00-0039407,Dylan Laube,RB,LV,416.0,13.0,2026-07-30,366,117.0,veteran,19.375108312828143,11.695354145443373,120,373,373,False,19.375108312828143
00-0036755,Jaret Patterson,RB,LAC,428.0,7.0,2026-07-30,377,124.0,veteran,18.676572176306376,4.738580173940917,121,374,374,False,18.676572176306376
00-0029892,Kyle Juszczyk,RB,SF,398.0,8.0,2026-07-30,352,113.0,veteran,18.581930633193586,8.135761745824095,122,375,375,False,18.581930633193586
00-0040998,Roman Hemby,RB,LV,427.0,13.0,2026-07-30,376,123.0,rookie,50.79067851079546,12.139992120523319,123,376,376,True,
00-0037276,Ty Chandler,RB,NO,426.0,8.0,2026-07-30,375,122.0,veteran,18.254189054700053,5.0204307638460515,124,377,377,False,18.254189054700053
00-0036906,Khalil Herbert,RB,FA,452.0,,2026-07-30,400,130.0,veteran,17.63142527522661,4.908180413224967,125,378,378,False,17.63142527522661
00-0041399,CJ Daniels,WR,LAR,430.0,11.0,2026-07-30,379,148.0,rookie,6.041178116187195,4.2342677834979074,148,379,379,True,
00-0032385,Sterling Shepard,WR,FA,475.0,,2026-07-30,419,164.0,veteran,26.186836376126184,7.0296453272143395,149,380,380,False,26.186836376126184
00-0041191,Cash Jones,RB,ATL,433.0,11.0,2026-07-30,381,126.0,rookie,50.79067851079546,12.139992120523319,126,381,381,True,
00-0031503,Jameis Winston,QB,NYG,438.0,8.0,2026-07-30,386,45.0,veteran,38.2853556785205,3.687775599290589,44,382,382,False,38.2853556785205
00-0038359,Xavier Smith,WR,LAR,460.0,11.0,2026-07-30,405,159.0,veteran,25.839530593965023,11.133297761582927,150,383,383,False,25.839530593965023
00-0039739,Roman Wilson,WR,PIT,454.0,9.0,2026-07-30,402,158.0,veteran,25.633237452238518,6.547166973814886,151,384,384,False,25.633237452238518
00-0031236,Brandin Cooks,WR,FA,501.0,,2026-07-30,443,171.0,veteran,25.423120084837482,7.349927831863328,152,385,385,False,25.423120084837482
00-0035100,Jake Browning,QB,TB,497.0,10.0,2026-07-30,439,49.0,veteran,37.461806506057506,3.910632591014599,45,386,386,False,37.461806506057506
00-0037252,Greg Dulcich,TE,MIA,267.0,6.0,2026-07-30,235,33.0,veteran,28.448792189078247,6.857798165696258,64,387,387,False,28.448792189078247
00-0038090,Skyy Moore,WR,GB,571.0,11.0,2026-07-30,510,198.0,veteran,25.123662541583702,12.75066899033452,153,388,388,False,25.123662541583702
00-0034972,Alexander Mattison,RB,FA,487.0,,2026-07-30,430,141.0,veteran,17.098796723136985,2.11177217841131,127,389,389,False,17.098796723136985
00-0041323,Myles Montgomery,RB,NE,442.0,11.0,2026-07-30,390,128.0,rookie,50.79067851079546,12.139992120523319,128,390,390,True,
00-0033897,Joe Mixon,RB,FA,320.0,,2026-07-30,282,99.0,veteran,16.87412814058692,1.3892403334671863,129,391,391,False,16.87412814058692
00-0041069,Colbie Young,WR,CIN,444.0,6.0,2026-07-30,392,154.0,rookie,6.041178116187195,4.2342677834979074,154,392,392,True,
00-0038046,Charlie Kolar,TE,LAC,421.0,7.0,2026-07-30,371,63.0,veteran,26.001592384110626,9.993656004405517,65,393,393,False,26.001592384110626
00-0041472,Marlin Klein,TE,HOU,446.0,8.0,2026-07-30,394,66.0,rookie,2.383306670247012,3.737647230976585,66,394,394,True,
00-0040582,Arian Smith,WR,NYJ,577.0,13.0,2026-07-30,515,199.0,veteran,24.996051355264964,10.135012150381714,155,395,395,False,24.996051355264964
00-0040894,Malik Benson,WR,LV,448.0,13.0,2026-07-30,396,156.0,rookie,6.041178116187195,4.2342677834979074,156,396,396,True,
00-0034270,Tyler Conklin,TE,DET,490.0,6.0,2026-07-30,433,76.0,veteran,25.714794576755512,5.760091564169381,67,397,397,False,25.714794576755512
00-0031610,Darren Waller,TE,FA,406.0,,2026-07-30,358,59.0,veteran,23.31244139820334,4.264815491803488,68,398,398,False,23.31244139820334
00-0038573,Derius Davis,WR,LAC,472.0,7.0,2026-07-30,416,163.0,veteran,24.378353447652806,10.19808409520583,157,399,399,False,24.378353447652806
00-0040021,Phil Mafah,RB,DAL,375.0,14.0,2026-07-30,332,108.0,veteran,16.73787401134917,2.8811864334894652,130,400,400,False,16.73787401134917
00-0039471,Frank Gore Jr.,RB,BUF,453.0,7.0,2026-07-30,401,131.0,rookie,41.537298556158916,11.459135307700025,131,401,401,True,
00-0033375,Tim Patrick,WR,NYJ,477.0,13.0,2026-07-30,421,165.0,veteran,23.729308789390686,7.65181069893203,158,402,402,False,23.729308789390686
00-0041178,Robert Henry Jr.,RB,WAS,455.0,7.0,2026-07-30,403,132.0,rookie,50.79067851079546,12.139992120523319,132,403,403,True,
00-0036360,Clyde Edwards-Helaire,RB,FA,502.0,,2026-07-30,444,147.0,veteran,15.007370109338563,3.8603752084062872,133,404,404,False,15.007370109338563
00-0040154,Tai Felton,WR,MIN,539.0,6.0,2026-07-30,478,182.0,veteran,22.666535492714573,10.072696101272626,159,405,405,False,22.666535492714573
00-0040959,Jaydn Ott,RB,KC,462.0,5.0,2026-07-30,406,134.0,rookie,50.79067851079546,12.139992120523319,134,406,406,True,
00-0039792,Devontez Walker,WR,BAL,401.0,13.0,2026-07-30,354,142.0,veteran,20.983406358980062,5.479708390546055,160,407,407,False,20.983406358980062
00-0040184,KeAndre Lambert-Smith,WR,LAC,537.0,7.0,2026-07-30,476,180.0,veteran,18.945167421977036,7.577560906195304,161,408,408,False,18.945167421977036
00-0040400,Donovan Edwards,RB,MIA,465.0,6.0,2026-07-30,409,135.0,rookie,37.87368801594074,11.172501981191784,135,409,409,True,
00-0040234,Quinn Ewers,QB,MIA,488.0,6.0,2026-07-30,431,48.0,veteran,36.38638826029841,3.527086026158424,46,410,410,False,36.38638826029841
00-0039757,Terrell Jennings,RB,NE,395.0,11.0,2026-07-30,350,112.0,veteran,14.423203829493337,5.244219570479303,136,411,411,False,14.423203829493337
00-0033110,Tyler Higbee,TE,LAR,340.0,11.0,2026-07-30,300,41.0,veteran,23.158784967264705,5.399589791761201,69,412,412,False,23.158784967264705
00-0039299,George Holani,RB,SEA,252.0,11.0,2026-07-30,221,70.0,veteran,13.889979800856045,7.217883841059405,137,413,413,False,13.889979800856045
00-0035359,David Sills V,WR,TB,491.0,10.0,2026-07-30,434,169.0,veteran,18.59394246368543,6.677935031774056,162,414,414,False,18.59394246368543
00-0034159,Will Dissly,TE,FA,471.0,,2026-07-30,415,70.0,veteran,22.290860339529914,6.68717751106011,70,415,415,False,22.290860339529914
00-0040277,Jahdae Walker,WR,CHI,435.0,10.0,2026-07-30,383,150.0,veteran,18.51013207239878,4.55193652066493,163,416,416,False,18.51013207239878
00-0040556,Corey Kiner,RB,ARI,572.0,14.0,2026-07-30,511,170.0,veteran,12.767569611699646,4.448578320947657,138,417,417,False,12.767569611699646
00-0039912,Ben Sinnott,TE,WAS,387.0,7.0,2026-07-30,342,53.0,veteran,22.035296558747753,8.445668140892185,71,418,418,False,22.035296558747753
00-0033282,Curtis Samuel,WR,FA,585.0,,2026-07-30,523,200.0,veteran,18.508898328680196,5.33207022360775,164,419,419,False,18.508898328680196
00-0040991,Elijah Tau-Tolliver,RB,BAL,476.0,13.0,2026-07-30,420,139.0,rookie,50.79067851079546,12.139992120523319,139,420,420,True,
00-0035406,Lil'Jordan Humphrey,WR,DEN,517.0,10.0,2026-07-30,458,174.0,veteran,18.235071315843715,5.894908568615846,165,421,421,False,18.235071315843715
00-0039359,Cade Stover,TE,HOU,511.0,8.0,2026-07-30,453,79.0,veteran,20.88452070016068,6.650319498884739,72,422,422,False,20.88452070016068
00-0041485,Miles Davis,RB,CAR,479.0,5.0,2026-07-30,423,140.0,rookie,50.79067851079546,12.139992120523319,140,423,423,True,
00-0040206,Riley Leonard,QB,IND,480.0,13.0,2026-07-30,424,47.0,veteran,35.84531341568635,4.1506938736647285,47,424,424,False,35.84531341568635
00-0036261,Brandon Aiyuk,WR,SF,247.0,8.0,2026-07-30,216,89.0,veteran,17.65222343115697,2.078861660822535,166,425,425,False,17.65222343115697
00-0034272,Marquez Valdes-Scantling,WR,DAL,483.0,14.0,2026-07-30,426,167.0,veteran,17.202343312880554,5.804563401735873,167,426,426,False,17.202343312880554
00-0037742,Treylon Burks,WR,WAS,354.0,7.0,2026-07-30,314,127.0,veteran,16.621448305451842,5.355577105678765,168,427,427,False,16.621448305451842
00-0040939,Michael Trigg,TE,DAL,485.0,14.0,2026-07-30,428,73.0,rookie,2.383306670247012,3.737647230976585,73,428,428,True,
00-0034981,Foster Moreau,TE,HOU,588.0,8.0,2026-07-30,526,97.0,veteran,20.71776643163905,6.6644377131745145,74,429,429,False,20.71776643163905
00-0038896,Jacob Saylors,RB,DET,469.0,6.0,2026-07-30,413,137.0,veteran,12.468350784556694,8.56330340039316,141,430,430,False,12.468350784556694
00-0037012,Trey Lance,QB,LAC,515.0,7.0,2026-07-30,456,51.0,veteran,29.95136984261223,3.41571371654354,48,431,431,False,29.95136984261223
00-0041503,Nate Boerkircher,TE,JAC,489.0,7.0,2026-07-30,432,75.0,rookie,2.383306670247012,3.737647230976585,75,432,432,True,
00-0035631,Drew Sample,TE,CIN,468.0,6.0,2026-07-30,412,69.0,veteran,19.477280354399994,8.517028564089129,76,433,433,False,19.477280354399994
00-0040506,Myles Price,WR,MIN,542.0,6.0,2026-07-30,481,184.0,veteran,16.436857970575495,12.798100646128512,169,434,434,False,16.436857970575495
00-0038839,Mitch Tinsley,WR,CIN,420.0,6.0,2026-07-30,370,146.0,veteran,15.617750116254753,4.7832347439288245,170,435,435,False,15.617750116254753
00-0040651,Damien Martinez,RB,GB,493.0,11.0,2026-07-30,436,142.0,rookie,46.0383755041618,11.234070295807337,142,436,436,True,
00-0038397,Evan Hull,RB,HOU,546.0,8.0,2026-07-30,485,162.0,veteran,10.362411581871513,5.110145272912937,143,437,437,False,10.362411581871513
00-0039364,Sione Vaki,RB,DET,429.0,6.0,2026-07-30,378,125.0,veteran,10.325840921024295,7.239165184669727,144,438,438,False,10.325840921024295
00-0039398,Joe Milton III,QB,DAL,391.0,14.0,2026-07-30,346,42.0,veteran,23.277455562299735,3.0398969348007183,49,439,439,False,23.277455562299735
00-0034613,Tanner Hudson,TE,CIN,474.0,6.0,2026-07-30,418,71.0,veteran,19.298784090544096,6.251372705014356,77,440,440,False,19.298784090544096
00-0040601,Jordan Waters,RB,LAR,499.0,11.0,2026-07-30,441,145.0,rookie,50.79067851079546,12.139992120523319,145,441,441,True,
00-0036727,Adam Prentice,RB,DEN,522.0,10.0,2026-07-30,463,156.0,veteran,8.587552966212542,8.057565141004531,146,442,442,False,8.587552966212542
00-0039379,Jamari Thrash,WR,CLE,513.0,11.0,2026-07-30,455,173.0,veteran,13.956280544445802,5.4908058506792665,171,443,443,False,13.956280544445802
00-0036567,Elijah Mitchell,RB,PHI,443.0,10.0,2026-07-30,391,129.0,veteran,8.525426751818234,2.6507233384442266,147,444,444,False,8.525426751818234
00-0035125,Alec Ingold,RB,LAC,496.0,7.0,2026-07-30,438,144.0,veteran,8.35913691047355,5.880662130176714,148,445,445,False,8.35913691047355
00-0036628,John Bates,TE,WAS,392.0,7.0,2026-07-30,347,55.0,veteran,18.141615888794703,8.295698475669054,78,446,446,False,18.141615888794703
00-0040203,Will Howard,QB,PIT,505.0,9.0,2026-07-30,447,50.0,rookie,40.04791460151095,3.5757214163818727,50,447,447,True,
00-0039603,British Brooks,RB,HOU,547.0,8.0,2026-07-30,486,163.0,veteran,8.325440092515151,5.905053920172659,149,448,448,False,8.325440092515151
00-0037557,Ronnie Rivers,RB,LAR,459.0,11.0,2026-07-30,404,133.0,veteran,8.283625227819623,4.8679364080332626,150,449,449,False,8.283625227819623
00-0038098,Pierre Strong Jr.,RB,GB,581.0,11.0,2026-07-30,519,175.0,veteran,7.197710233111963,2.1570373646359475,151,450,450,False,7.197710233111963
00-0037231,Kevin Austin Jr.,WR,NO,464.0,8.0,2026-07-30,408,161.0,veteran,13.726791471698899,3.5210389058468685,172,451,451,False,13.726791471698899
00-0040205,Kalel Mullings,RB,TEN,526.0,9.0,2026-07-30,467,158.0,veteran,6.860409772288603,4.801242766095533,152,452,452,False,6.860409772288603
00-0036754,Brock Wright,TE,DET,478.0,6.0,2026-07-30,422,72.0,veteran,17.908578018481602,6.767282629276801,79,453,453,False,17.908578018481602
00-0041312,Noah Whittington,RB,HOU,512.0,8.0,2026-07-30,454,153.0,rookie,50.79067851079546,12.139992120523319,153,454,454,True,
00-0039816,Anthony Gould,WR,IND,545.0,13.0,2026-07-30,484,187.0,veteran,13.105807435261713,8.198545627758792,173,455,455,False,13.105807435261713
00-0033537,Deshaun Watson,QB,CLE,291.0,11.0,2026-07-30,256,33.0,veteran,16.978098231190344,1.3763904114291379,51,456,456,False,16.978098231190344
00-0041081,Max Bredeson,RB,MIN,516.0,6.0,2026-07-30,457,154.0,rookie,39.36868561040936,11.2907690270863,154,457,457,True,
00-0036331,Devin Duvernay,WR,ARI,589.0,14.0,2026-07-30,527,202.0,veteran,11.779440378025594,11.876841602395688,174,458,458,False,11.779440378025594
00-0038752,Jake Bobo,WR,SEA,440.0,11.0,2026-07-30,388,153.0,veteran,10.495439546622388,4.954393285587733,175,459,459,False,10.495439546622388
00-0033217,Mo Alie-Cox,TE,IND,445.0,13.0,2026-07-30,393,65.0,veteran,15.915101503437059,7.082401932629447,80,460,460,False,15.915101503437059
00-0038636,Kenny McIntosh,RB,FA,576.0,,2026-07-30,514,172.0,veteran,4.364681187568882,1.6324745967200927,155,461,461,False,4.364681187568882
00-0041558,Sam Roush,TE,CHI,521.0,10.0,2026-07-30,462,81.0,rookie,2.383306670247012,3.737647230976585,81,462,462,True,
00-0040067,Jacardia Wright,RB,SEA,520.0,11.0,2026-07-30,461,155.0,veteran,4.243144848653306,1.8543781641835864,156,463,463,False,4.243144848653306
00-0039344,Jonathon Brooks,RB,CAR,116.0,5.0,2026-07-30,116,39.0,veteran,4.067592910133098,1.1857640807044905,157,464,464,False,4.067592910133098
00-0033591,Noah Brown,WR,FA,586.0,,2026-07-30,524,201.0,veteran,10.294798030852542,2.5144821786162104,176,465,465,False,10.294798030852542
00-0041092,Taylen Green,QB,CLE,525.0,11.0,2026-07-30,466,52.0,rookie,51.422894658457984,4.0395667321135305,52,466,466,True,
00-0036187,Reggie Gilliam,RB,NE,500.0,11.0,2026-07-30,442,146.0,veteran,3.1933266441184482,6.95322553393353,158,467,467,False,3.1933266441184482
00-0035021,Ashton Dulin,WR,IND,423.0,13.0,2026-07-30,372,147.0,veteran,10.211713477797126,7.94522485138129,177,468,468,False,10.211713477797126
00-0039521,Xavier Weaver,WR,ARI,559.0,14.0,2026-07-30,498,192.0,veteran,9.458010222429804,4.2871849777240865,178,469,469,False,9.458010222429804
00-0037329,Brittain Brown,RB,CHI,503.0,10.0,2026-07-30,445,148.0,veteran,1.8699085337217838,1.1369361163721046,159,470,470,False,1.8699085337217838
00-0041056,Cade Klubnik,QB,NYJ,531.0,13.0,2026-07-30,471,53.0,rookie,51.422894658457984,4.0395667321135305,53,471,471,True,
00-0033943,Josh Reynolds,WR,FA,518.0,,2026-07-30,459,175.0,veteran,9.44113678799049,2.9467621313830845,179,472,472,False,9.44113678799049
00-0033376,Patrick Ricard,RB,NYG,506.0,8.0,2026-07-30,448,149.0,veteran,1.265899350499318,2.5994600137492094,160,473,473,False,1.265899350499318
00-0035973,Patrick Taylor Jr.,RB,SF,579.0,8.0,2026-07-30,517,173.0,veteran,1.1935851383889597,0.329810186327278,161,474,474,False,1.1935851383889597
00-0041524,Will Kacmarek,TE,MIA,536.0,6.0,2026-07-30,475,82.0,rookie,2.383306670247012,3.737647230976585,82,475,475,True,
00-0034418,Cedrick Wilson Jr.,WR,DET,551.0,6.0,2026-07-30,490,189.0,veteran,8.789874138301474,4.0540789397800445,180,476,476,False,8.789874138301474
00-0035216,Diontae Johnson,WR,FA,533.0,,2026-07-30,472,179.0,veteran,8.561844762229322,1.42534403744525,181,477,477,False,8.561844762229322
00-0040311,Theo Wease Jr.,WR,MIA,432.0,6.0,2026-07-30,380,149.0,veteran,8.276042336708473,1.4262227834272716,182,478,478,False,8.276042336708473
00-0040621,Montorie Foster Jr.,WR,SEA,540.0,11.0,2026-07-30,479,183.0,rookie,6.041178116187195,4.2342677834979074,183,479,479,True,
00-0038783,Nate Adkins,TE,DEN,541.0,10.0,2026-07-30,480,83.0,veteran,15.806484972560884,6.4623696443248315,83,480,480,False,15.806484972560884
00-0039365,Jacob Cowing,WR,SF,568.0,8.0,2026-07-30,507,196.0,veteran,6.8712615910081665,4.909203466288602,184,481,481,False,6.8712615910081665
00-0038647,Ronnie Bell,WR,NO,538.0,8.0,2026-07-30,477,181.0,veteran,6.560722994824486,2.840149348140634,185,482,482,False,6.560722994824486
00-0040970,Michael Briscoe,WR,MIN,544.0,6.0,2026-07-30,483,186.0,rookie,6.041178116187195,4.2342677834979074,186,483,483,True,
00-0033891,Zay Jones,WR,FA,492.0,,2026-07-30,435,170.0,veteran,5.07778704850072,1.8905921064297215,187,484,484,False,5.07778704850072
00-0035311,Myles Gaskin,RB,FA,530.0,,2026-07-30,470,159.0,veteran,0.16440166283059152,0.8242032265115631,162,485,485,False,0.16440166283059152
00-0037509,Sincere McCormick,RB,SF,534.0,8.0,2026-07-30,473,160.0,veteran,0.14818034691220025,0.023792601435100202,163,486,486,False,0.14818034691220025
00-0037475,Stone Smartt,TE,PHI,583.0,10.0,2026-07-30,521,94.0,veteran,12.49478084067548,5.412835230310295,84,487,487,False,12.49478084067548
00-0035298,Scotty Miller,WR,CHI,463.0,10.0,2026-07-30,407,160.0,veteran,4.619006892632719,2.637789608558042,188,488,488,False,4.619006892632719
00-0034798,Durham Smythe,TE,BAL,519.0,13.0,2026-07-30,460,80.0,veteran,9.217427971984193,5.5646395360603105,85,489,489,False,9.217427971984193
00-0035140,Mecole Hardman Jr.,WR,BUF,527.0,7.0,2026-07-30,468,177.0,veteran,4.255125815025837,2.8717249082576934,189,490,490,False,4.255125815025837
00-0039814,Erick All Jr.,TE,CIN,368.0,6.0,2026-07-30,327,48.0,veteran,7.946408243184437,2.318630534886548,86,491,491,False,7.946408243184437
00-0039811,MarShawn Lloyd,RB,GB,217.0,11.0,2026-07-30,197,64.0,veteran,0.0,0.0,164,492,492,False,0.0
00-0036232,Harrison Bryant,TE,FA,552.0,,2026-07-30,491,86.0,veteran,7.449160334129033,4.439095751428461,87,493,493,False,7.449160334129033
00-0040646,Jalen Royals,WR,KC,328.0,5.0,2026-07-30,289,114.0,veteran,3.921804861008273,1.4840441662911839,190,494,494,False,3.921804861008273
00-0040522,Xavier Restrepo,WR,TEN,436.0,9.0,2026-07-30,384,151.0,veteran,3.630074598026061,1.0045385498761707,191,495,495,False,3.630074598026061
00-0041415,Dean Connors,RB,LAR,557.0,11.0,2026-07-30,496,165.0,rookie,50.79067851079546,12.139992120523319,165,496,496,True,
00-0040984,Dontae McMillan,RB,BAL,558.0,13.0,2026-07-30,497,166.0,rookie,50.79067851079546,12.139992120523319,166,497,497,True,
00-0034419,Braxton Berrios,WR,NYG,555.0,8.0,2026-07-30,494,190.0,veteran,3.27754414604341,2.5122647810302485,192,498,498,False,3.27754414604341
00-0038394,Will Mallory,TE,IND,548.0,13.0,2026-07-30,487,84.0,veteran,6.071962635586334,2.7669823282085946,88,499,499,False,6.071962635586334
00-0041239,Chip Trayanum,RB,NYJ,561.0,13.0,2026-07-30,500,167.0,rookie,50.79067851079546,12.139992120523319,167,500,500,True,
00-0036493,Deon Jackson,RB,FA,507.0,,2026-07-30,449,150.0,veteran,0.0,0.0,168,501,501,False,0.0
00-0037745,Velus Jones Jr.,WR,SEA,567.0,11.0,2026-07-30,506,195.0,veteran,3.1127557564944954,2.692694583281811,193,502,502,False,3.1127557564944954
00-0041457,Miles Kitselman,TE,DET,564.0,6.0,2026-07-30,503,89.0,rookie,2.383306670247012,3.737647230976585,89,503,503,True,
00-0041070,Reggie Virgil,WR,ARI,565.0,14.0,2026-07-30,504,194.0,rookie,6.041178116187195,4.2342677834979074,194,504,504,True,
00-0040332,Ja'Quinden Jackson,RB,FA,566.0,,2026-07-30,505,169.0,rookie,43.50232057591662,11.608611712927818,169,505,505,True,
00-0036959,Michael Bandy,WR,DEN,556.0,10.0,2026-07-30,495,191.0,veteran,0.7672231839698745,0.4554350854278295,195,506,506,False,0.7672231839698745
00-0031235,Odell Beckham Jr.,WR,NYG,437.0,8.0,2026-07-30,385,152.0,veteran,0.0,0.0,196,507,507,False,0.0
00-0034364,Jordan Akins,TE,FA,554.0,,2026-07-30,493,87.0,veteran,5.871865703624812,1.4817137715315862,90,508,508,False,5.871865703624812
00-0041220,Michael Wortham,WR,JAC,570.0,7.0,2026-07-30,509,197.0,rookie,6.041178116187195,4.2342677834979074,197,509,509,True,
00-0040388,Jakobie Keeney-James,WR,FA,470.0,,2026-07-30,414,162.0,veteran,0.0,0.0,198,510,510,False,0.0
00-0036020,Salvon Ahmed,RB,CHI,508.0,10.0,2026-07-30,450,151.0,veteran,0.0,0.0,170,511,511,False,0.0
00-0041307,Joshua Pitsenberger,RB,HOU,574.0,8.0,2026-07-30,512,171.0,rookie,50.79067851079546,12.139992120523319,171,512,512,True,
00-0036556,Brevin Jordan,TE,HOU,575.0,8.0,2026-07-30,513,91.0,veteran,5.633052330575009,2.0902494520279564,91,513,513,False,5.633052330575009
00-0038862,Elijah Dotson,RB,FA,523.0,,2026-07-30,464,157.0,veteran,0.0,0.0,172,514,514,False,0.0
00-0037300,Michael Woods II,WR,DEN,481.0,10.0,2026-07-30,425,166.0,veteran,0.0,0.0,199,515,515,False,0.0
00-0041084,Tanner Koziol,TE,JAC,578.0,7.0,2026-07-30,516,92.0,rookie,2.383306670247012,3.737647230976585,92,516,516,True,
00-0031595,Michael Burton,RB,CLE,553.0,11.0,2026-07-30,492,164.0,veteran,0.0,0.0,173,517,517,False,0.0
00-0034838,Royce Freeman,RB,FA,562.0,,2026-07-30,501,168.0,veteran,0.0,0.0,174,518,518,False,0.0
00-0036670,Jermar Jefferson,RB,FA,580.0,,2026-07-30,518,174.0,veteran,0.0,0.0,175,519,519,False,0.0
00-0041116,Jack Endries,TE,CIN,582.0,6.0,2026-07-30,520,93.0,rookie,2.383306670247012,3.737647230976585,93,520,520,True,
00-0040244,Moliki Matavao,TE,NO,550.0,8.0,2026-07-30,489,85.0,veteran,5.284992766065196,2.54021814462115,94,521,521,False,5.284992766065196
00-0036423,Albert Okwuegbunam Jr.,TE,LV,504.0,13.0,2026-07-30,446,78.0,veteran,0.0,0.0,95,522,522,False,0.0
00-0037422,Kendric Pryor,WR,CIN,484.0,6.0,2026-07-30,427,168.0,veteran,0.0,0.0,200,523,523,False,0.0
00-0034411,Russell Gage Jr.,WR,FA,528.0,,2026-07-30,469,178.0,veteran,0.0,0.0,201,524,524,False,0.0
00-0031598,Nick Boyle,TE,FA,584.0,,2026-07-30,522,95.0,veteran,0.0,0.0,96,525,525,False,0.0
00-0036005,Noah Togiai,TE,FA,587.0,,2026-07-30,525,96.0,veteran,0.0,0.0,97,526,526,False,0.0
00-0036271,Quez Watkins,WR,PHI,543.0,10.0,2026-07-30,482,185.0,veteran,0.0,0.0,202,527,527,False,0.0
