position,factor_a,factor_b,rho,n
QB,injury_burden,practice_severity,0.5601493475608743,340
QB,injury_burden,depth_end_rank,-0.003659625126958042,295
QB,injury_burden,combine_z,0.30398264800095587,289
QB,injury_burden,neutral_pass_rate,-0.12517675772751305,340
QB,injury_burden,yoe_rate,0.08378550928565258,333
QB,injury_burden,qb_rush_att_pg,0.05098914744331637,313
QB,injury_burden,placebo,0.027419559696612913,340
QB,injury_burden,xfp_diff,0.09277820958459915,333
QB,injury_burden,implied_team_total,-0.25539561905500985,45
QB,injury_burden,team_pace,-0.1067421572699094,340
QB,injury_burden,is_contract_year,0.036786957251959344,321
QB,injury_burden,hc_disruption,0.06713808096235184,319
QB,injury_burden,two_wr_rate,0.0015165750950510632,138
QB,injury_burden,proe,-0.11407866405131185,340
QB,injury_burden,oc_disruption,0.034423450302980815,321
QB,injury_burden,age,0.05899241583635224,340
QB,injury_burden,draft_capital,-0.08733868954853528,340
QB,injury_burden,depth_rostered_absent,0.12474996308849517,334
QB,injury_burden,depth_offroster,0.1285698541222937,334
QB,injury_burden,depth_first_share,-0.03344112488058589,334
QB,injury_burden,inj_missed_share,0.6016317014036754,334
QB,injury_burden,inj_unexp_missed_share,0.02597417286512158,334
QB,practice_severity,depth_end_rank,0.21219153194170015,295
QB,practice_severity,combine_z,-0.09057210121406921,289
QB,practice_severity,neutral_pass_rate,-0.028145552607051254,340
QB,practice_severity,yoe_rate,0.052196783548232116,333
QB,practice_severity,qb_rush_att_pg,-0.19401139811939133,313
QB,practice_severity,placebo,0.02484715314597725,340
QB,practice_severity,xfp_diff,0.09293660970596904,333
QB,practice_severity,implied_team_total,-0.1085890323298956,45
QB,practice_severity,team_pace,-0.04522233103595535,340
QB,practice_severity,is_contract_year,0.09311547269865643,321
QB,practice_severity,hc_disruption,0.04723585428720744,319
QB,practice_severity,two_wr_rate,0.09847636401289724,138
QB,practice_severity,proe,-0.030987536961428384,340
QB,practice_severity,oc_disruption,0.07999643375291106,321
QB,practice_severity,age,0.0800303356084317,340
QB,practice_severity,draft_capital,0.1575988677991467,340
QB,practice_severity,depth_rostered_absent,0.2783964104127482,334
QB,practice_severity,depth_offroster,0.2483243936175281,334
QB,practice_severity,depth_first_share,-0.27585581015214106,334
QB,practice_severity,inj_missed_share,0.36099249650036375,334
QB,practice_severity,inj_unexp_missed_share,0.2681528016264936,334
QB,depth_end_rank,combine_z,-0.09534832442287385,317
QB,depth_end_rank,neutral_pass_rate,-0.03412388302846076,390
QB,depth_end_rank,yoe_rate,-0.13541221447397067,368
QB,depth_end_rank,qb_rush_att_pg,-0.34437745590575897,345
QB,depth_end_rank,placebo,-0.09055902906150518,390
QB,depth_end_rank,xfp_diff,-0.17896649706072743,368
QB,depth_end_rank,implied_team_total,-0.041470059270386155,52
QB,depth_end_rank,team_pace,0.012090498377777622,390
QB,depth_end_rank,is_contract_year,0.23051175354382109,361
QB,depth_end_rank,hc_disruption,-0.009606736403514463,356
QB,depth_end_rank,two_wr_rate,-0.011400805825266676,155
QB,depth_end_rank,proe,-0.04567130235768092,390
QB,depth_end_rank,oc_disruption,0.07738080972523938,369
QB,depth_end_rank,age,-0.1530451123791318,389
QB,depth_end_rank,draft_capital,0.4390955613653578,390
QB,depth_end_rank,depth_rostered_absent,0.7004541107431786,372
QB,depth_end_rank,depth_offroster,0.2197768640106312,372
QB,depth_end_rank,depth_first_share,-0.8077209516733719,372
QB,depth_end_rank,inj_missed_share,-0.06906189917435655,372
QB,depth_end_rank,inj_unexp_missed_share,0.7367279676811094,372
QB,combine_z,neutral_pass_rate,-0.1112379262329788,402
QB,combine_z,yoe_rate,0.06267113562191068,344
QB,combine_z,qb_rush_att_pg,0.4705185243673453,313
QB,combine_z,placebo,0.01976843770896457,402
QB,combine_z,xfp_diff,0.14718035640434857,344
QB,combine_z,implied_team_total,-0.1053334235667262,54
QB,combine_z,team_pace,-0.023920925480157264,402
QB,combine_z,is_contract_year,-0.020055245755159216,371
QB,combine_z,hc_disruption,-0.02563897175402681,371
QB,combine_z,two_wr_rate,-0.07046027245825835,168
QB,combine_z,proe,-0.04769123699466855,402
QB,combine_z,oc_disruption,-0.05942262691845458,380
QB,combine_z,age,-0.06307651418162008,402
QB,combine_z,draft_capital,-0.25724345782536395,402
QB,combine_z,depth_rostered_absent,-0.11849651667821864,348
QB,combine_z,depth_offroster,0.006398944131279512,348
QB,combine_z,depth_first_share,0.15276689308074612,348
QB,combine_z,inj_missed_share,0.21383800959422006,348
QB,combine_z,inj_unexp_missed_share,-0.13879739245450012,348
QB,neutral_pass_rate,yoe_rate,-0.07541896721662887,415
QB,neutral_pass_rate,qb_rush_att_pg,-0.23780747243361033,380
QB,neutral_pass_rate,placebo,-0.016371268257371074,502
QB,neutral_pass_rate,xfp_diff,-0.034030051974696156,415
QB,neutral_pass_rate,implied_team_total,0.67703589912401,69
QB,neutral_pass_rate,team_pace,0.3505672491063884,502
QB,neutral_pass_rate,is_contract_year,0.025459877510763583,460
QB,neutral_pass_rate,hc_disruption,-0.14364263741278668,463
QB,neutral_pass_rate,two_wr_rate,-0.23463962459047114,208
QB,neutral_pass_rate,proe,0.9030938061317397,502
QB,neutral_pass_rate,oc_disruption,-0.07292990588170233,472
QB,neutral_pass_rate,age,0.24230312646824714,501
QB,neutral_pass_rate,draft_capital,-0.0840089441618729,502
QB,neutral_pass_rate,depth_rostered_absent,-0.11161331832984034,420
QB,neutral_pass_rate,depth_offroster,-0.027237758047110386,420
QB,neutral_pass_rate,depth_first_share,0.06589650069526827,420
QB,neutral_pass_rate,inj_missed_share,-0.08882204776987704,420
QB,neutral_pass_rate,inj_unexp_missed_share,-0.0749653105318633,420
QB,yoe_rate,qb_rush_att_pg,0.12712822307463573,380
QB,yoe_rate,placebo,0.011453002646035649,415
QB,yoe_rate,xfp_diff,0.6528231655719869,415
QB,yoe_rate,implied_team_total,-0.024258475240064,52
QB,yoe_rate,team_pace,-0.1351866729567616,415
QB,yoe_rate,is_contract_year,-0.09373665022324279,385
QB,yoe_rate,hc_disruption,-0.034963170506324505,382
QB,yoe_rate,two_wr_rate,0.011835095763562802,166
QB,yoe_rate,proe,-0.06594266468828383,415
QB,yoe_rate,oc_disruption,0.02943877700120678,391
QB,yoe_rate,age,0.16029664497232998,415
QB,yoe_rate,draft_capital,0.007856577643087535,415
QB,yoe_rate,depth_rostered_absent,-0.1434575712642069,415
QB,yoe_rate,depth_offroster,0.04197145173021662,415
QB,yoe_rate,depth_first_share,0.14893436105548843,415
QB,yoe_rate,inj_missed_share,-0.011916324489844728,415
QB,yoe_rate,inj_unexp_missed_share,-0.10814802631278043,415
QB,qb_rush_att_pg,placebo,0.057758356632878996,380
QB,qb_rush_att_pg,xfp_diff,0.13569956604319725,380
QB,qb_rush_att_pg,implied_team_total,-0.14378039045330307,48
QB,qb_rush_att_pg,team_pace,-0.10040734795356704,380
QB,qb_rush_att_pg,is_contract_year,-0.1292249539257021,356
QB,qb_rush_att_pg,hc_disruption,-0.01842377056113914,348
QB,qb_rush_att_pg,two_wr_rate,0.10092338093496442,150
QB,qb_rush_att_pg,proe,-0.22146810896152566,380
QB,qb_rush_att_pg,oc_disruption,-0.006962460926562074,357
QB,qb_rush_att_pg,age,-0.30319205268104477,380
QB,qb_rush_att_pg,draft_capital,-0.29255912112344584,380
QB,qb_rush_att_pg,depth_rostered_absent,-0.3354527744778893,380
QB,qb_rush_att_pg,depth_offroster,-0.07134284612319722,380
QB,qb_rush_att_pg,depth_first_share,0.3949657255762027,380
QB,qb_rush_att_pg,inj_missed_share,0.06263149124925088,380
QB,qb_rush_att_pg,inj_unexp_missed_share,-0.37915246819051523,380
QB,placebo,xfp_diff,0.03562343017555171,415
QB,placebo,implied_team_total,-0.11527953348706939,69
QB,placebo,team_pace,0.005508640891199183,502
QB,placebo,is_contract_year,0.027913290385388107,460
QB,placebo,hc_disruption,0.055317187134845805,463
QB,placebo,two_wr_rate,0.09991955006375416,208
QB,placebo,proe,-0.020596270796298378,502
QB,placebo,oc_disruption,0.04743651692067282,472
QB,placebo,age,-0.07429213827648197,501
QB,placebo,draft_capital,-0.049901542754875954,502
QB,placebo,depth_rostered_absent,-0.06804853937812468,420
QB,placebo,depth_offroster,0.03180734217081677,420
QB,placebo,depth_first_share,0.0622007181481231,420
QB,placebo,inj_missed_share,-0.015953960277070228,420
QB,placebo,inj_unexp_missed_share,-0.04772298771243229,420
QB,xfp_diff,implied_team_total,0.14653314885327395,52
QB,xfp_diff,team_pace,-0.10518434757016983,415
QB,xfp_diff,is_contract_year,-0.07443792811845751,385
QB,xfp_diff,hc_disruption,-0.0196023021527262,382
QB,xfp_diff,two_wr_rate,-0.12380937411447802,166
QB,xfp_diff,proe,-0.06345475960394767,415
QB,xfp_diff,oc_disruption,-0.0434529088657689,391
QB,xfp_diff,age,0.08765880421944208,415
QB,xfp_diff,draft_capital,-0.017686301044041033,415
QB,xfp_diff,depth_rostered_absent,-0.18527065525291445,415
QB,xfp_diff,depth_offroster,0.013408338869384445,415
QB,xfp_diff,depth_first_share,0.19917774586168643,415
QB,xfp_diff,inj_missed_share,0.022255716121433986,415
QB,xfp_diff,inj_unexp_missed_share,-0.17834937972746712,415
QB,implied_team_total,team_pace,0.5475210767908414,69
QB,implied_team_total,is_contract_year,-0.06505375562586661,67
QB,implied_team_total,hc_disruption,-0.25707763790544663,69
QB,implied_team_total,two_wr_rate,0.12320550099668988,69
QB,implied_team_total,proe,0.7113805526599731,69
QB,implied_team_total,oc_disruption,-0.179066973454866,67
QB,implied_team_total,age,0.23052251091468515,69
QB,implied_team_total,draft_capital,-0.027592529245286955,69
QB,implied_team_total,depth_rostered_absent,-0.2901158210741581,53
QB,implied_team_total,depth_offroster,-0.06281535815666195,53
QB,implied_team_total,depth_first_share,0.1527178405134912,53
QB,implied_team_total,inj_missed_share,-0.27007477116037054,53
QB,implied_team_total,inj_unexp_missed_share,-0.22729171412848698,53
QB,team_pace,is_contract_year,-0.009536600128650794,460
QB,team_pace,hc_disruption,-0.05083282720911772,463
QB,team_pace,two_wr_rate,0.18984335041134603,208
QB,team_pace,proe,0.32502745660333165,502
QB,team_pace,oc_disruption,-0.12516086051167546,472
QB,team_pace,age,0.08374273742804192,501
QB,team_pace,draft_capital,0.009833106586537785,502
QB,team_pace,depth_rostered_absent,-0.04948796847232346,420
QB,team_pace,depth_offroster,-0.0036294900601438287,420
QB,team_pace,depth_first_share,-0.012362179028930428,420
QB,team_pace,inj_missed_share,-0.046637095618363544,420
QB,team_pace,inj_unexp_missed_share,-0.03457013736135967,420
QB,is_contract_year,hc_disruption,-0.02383726694661241,431
QB,is_contract_year,two_wr_rate,-0.08299006386583488,202
QB,is_contract_year,proe,-0.005342571699114435,460
QB,is_contract_year,oc_disruption,-0.0388038739841194,438
QB,is_contract_year,age,0.23470494580947227,460
QB,is_contract_year,draft_capital,0.1830224958936823,460
QB,is_contract_year,depth_rostered_absent,0.2836728896910759,388
QB,is_contract_year,depth_offroster,0.16683146359725246,388
QB,is_contract_year,depth_first_share,-0.32655193930272375,388
QB,is_contract_year,inj_missed_share,-0.019687636284320652,388
QB,is_contract_year,inj_unexp_missed_share,0.3560604113968333,388
QB,hc_disruption,two_wr_rate,0.03402986129292152,204
QB,hc_disruption,proe,-0.17584434956297104,463
QB,hc_disruption,oc_disruption,0.5291243043127857,435
QB,hc_disruption,age,-0.10824075089090904,462
QB,hc_disruption,draft_capital,0.03227258470759355,463
QB,hc_disruption,depth_rostered_absent,0.1067038247038126,387
QB,hc_disruption,depth_offroster,0.03961823835780439,387
QB,hc_disruption,depth_first_share,-0.024575957483229795,387
QB,hc_disruption,inj_missed_share,0.04735833062208134,387
QB,hc_disruption,inj_unexp_missed_share,0.07090925529939153,387
QB,two_wr_rate,proe,-0.2831889270993585,208
QB,two_wr_rate,oc_disruption,-0.011969466045567492,197
QB,two_wr_rate,age,-0.02039461624452163,208
QB,two_wr_rate,draft_capital,0.044255592898274444,208
QB,two_wr_rate,depth_rostered_absent,0.09855319707659423,168
QB,two_wr_rate,depth_offroster,-0.008957037430390936,168
QB,two_wr_rate,depth_first_share,-0.09329066014136356,168
QB,two_wr_rate,inj_missed_share,-0.005415852888545247,168
QB,two_wr_rate,inj_unexp_missed_share,0.07988727114330409,168
QB,proe,oc_disruption,-0.10835211368937507,472
QB,proe,age,0.24691233763834808,501
QB,proe,draft_capital,-0.0800238183877222,502
QB,proe,depth_rostered_absent,-0.1574632491597907,420
QB,proe,depth_offroster,-0.059386970897916475,420
QB,proe,depth_first_share,0.09008151719683487,420
QB,proe,inj_missed_share,-0.0892622856364196,420
QB,proe,inj_unexp_missed_share,-0.12034758568128068,420
QB,oc_disruption,age,-0.0668843306097857,471
QB,oc_disruption,draft_capital,-0.004241711394463016,472
QB,oc_disruption,depth_rostered_absent,0.07692690925914764,396
QB,oc_disruption,depth_offroster,0.11228514431985419,396
QB,oc_disruption,depth_first_share,-0.07265019388494275,396
QB,oc_disruption,inj_missed_share,0.006002053324008672,396
QB,oc_disruption,inj_unexp_missed_share,0.12137273885303276,396
QB,age,draft_capital,0.02307803283543455,501
QB,age,depth_rostered_absent,-0.05513238496497188,420
QB,age,depth_offroster,-0.03950004518004003,420
QB,age,depth_first_share,0.10179100312112704,420
QB,age,inj_missed_share,0.004379570758718555,420
QB,age,inj_unexp_missed_share,-0.0703427127063816,420
QB,draft_capital,depth_rostered_absent,0.4352319461205882,420
QB,draft_capital,depth_offroster,0.12651710102302297,420
QB,draft_capital,depth_first_share,-0.5078797724654195,420
QB,draft_capital,inj_missed_share,-0.15422686927285234,420
QB,draft_capital,inj_unexp_missed_share,0.49876386191622546,420
QB,depth_rostered_absent,depth_offroster,-0.08848430209266646,420
QB,depth_rostered_absent,depth_first_share,-0.7761117230038452,420
QB,depth_rostered_absent,inj_missed_share,0.047128878076729844,420
QB,depth_rostered_absent,inj_unexp_missed_share,0.7912124333272478,420
QB,depth_offroster,depth_first_share,-0.2890674088044309,420
QB,depth_offroster,inj_missed_share,0.05388262994181886,420
QB,depth_offroster,inj_unexp_missed_share,0.37368860071300536,420
QB,depth_first_share,inj_missed_share,0.1047034654805707,420
QB,depth_first_share,inj_unexp_missed_share,-0.9053393615860961,420
QB,inj_missed_share,inj_unexp_missed_share,-0.17060190161926964,420
RB,injury_burden,practice_severity,0.6082358570424516,661
RB,injury_burden,depth_end_rank,-0.02054679462199305,517
RB,injury_burden,combine_z,0.0824604477772568,456
RB,injury_burden,neutral_pass_rate,0.13277599971276177,661
RB,injury_burden,yoe_rate,-0.014391115775381661,650
RB,injury_burden,snap_share,0.08911249631978783,488
RB,injury_burden,redzone_share,0.06080801866206688,589
RB,injury_burden,yac_per_rec,0.0025369250686016627,496
RB,injury_burden,rb_receiving_share,-0.018339239665195742,624
RB,injury_burden,late_season_trend,-0.06444865992637358,567
RB,injury_burden,explosive_rush_rate,-0.03992517718332917,661
RB,injury_burden,placebo,-0.008437275404265632,661
RB,injury_burden,xfp_diff,-0.07234733452134313,650
RB,injury_burden,tprr,-0.003314581244720524,282
RB,injury_burden,implied_team_total,0.2818295255909198,96
RB,injury_burden,team_pace,0.10387097484813441,661
RB,injury_burden,is_contract_year,-0.013979945710425348,570
RB,injury_burden,hc_disruption,-0.0075493122450178765,612
RB,injury_burden,ol_ybc,0.15223665627431757,96
RB,injury_burden,two_wr_rate,0.0270188527774645,272
RB,injury_burden,proe,0.1263817334702228,661
RB,injury_burden,oc_disruption,0.009590712186276905,628
RB,injury_burden,age,0.13426607786671926,661
RB,injury_burden,draft_capital,-0.12834941729954025,661
RB,injury_burden,share_level,0.08442269456604559,660
RB,injury_burden,adot,-0.11055750555368671,645
RB,injury_burden,depth_rostered_absent,0.21230828770764787,660
RB,injury_burden,depth_offroster,0.03462141151798224,660
RB,injury_burden,depth_first_share,-0.006879183082719347,660
RB,injury_burden,inj_missed_share,0.6781904850265684,660
RB,injury_burden,inj_unexp_missed_share,-0.054022318610515326,660
RB,practice_severity,depth_end_rank,0.06841795400696205,517
RB,practice_severity,combine_z,0.0009452459128826047,456
RB,practice_severity,neutral_pass_rate,0.15449106723223355,661
RB,practice_severity,yoe_rate,-0.11074268909398491,650
RB,practice_severity,snap_share,-0.09628173974567472,488
RB,practice_severity,redzone_share,-0.1342231936672244,589
RB,practice_severity,yac_per_rec,-0.07673362379643328,496
RB,practice_severity,rb_receiving_share,-0.016355496247001142,624
RB,practice_severity,late_season_trend,-0.06543001436312557,567
RB,practice_severity,explosive_rush_rate,-0.07311873607718403,661
RB,practice_severity,placebo,-0.02790070163409471,661
RB,practice_severity,xfp_diff,-0.14883869454369159,650
RB,practice_severity,tprr,0.1374439597703547,282
RB,practice_severity,implied_team_total,0.18324298678987627,96
RB,practice_severity,team_pace,0.12153720065190916,661
RB,practice_severity,is_contract_year,0.04715500827631246,570
RB,practice_severity,hc_disruption,-0.016380995251635364,612
RB,practice_severity,ol_ybc,0.13571203513963181,96
RB,practice_severity,two_wr_rate,0.06458983797905658,272
RB,practice_severity,proe,0.15469238515614536,661
RB,practice_severity,oc_disruption,-0.007094712054278846,628
RB,practice_severity,age,0.0759771167145678,661
RB,practice_severity,draft_capital,-0.016255646337444456,661
RB,practice_severity,share_level,-0.08992387805225491,660
RB,practice_severity,adot,-0.06451799390727739,645
RB,practice_severity,depth_rostered_absent,0.22997446296136898,660
RB,practice_severity,depth_offroster,0.14963606277770133,660
RB,practice_severity,depth_first_share,-0.110442985295372,660
RB,practice_severity,inj_missed_share,0.44486915295956475,660
RB,practice_severity,inj_unexp_missed_share,0.11017761985073189,660
RB,depth_end_rank,combine_z,-0.043429072685819976,396
RB,depth_end_rank,neutral_pass_rate,0.09167799053473974,607
RB,depth_end_rank,yoe_rate,-0.10748125948820647,592
RB,depth_end_rank,snap_share,-0.5529785427198723,455
RB,depth_end_rank,redzone_share,-0.5537294582971172,551
RB,depth_end_rank,yac_per_rec,-0.012960102802268138,460
RB,depth_end_rank,rb_receiving_share,0.0012083206215405258,581
RB,depth_end_rank,late_season_trend,-0.08585643301423386,543
RB,depth_end_rank,explosive_rush_rate,-0.05109478578536125,607
RB,depth_end_rank,placebo,0.0783935654728415,607
RB,depth_end_rank,xfp_diff,-0.14136573059823318,592
RB,depth_end_rank,tprr,0.45498789573235837,251
RB,depth_end_rank,implied_team_total,0.10350674677676057,84
RB,depth_end_rank,team_pace,0.07013691924269537,607
RB,depth_end_rank,is_contract_year,0.07849960337728555,514
RB,depth_end_rank,hc_disruption,0.0409488922813311,556
RB,depth_end_rank,ol_ybc,0.08518813625675385,84
RB,depth_end_rank,two_wr_rate,-0.11850845629219223,242
RB,depth_end_rank,proe,0.0999919529817647,607
RB,depth_end_rank,oc_disruption,0.028280190910235162,576
RB,depth_end_rank,age,-0.1715580502449814,607
RB,depth_end_rank,draft_capital,0.26462556436102247,607
RB,depth_end_rank,share_level,-0.476069368508455,603
RB,depth_end_rank,adot,-0.03929059505450203,588
RB,depth_end_rank,depth_rostered_absent,0.3891388548789829,603
RB,depth_end_rank,depth_offroster,0.24562535684073386,603
RB,depth_end_rank,depth_first_share,-0.7998424536508615,603
RB,depth_end_rank,inj_missed_share,-0.02223900813782733,603
RB,depth_end_rank,inj_unexp_missed_share,0.504387245493117,603
RB,combine_z,neutral_pass_rate,-0.03337721316477537,632
RB,combine_z,yoe_rate,0.03594424868720833,507
RB,combine_z,snap_share,0.00466192183615113,391
RB,combine_z,redzone_share,-0.06053123787664146,467
RB,combine_z,yac_per_rec,0.06652398665426941,402
RB,combine_z,rb_receiving_share,0.12199081832241353,485
RB,combine_z,late_season_trend,-0.0347866227111824,429
RB,combine_z,explosive_rush_rate,0.006293146273448493,632
RB,combine_z,placebo,-0.014696192098710424,632
RB,combine_z,xfp_diff,0.04276857393956336,507
RB,combine_z,tprr,0.07713597432098451,215
RB,combine_z,implied_team_total,0.028910807010550096,88
RB,combine_z,team_pace,-0.03181708054072576,632
RB,combine_z,is_contract_year,0.005959488080340875,590
RB,combine_z,hc_disruption,-0.0840656855477653,594
RB,combine_z,ol_ybc,-0.02515707223868349,88
RB,combine_z,two_wr_rate,-0.03334766160683435,260
RB,combine_z,proe,-0.01837223217481737,632
RB,combine_z,oc_disruption,-0.08452976015289242,600
RB,combine_z,age,0.07669148849171348,632
RB,combine_z,draft_capital,-0.23250238136757642,632
RB,combine_z,share_level,0.003148527862087811,510
RB,combine_z,adot,0.013085961906037506,503
RB,combine_z,depth_rostered_absent,-0.00135334226642339,510
RB,combine_z,depth_offroster,0.05815976849664564,510
RB,combine_z,depth_first_share,0.09993168098167846,510
RB,combine_z,inj_missed_share,0.07875379492441886,510
RB,combine_z,inj_unexp_missed_share,-0.018841010862124037,510
RB,neutral_pass_rate,yoe_rate,-0.07347714569031243,762
RB,neutral_pass_rate,snap_share,-0.06158168068248224,572
RB,neutral_pass_rate,redzone_share,-0.07025577307558828,672
RB,neutral_pass_rate,yac_per_rec,0.03596966819403605,556
RB,neutral_pass_rate,rb_receiving_share,0.07212086533208874,721
RB,neutral_pass_rate,late_season_trend,0.001516649656752013,629
RB,neutral_pass_rate,explosive_rush_rate,-0.24193600653946393,1024
RB,neutral_pass_rate,placebo,-0.02081666007073809,1024
RB,neutral_pass_rate,xfp_diff,-0.06860797921675153,762
RB,neutral_pass_rate,tprr,0.01793506523276665,330
RB,neutral_pass_rate,implied_team_total,0.7005744546038192,142
RB,neutral_pass_rate,team_pace,0.3850497188855494,1024
RB,neutral_pass_rate,is_contract_year,0.03780591512021898,865
RB,neutral_pass_rate,hc_disruption,-0.12643134000850073,944
RB,neutral_pass_rate,ol_ybc,0.09452694565550346,142
RB,neutral_pass_rate,two_wr_rate,-0.1465630488435197,421
RB,neutral_pass_rate,proe,0.9003154111433541,1024
RB,neutral_pass_rate,oc_disruption,-0.08588623566980391,973
RB,neutral_pass_rate,age,-0.03215075064265634,1024
RB,neutral_pass_rate,draft_capital,0.06485239259132511,1024
RB,neutral_pass_rate,share_level,-0.016501936952689093,779
RB,neutral_pass_rate,adot,-0.0024586084245946443,750
RB,neutral_pass_rate,depth_rostered_absent,0.03535757826920263,780
RB,neutral_pass_rate,depth_offroster,0.0850258569815564,780
RB,neutral_pass_rate,depth_first_share,-0.04348825982788571,780
RB,neutral_pass_rate,inj_missed_share,0.0292417449983608,780
RB,neutral_pass_rate,inj_unexp_missed_share,0.061887856896823974,780
RB,yoe_rate,snap_share,0.1770114260912112,561
RB,yoe_rate,redzone_share,0.1840694211169524,672
RB,yoe_rate,yac_per_rec,0.34891494438324416,556
RB,yoe_rate,rb_receiving_share,-0.06399241416099441,721
RB,yoe_rate,late_season_trend,0.06295208589463826,621
RB,yoe_rate,explosive_rush_rate,0.145031914799975,762
RB,yoe_rate,placebo,-0.025543769966664708,762
RB,yoe_rate,xfp_diff,0.7484709338345028,762
RB,yoe_rate,tprr,-0.14125736551551282,324
RB,yoe_rate,implied_team_total,0.08909088268666868,106
RB,yoe_rate,team_pace,-0.002636369745269363,762
RB,yoe_rate,is_contract_year,-0.10804791574838783,650
RB,yoe_rate,hc_disruption,-0.05311760085343171,705
RB,yoe_rate,ol_ybc,-0.002969191982258126,106
RB,yoe_rate,two_wr_rate,0.07060646059612172,313
RB,yoe_rate,proe,-0.06292525887680435,762
RB,yoe_rate,oc_disruption,-0.03270045956820472,723
RB,yoe_rate,age,0.03110504093709935,762
RB,yoe_rate,draft_capital,-0.009786100260122119,762
RB,yoe_rate,share_level,0.1268263380792056,762
RB,yoe_rate,adot,0.04368154152394646,750
RB,yoe_rate,depth_rostered_absent,-0.05830229047327119,762
RB,yoe_rate,depth_offroster,-0.07592334188627825,762
RB,yoe_rate,depth_first_share,0.07062872785326549,762
RB,yoe_rate,inj_missed_share,0.007371015390858838,762
RB,yoe_rate,inj_unexp_missed_share,-0.12049498415908512,762
RB,snap_share,redzone_share,0.8014890305577222,519
RB,snap_share,yac_per_rec,0.0799383887178067,433
RB,snap_share,rb_receiving_share,0.03139794093049818,555
RB,snap_share,late_season_trend,-0.06998567308845939,479
RB,snap_share,explosive_rush_rate,0.03543078406838459,572
RB,snap_share,placebo,0.032008190729862204,572
RB,snap_share,xfp_diff,0.17719575104482205,561
RB,snap_share,tprr,-0.6569933088842801,283
RB,snap_share,implied_team_total,-0.07833322081899413,97
RB,snap_share,team_pace,-0.03949192470630651,572
RB,snap_share,is_contract_year,-0.23615410233113046,516
RB,snap_share,hc_disruption,-0.007168432587875403,560
RB,snap_share,ol_ybc,-0.10191147423423515,97
RB,snap_share,two_wr_rate,-0.043908262948996815,283
RB,snap_share,proe,-0.06503186720039235,572
RB,snap_share,oc_disruption,0.009950387874641156,548
RB,snap_share,age,0.1221333643849158,572
RB,snap_share,draft_capital,-0.5078883342086771,572
RB,snap_share,share_level,0.8315910332388115,572
RB,snap_share,adot,-0.04132206198639209,555
RB,snap_share,depth_rostered_absent,-0.5008366818701379,572
RB,snap_share,depth_offroster,-0.20394879842376828,572
RB,snap_share,depth_first_share,0.5756348683581528,572
RB,snap_share,inj_missed_share,0.11378608362681393,572
RB,snap_share,inj_unexp_missed_share,-0.5514395921379169,572
RB,redzone_share,yac_per_rec,0.10607320178220997,550
RB,redzone_share,rb_receiving_share,-0.21834613285839197,670
RB,redzone_share,late_season_trend,0.031086398332908435,586
RB,redzone_share,explosive_rush_rate,0.0030472719332333546,672
RB,redzone_share,placebo,-0.032127479176278,672
RB,redzone_share,xfp_diff,0.1817435920230577,672
RB,redzone_share,tprr,-0.6414437733111215,287
RB,redzone_share,implied_team_total,-0.12245907032369067,88
RB,redzone_share,team_pace,-0.04866444090003526,672
RB,redzone_share,is_contract_year,-0.20670769107412965,580
RB,redzone_share,hc_disruption,-0.0033891860633368104,623
RB,redzone_share,ol_ybc,-0.18092186580488853,88
RB,redzone_share,two_wr_rate,0.010285412943433785,274
RB,redzone_share,proe,-0.07609487757393915,672
RB,redzone_share,oc_disruption,0.033718089363306995,636
RB,redzone_share,age,0.09374609785871695,672
RB,redzone_share,draft_capital,-0.40128404305917154,672
RB,redzone_share,share_level,0.8348739120718535,672
RB,redzone_share,adot,-0.04914828411352049,669
RB,redzone_share,depth_rostered_absent,-0.49260407421909846,672
RB,redzone_share,depth_offroster,-0.3748782077900117,672
RB,redzone_share,depth_first_share,0.5500023832393339,672
RB,redzone_share,inj_missed_share,0.027047347091696736,672
RB,redzone_share,inj_unexp_missed_share,-0.6895856663136852,672
RB,yac_per_rec,rb_receiving_share,0.06950795968627181,556
RB,yac_per_rec,late_season_trend,-0.021143178052849352,512
RB,yac_per_rec,explosive_rush_rate,0.024737698766920356,556
RB,yac_per_rec,placebo,-0.0820654155077629,556
RB,yac_per_rec,xfp_diff,0.2271706065132484,556
RB,yac_per_rec,tprr,-0.14015490601335792,232
RB,yac_per_rec,implied_team_total,-0.023940468436030874,76
RB,yac_per_rec,team_pace,-0.015547976309795104,556
RB,yac_per_rec,is_contract_year,-0.11024047243685185,489
RB,yac_per_rec,hc_disruption,-0.04345422421425425,510
RB,yac_per_rec,ol_ybc,-0.10068677010810698,76
RB,yac_per_rec,two_wr_rate,-0.16724182877917107,221
RB,yac_per_rec,proe,0.011877098659458766,556
RB,yac_per_rec,oc_disruption,0.012527757272270196,530
RB,yac_per_rec,age,-0.008160785734472514,556
RB,yac_per_rec,draft_capital,-0.05071358845405977,556
RB,yac_per_rec,share_level,0.1095162923184676,556
RB,yac_per_rec,adot,-0.3113447093482512,556
RB,yac_per_rec,depth_rostered_absent,-0.031882300316023925,556
RB,yac_per_rec,depth_offroster,-0.005862434706438169,556
RB,yac_per_rec,depth_first_share,-0.0008659180874062588,556
RB,yac_per_rec,inj_missed_share,-0.013718207740595898,556
RB,yac_per_rec,inj_unexp_missed_share,-0.030672366024985822,556
RB,rb_receiving_share,late_season_trend,-0.12833176816769615,617
RB,rb_receiving_share,explosive_rush_rate,-0.01586621267869035,721
RB,rb_receiving_share,placebo,-0.027251773124129644,721
RB,rb_receiving_share,xfp_diff,0.026371345533765314,721
RB,rb_receiving_share,tprr,0.0654574512180393,308
RB,rb_receiving_share,implied_team_total,0.009123871808498702,97
RB,rb_receiving_share,team_pace,-0.024853153730991114,721
RB,rb_receiving_share,is_contract_year,-0.0033544943974942064,619
RB,rb_receiving_share,hc_disruption,0.002823021299141562,668
RB,rb_receiving_share,ol_ybc,0.021251744684851467,97
RB,rb_receiving_share,two_wr_rate,0.11455329156566178,296
RB,rb_receiving_share,proe,0.02393638156907045,721
RB,rb_receiving_share,oc_disruption,0.049341034341035275,682
RB,rb_receiving_share,age,-0.002622696678795606,721
RB,rb_receiving_share,draft_capital,0.10818997773854479,721
RB,rb_receiving_share,share_level,-0.3189280380858601,721
RB,rb_receiving_share,adot,0.23495398847150387,714
RB,rb_receiving_share,depth_rostered_absent,0.008308047953034312,721
RB,rb_receiving_share,depth_offroster,-0.027593635756488932,721
RB,rb_receiving_share,depth_first_share,0.012590513898045635,721
RB,rb_receiving_share,inj_missed_share,-0.04765726650124921,721
RB,rb_receiving_share,inj_unexp_missed_share,0.00563613364978473,721
RB,late_season_trend,explosive_rush_rate,-0.08564601609482132,629
RB,late_season_trend,placebo,0.028959293473579978,629
RB,late_season_trend,xfp_diff,0.0635729740919402,621
RB,late_season_trend,tprr,0.04111636476442991,263
RB,late_season_trend,implied_team_total,0.01548288471577993,87
RB,late_season_trend,team_pace,-0.025612713026082548,629
RB,late_season_trend,is_contract_year,-0.028271373255741538,541
RB,late_season_trend,hc_disruption,-0.03764642911651577,577
RB,late_season_trend,ol_ybc,-0.0025804807859633218,87
RB,late_season_trend,two_wr_rate,-0.04468608034414085,252
RB,late_season_trend,proe,0.030121543664581855,629
RB,late_season_trend,oc_disruption,-0.04329984529007809,597
RB,late_season_trend,age,-0.09938215050027988,629
RB,late_season_trend,draft_capital,0.06686830927276481,629
RB,late_season_trend,share_level,0.03383714507375694,629
RB,late_season_trend,adot,0.03142275067609613,617
RB,late_season_trend,depth_rostered_absent,-0.054457651192502274,629
RB,late_season_trend,depth_offroster,-0.11933674084530568,629
RB,late_season_trend,depth_first_share,-0.0660689913277667,629
RB,late_season_trend,inj_missed_share,-0.02967825485220249,629
RB,late_season_trend,inj_unexp_missed_share,-0.09732867088087921,629
RB,explosive_rush_rate,placebo,0.01934640520909141,1024
RB,explosive_rush_rate,xfp_diff,0.1369580422348608,762
RB,explosive_rush_rate,tprr,-0.0524520701882807,330
RB,explosive_rush_rate,implied_team_total,0.42590968509370736,142
RB,explosive_rush_rate,team_pace,-0.2390662341555823,1024
RB,explosive_rush_rate,is_contract_year,0.017274851044428764,865
RB,explosive_rush_rate,hc_disruption,-0.06921356905103622,944
RB,explosive_rush_rate,ol_ybc,0.4163375964600208,142
RB,explosive_rush_rate,two_wr_rate,0.09055825272613338,421
RB,explosive_rush_rate,proe,-0.2658300537839615,1024
RB,explosive_rush_rate,oc_disruption,-0.038870204715801306,973
RB,explosive_rush_rate,age,0.036746795350599895,1024
RB,explosive_rush_rate,draft_capital,-0.0266921568736765,1024
RB,explosive_rush_rate,share_level,0.005079830265928682,779
RB,explosive_rush_rate,adot,-0.007392077899209134,750
RB,explosive_rush_rate,depth_rostered_absent,-0.0028280094168591824,780
RB,explosive_rush_rate,depth_offroster,0.012222806345805607,780
RB,explosive_rush_rate,depth_first_share,0.04118880956686702,780
RB,explosive_rush_rate,inj_missed_share,-0.05625192660997887,780
RB,explosive_rush_rate,inj_unexp_missed_share,0.0170368952583901,780
RB,placebo,xfp_diff,0.021427670745598017,762
RB,placebo,tprr,-0.06139123570529507,330
RB,placebo,implied_team_total,-0.10421917143447963,142
RB,placebo,team_pace,-0.04039395246344551,1024
RB,placebo,is_contract_year,0.06031737114478231,865
RB,placebo,hc_disruption,-0.010688598183809817,944
RB,placebo,ol_ybc,-0.07948486271586866,142
RB,placebo,two_wr_rate,-0.0104882757506442,421
RB,placebo,proe,0.002995052574599638,1024
RB,placebo,oc_disruption,-0.024437970955213908,973
RB,placebo,age,0.010217912277430225,1024
RB,placebo,draft_capital,-0.004864825996934275,1024
RB,placebo,share_level,-0.0041488941928874154,779
RB,placebo,adot,-0.025156845303780536,750
RB,placebo,depth_rostered_absent,0.03353805256660438,780
RB,placebo,depth_offroster,0.0011236315975712145,780
RB,placebo,depth_first_share,-0.025524468344075797,780
RB,placebo,inj_missed_share,0.0128398805713368,780
RB,placebo,inj_unexp_missed_share,0.038387211634209446,780
RB,xfp_diff,tprr,-0.22439889310439862,324
RB,xfp_diff,implied_team_total,0.04680636257260899,106
RB,xfp_diff,team_pace,0.00519816053364627,762
RB,xfp_diff,is_contract_year,-0.11574304371784107,650
RB,xfp_diff,hc_disruption,-0.02809379619605923,705
RB,xfp_diff,ol_ybc,-0.06407707858486084,106
RB,xfp_diff,two_wr_rate,0.033694458703452494,313
RB,xfp_diff,proe,-0.08123356362156545,762
RB,xfp_diff,oc_disruption,-0.01844470832904798,723
RB,xfp_diff,age,-0.025536021613634087,762
RB,xfp_diff,draft_capital,-0.016969098626191472,762
RB,xfp_diff,share_level,0.11273282688126507,762
RB,xfp_diff,adot,0.03293376133981008,750
RB,xfp_diff,depth_rostered_absent,-0.08972959886449887,762
RB,xfp_diff,depth_offroster,-0.18141350299839543,762
RB,xfp_diff,depth_first_share,0.1133687397722707,762
RB,xfp_diff,inj_missed_share,-0.0458116576786175,762
RB,xfp_diff,inj_unexp_missed_share,-0.19927019050916353,762
RB,tprr,implied_team_total,0.06506516211166002,109
RB,tprr,team_pace,0.12777937729808309,330
RB,tprr,is_contract_year,0.13568648827890076,327
RB,tprr,hc_disruption,-0.01846320365912882,312
RB,tprr,ol_ybc,0.06641894772777837,109
RB,tprr,two_wr_rate,-0.0067410972599281655,317
RB,tprr,proe,0.07088628176519839,330
RB,tprr,oc_disruption,-0.08637153959414237,317
RB,tprr,age,-0.010248055365545433,330
RB,tprr,draft_capital,0.3099011293634987,330
RB,tprr,share_level,-0.6316818195732273,328
RB,tprr,adot,-0.021294220898913467,320
RB,tprr,depth_rostered_absent,0.35546459527147456,328
RB,tprr,depth_offroster,0.39061908754347036,328
RB,tprr,depth_first_share,-0.4544455444259677,328
RB,tprr,inj_missed_share,-0.014860060526985455,328
RB,tprr,inj_unexp_missed_share,0.6020070576310544,328
RB,implied_team_total,team_pace,0.5262658772286866,142
RB,implied_team_total,is_contract_year,-0.07077753779543235,140
RB,implied_team_total,hc_disruption,-0.3206273842974191,142
RB,implied_team_total,ol_ybc,0.27020347190459604,142
RB,implied_team_total,two_wr_rate,0.14469206463768236,142
RB,implied_team_total,proe,0.7238799394074179,142
RB,implied_team_total,oc_disruption,-0.17045793468507914,138
RB,implied_team_total,age,-0.056214324079273785,142
RB,implied_team_total,draft_capital,0.03224219858068157,142
RB,implied_team_total,share_level,-0.10173365576320877,110
RB,implied_team_total,adot,-0.13622491491993813,105
RB,implied_team_total,depth_rostered_absent,0.2243885402997289,110
RB,implied_team_total,depth_offroster,0.03684750121840674,110
RB,implied_team_total,depth_first_share,0.04537735960097159,110
RB,implied_team_total,inj_missed_share,0.10898224767946778,110
RB,implied_team_total,inj_unexp_missed_share,0.1050202967964894,110
RB,team_pace,is_contract_year,-0.024498186800561702,865
RB,team_pace,hc_disruption,-0.02274452827466224,944
RB,team_pace,ol_ybc,0.010754763693126265,142
RB,team_pace,two_wr_rate,0.22304341193159227,421
RB,team_pace,proe,0.3663497930568916,1024
RB,team_pace,oc_disruption,-0.0785622459574264,973
RB,team_pace,age,-0.010054893901277867,1024
RB,team_pace,draft_capital,0.047310884318636455,1024
RB,team_pace,share_level,-0.009277181750169011,779
RB,team_pace,adot,-0.028353279760736143,750
RB,team_pace,depth_rostered_absent,0.022529281004875612,780
RB,team_pace,depth_offroster,0.018280148863876494,780
RB,team_pace,depth_first_share,-0.014258975804856557,780
RB,team_pace,inj_missed_share,0.011561813045724711,780
RB,team_pace,inj_unexp_missed_share,0.023095118723532544,780
RB,is_contract_year,hc_disruption,-0.045290634797240034,802
RB,is_contract_year,ol_ybc,-0.05392574308223417,140
RB,is_contract_year,two_wr_rate,0.024870654538989092,416
RB,is_contract_year,proe,0.0057777290134800995,865
RB,is_contract_year,oc_disruption,-0.013691422633678679,823
RB,is_contract_year,age,0.354642177343584,865
RB,is_contract_year,draft_capital,0.1557052546399364,865
RB,is_contract_year,share_level,-0.19067057975337068,662
RB,is_contract_year,adot,0.05614147010376331,641
RB,is_contract_year,depth_rostered_absent,0.07827176606083538,662
RB,is_contract_year,depth_offroster,0.20037001310134675,662
RB,is_contract_year,depth_first_share,-0.11103779774623357,662
RB,is_contract_year,inj_missed_share,-0.03553083343195652,662
RB,is_contract_year,inj_unexp_missed_share,0.21421392977777692,662
RB,hc_disruption,ol_ybc,-0.26361771311150545,142
RB,hc_disruption,two_wr_rate,0.016038355197005177,413
RB,hc_disruption,proe,-0.15363141057381896,944
RB,hc_disruption,oc_disruption,0.49835787444430774,897
RB,hc_disruption,age,-0.026303949339519836,944
RB,hc_disruption,draft_capital,0.043470388592522696,944
RB,hc_disruption,share_level,-0.0299993087604389,718
RB,hc_disruption,adot,0.027332381548202347,693
RB,hc_disruption,depth_rostered_absent,-0.041929275029466945,719
RB,hc_disruption,depth_offroster,0.003555041275158101,719
RB,hc_disruption,depth_first_share,-0.03972971996975809,719
RB,hc_disruption,inj_missed_share,-0.008637149514137793,719
RB,hc_disruption,inj_unexp_missed_share,-0.013345347183264257,719
RB,ol_ybc,two_wr_rate,-0.12714791052103744,142
RB,ol_ybc,proe,0.14077284915216542,142
RB,ol_ybc,oc_disruption,-0.0139414886601755,138
RB,ol_ybc,age,-0.08951222651423471,142
RB,ol_ybc,draft_capital,-0.06363882553279757,142
RB,ol_ybc,share_level,-0.0868493250821069,110
RB,ol_ybc,adot,-0.004655023363880694,105
RB,ol_ybc,depth_rostered_absent,0.08140905538693557,110
RB,ol_ybc,depth_offroster,-0.062317117933605976,110
RB,ol_ybc,depth_first_share,-0.00746845911319624,110
RB,ol_ybc,inj_missed_share,0.13986722719080308,110
RB,ol_ybc,inj_unexp_missed_share,0.005746882184001345,110
RB,two_wr_rate,proe,-0.20120929636325666,421
RB,two_wr_rate,oc_disruption,-0.030014491564002342,402
RB,two_wr_rate,age,0.18705718266849947,421
RB,two_wr_rate,draft_capital,0.012955076307935104,421
RB,two_wr_rate,share_level,-0.0497221468447812,319
RB,two_wr_rate,adot,0.23152757207995894,309
RB,two_wr_rate,depth_rostered_absent,-0.029047197039889585,319
RB,two_wr_rate,depth_offroster,-0.08818401724300919,319
RB,two_wr_rate,depth_first_share,0.12166407728829508,319
RB,two_wr_rate,inj_missed_share,-0.013354951400326094,319
RB,two_wr_rate,inj_unexp_missed_share,-0.10587806728267853,319
RB,proe,oc_disruption,-0.11240873893483609,973
RB,proe,age,-0.03334258297580364,1024
RB,proe,draft_capital,0.05190182625677979,1024
RB,proe,share_level,-0.021297368585090206,779
RB,proe,adot,-0.008827625669263558,750
RB,proe,depth_rostered_absent,0.037315011274550815,780
RB,proe,depth_offroster,0.07941110087084574,780
RB,proe,depth_first_share,-0.0610679990512902,780
RB,proe,inj_missed_share,0.043016593357705454,780
RB,proe,inj_unexp_missed_share,0.05856294997416987,780
RB,oc_disruption,age,-0.04679543633483049,973
RB,oc_disruption,draft_capital,0.029392018334363407,973
RB,oc_disruption,share_level,0.013173736538877117,740
RB,oc_disruption,adot,0.014603517237261639,712
RB,oc_disruption,depth_rostered_absent,0.0035139411700436866,741
RB,oc_disruption,depth_offroster,0.02822869397045353,741
RB,oc_disruption,depth_first_share,-0.03680243348925347,741
RB,oc_disruption,inj_missed_share,0.040200605199911935,741
RB,oc_disruption,inj_unexp_missed_share,0.003856829924935875,741
RB,age,draft_capital,-0.04916520265726686,1024
RB,age,share_level,0.15074688322360752,779
RB,age,adot,-0.028094595938463165,750
RB,age,depth_rostered_absent,-0.06154545997829969,780
RB,age,depth_offroster,-0.007874209726118896,780
RB,age,depth_first_share,0.14517838012173728,780
RB,age,inj_missed_share,0.09240274153782092,780
RB,age,inj_unexp_missed_share,-0.07966087489992042,780
RB,draft_capital,share_level,-0.538063971587731,779
RB,draft_capital,adot,0.03393340839684261,750
RB,draft_capital,depth_rostered_absent,0.21012181893940027,780
RB,draft_capital,depth_offroster,0.15456828221865945,780
RB,draft_capital,depth_first_share,-0.3187987263300268,780
RB,draft_capital,inj_missed_share,-0.12522971996250984,780
RB,draft_capital,inj_unexp_missed_share,0.3368613423416776,780
RB,share_level,adot,-0.15649170179405286,750
RB,share_level,depth_rostered_absent,-0.40070623148930795,779
RB,share_level,depth_offroster,-0.3051733637531965,779
RB,share_level,depth_first_share,0.5042979458173794,779
RB,share_level,inj_missed_share,0.11433336769692944,779
RB,share_level,inj_unexp_missed_share,-0.5964569418445249,779
RB,adot,depth_rostered_absent,-0.04909529181483467,750
RB,adot,depth_offroster,-0.048755444711849456,750
RB,adot,depth_first_share,0.024016383224319784,750
RB,adot,inj_missed_share,-0.056922322608389885,750
RB,adot,inj_unexp_missed_share,-0.04525164560777716,750
RB,depth_rostered_absent,depth_offroster,-0.06286925123228272,780
RB,depth_rostered_absent,depth_first_share,-0.24641220831159133,780
RB,depth_rostered_absent,inj_missed_share,0.3772677159637055,780
RB,depth_rostered_absent,inj_unexp_missed_share,0.44447285342449344,780
RB,depth_offroster,depth_first_share,-0.36025640367137723,780
RB,depth_offroster,inj_missed_share,-0.051247988550278296,780
RB,depth_offroster,inj_unexp_missed_share,0.7261249239680881,780
RB,depth_first_share,inj_missed_share,0.05985918847531588,780
RB,depth_first_share,inj_unexp_missed_share,-0.5413076372662925,780
RB,inj_missed_share,inj_unexp_missed_share,-0.10007128240496951,780
WR,injury_burden,practice_severity,0.6107776523285094,978
WR,injury_burden,depth_end_rank,0.009894471698729054,820
WR,injury_burden,combine_z,0.1094896539033484,678
WR,injury_burden,neutral_pass_rate,0.026294123017776456,978
WR,injury_burden,yoe_rate,-0.005813828251261608,969
WR,injury_burden,wopr,0.04544226900366666,938
WR,injury_burden,snap_share,0.03769508120365984,733
WR,injury_burden,redzone_share,-0.005457814298121011,829
WR,injury_burden,yac_per_rec,0.02443220619328145,827
WR,injury_burden,late_season_trend,-0.05501910750953824,854
WR,injury_burden,placebo,0.014095222512261247,978
WR,injury_burden,xfp_diff,-0.019957267759022925,967
WR,injury_burden,ngs_separation,-0.08229059628098541,335
WR,injury_burden,tprr,-0.058112028284136176,427
WR,injury_burden,implied_team_total,-0.1275713039414111,139
WR,injury_burden,tshare_stability,0.046018780821137535,791
WR,injury_burden,team_pace,0.03455640686261207,978
WR,injury_burden,is_contract_year,0.01734389647485747,864
WR,injury_burden,hc_disruption,-0.03279038508934625,902
WR,injury_burden,two_wr_rate,0.04569838053526493,416
WR,injury_burden,proe,0.02434547083742024,978
WR,injury_burden,oc_disruption,-0.00487783190120846,917
WR,injury_burden,age,0.05866111820439702,977
WR,injury_burden,draft_capital,-0.140695457586197,978
WR,injury_burden,share_level,0.0006263884988537676,976
WR,injury_burden,adot,0.014049935667889013,967
WR,injury_burden,depth_rostered_absent,0.3480385355263965,976
WR,injury_burden,depth_offroster,0.04613040399624015,976
WR,injury_burden,depth_first_share,-0.0077374679798455194,976
WR,injury_burden,inj_missed_share,0.65393185497536,976
WR,injury_burden,inj_unexp_missed_share,0.056879061798465635,976
WR,practice_severity,depth_end_rank,0.14848453501781675,820
WR,practice_severity,combine_z,0.07383471330254657,678
WR,practice_severity,neutral_pass_rate,0.05205343555135716,978
WR,practice_severity,yoe_rate,-0.012485534767212574,969
WR,practice_severity,wopr,-0.09400038209388968,938
WR,practice_severity,snap_share,-0.12284420862456567,733
WR,practice_severity,redzone_share,-0.07509211825847283,829
WR,practice_severity,yac_per_rec,-0.016657754149394896,827
WR,practice_severity,late_season_trend,-0.03771220510557594,854
WR,practice_severity,placebo,0.017887340756134188,978
WR,practice_severity,xfp_diff,0.0049484801960519255,967
WR,practice_severity,ngs_separation,-0.020348075884509865,335
WR,practice_severity,tprr,0.10029865081743793,427
WR,practice_severity,implied_team_total,0.09170512640888283,139
WR,practice_severity,tshare_stability,-0.06239425626202347,791
WR,practice_severity,team_pace,0.015288948501095063,978
WR,practice_severity,is_contract_year,0.02842445819744356,864
WR,practice_severity,hc_disruption,-0.032769161760995,902
WR,practice_severity,two_wr_rate,-0.04395261524677931,416
WR,practice_severity,proe,0.06559243072993516,978
WR,practice_severity,oc_disruption,-0.007028154504098209,917
WR,practice_severity,age,-0.06386950100899039,977
WR,practice_severity,draft_capital,-0.02888898397337629,978
WR,practice_severity,share_level,-0.1590614150294344,976
WR,practice_severity,adot,0.004507732243207664,967
WR,practice_severity,depth_rostered_absent,0.3133951871195048,976
WR,practice_severity,depth_offroster,0.11955795528938537,976
WR,practice_severity,depth_first_share,-0.1496211709101472,976
WR,practice_severity,inj_missed_share,0.43687523522990623,976
WR,practice_severity,inj_unexp_missed_share,0.1794132907908896,976
WR,depth_end_rank,combine_z,0.01987897027531911,616
WR,depth_end_rank,neutral_pass_rate,-0.00048650208541117475,946
WR,depth_end_rank,yoe_rate,-0.14745200502655056,919
WR,depth_end_rank,wopr,-0.5305757036070861,928
WR,depth_end_rank,snap_share,-0.542007691031012,722
WR,depth_end_rank,redzone_share,-0.46069330967968125,798
WR,depth_end_rank,yac_per_rec,-0.1398861501781253,801
WR,depth_end_rank,late_season_trend,0.027449277290443764,853
WR,depth_end_rank,placebo,0.049043721947724474,946
WR,depth_end_rank,xfp_diff,-0.1358678407031686,917
WR,depth_end_rank,ngs_separation,-0.10331369254652022,311
WR,depth_end_rank,tprr,0.3025541047479985,402
WR,depth_end_rank,implied_team_total,0.020457609778507888,130
WR,depth_end_rank,tshare_stability,-0.2997636962313493,695
WR,depth_end_rank,team_pace,-0.03465943225782241,946
WR,depth_end_rank,is_contract_year,0.15834350301422168,823
WR,depth_end_rank,hc_disruption,-0.009207012153225575,870
WR,depth_end_rank,two_wr_rate,-0.03655291577944487,390
WR,depth_end_rank,proe,0.01268137549423413,946
WR,depth_end_rank,oc_disruption,-0.006771745646889185,888
WR,depth_end_rank,age,-0.22616880861020514,943
WR,depth_end_rank,draft_capital,0.30132432835695167,946
WR,depth_end_rank,share_level,-0.5728826888757199,933
WR,depth_end_rank,adot,0.04349703553684641,917
WR,depth_end_rank,depth_rostered_absent,0.4895007263295677,933
WR,depth_end_rank,depth_offroster,0.24482828099311676,933
WR,depth_end_rank,depth_first_share,-0.8044793367953786,933
WR,depth_end_rank,inj_missed_share,0.009488286681701916,933
WR,depth_end_rank,inj_unexp_missed_share,0.5922191340375725,933
WR,combine_z,neutral_pass_rate,0.035441242016378056,896
WR,combine_z,yoe_rate,-0.05504713441498009,734
WR,combine_z,wopr,-0.05427505891606295,710
WR,combine_z,snap_share,-0.08928864625394116,552
WR,combine_z,redzone_share,-0.10402616008153169,643
WR,combine_z,yac_per_rec,0.021780508958830266,641
WR,combine_z,late_season_trend,0.0005144738422755205,645
WR,combine_z,placebo,-0.026758671621664582,896
WR,combine_z,xfp_diff,-0.08011897686440082,733
WR,combine_z,ngs_separation,-0.07764223209582789,249
WR,combine_z,tprr,-0.05914069639677772,308
WR,combine_z,implied_team_total,-0.011932697500790143,112
WR,combine_z,tshare_stability,-0.06380420681481738,583
WR,combine_z,team_pace,0.12616885526554347,896
WR,combine_z,is_contract_year,-0.020261614115182288,837
WR,combine_z,hc_disruption,0.014122884728568387,827
WR,combine_z,two_wr_rate,0.13427981624065682,360
WR,combine_z,proe,0.043259178628212755,896
WR,combine_z,oc_disruption,-0.04179743254135056,849
WR,combine_z,age,0.08336236736054646,896
WR,combine_z,draft_capital,-0.19434024265701558,896
WR,combine_z,share_level,-0.08432523414108398,736
WR,combine_z,adot,0.17802372314858161,733
WR,combine_z,depth_rostered_absent,0.05066598372929275,737
WR,combine_z,depth_offroster,0.04601606156311792,737
WR,combine_z,depth_first_share,-0.05340789653563745,737
WR,combine_z,inj_missed_share,0.0860250586487504,737
WR,combine_z,inj_unexp_missed_share,0.024833365505337938,737
WR,neutral_pass_rate,yoe_rate,0.03910103873767751,1106
WR,neutral_pass_rate,wopr,-0.022949401612043348,1069
WR,neutral_pass_rate,snap_share,0.016290211837721037,829
WR,neutral_pass_rate,redzone_share,0.05813730233611306,905
WR,neutral_pass_rate,yac_per_rec,0.023243282375890996,904
WR,neutral_pass_rate,late_season_trend,-0.015835532602863335,938
WR,neutral_pass_rate,placebo,-0.04351124597249357,1505
WR,neutral_pass_rate,xfp_diff,0.03452004864597862,1103
WR,neutral_pass_rate,ngs_separation,-0.018308366942150687,356
WR,neutral_pass_rate,tprr,0.039660492389251754,488
WR,neutral_pass_rate,implied_team_total,0.6959163099946578,220
WR,neutral_pass_rate,tshare_stability,-0.04161719785968725,836
WR,neutral_pass_rate,team_pace,0.36301619470141827,1505
WR,neutral_pass_rate,is_contract_year,0.056123266269297784,1297
WR,neutral_pass_rate,hc_disruption,-0.14286497474891283,1386
WR,neutral_pass_rate,two_wr_rate,-0.14408579672139538,645
WR,neutral_pass_rate,proe,0.9001179275465152,1505
WR,neutral_pass_rate,oc_disruption,-0.10096213192188926,1418
WR,neutral_pass_rate,age,0.02639034700482652,1498
WR,neutral_pass_rate,draft_capital,0.012948685227219666,1505
WR,neutral_pass_rate,share_level,-0.025565367273796727,1125
WR,neutral_pass_rate,adot,-0.02389275222308101,1102
WR,neutral_pass_rate,depth_rostered_absent,-0.010681657485637402,1126
WR,neutral_pass_rate,depth_offroster,-0.011913731422275725,1126
WR,neutral_pass_rate,depth_first_share,0.00384462452125747,1126
WR,neutral_pass_rate,inj_missed_share,-0.026603498357103978,1126
WR,neutral_pass_rate,inj_unexp_missed_share,-0.0008972802768208158,1126
WR,yoe_rate,wopr,0.22048366033781527,1052
WR,yoe_rate,snap_share,0.20836530734867606,817
WR,yoe_rate,redzone_share,0.20404809167716262,905
WR,yoe_rate,yac_per_rec,0.41418979861348765,904
WR,yoe_rate,late_season_trend,0.10233113338299635,933
WR,yoe_rate,placebo,0.01757375629190218,1106
WR,yoe_rate,xfp_diff,0.802087562376147,1103
WR,yoe_rate,ngs_separation,0.2462914965004834,356
WR,yoe_rate,tprr,-0.06648025651859135,479
WR,yoe_rate,implied_team_total,0.11382053903254805,157
WR,yoe_rate,tshare_stability,0.1459595298234616,834
WR,yoe_rate,team_pace,-0.03152332479471087,1106
WR,yoe_rate,is_contract_year,-0.07004034455621139,969
WR,yoe_rate,hc_disruption,-0.04306679713983133,1013
WR,yoe_rate,two_wr_rate,-0.04120693189339619,467
WR,yoe_rate,proe,0.03716381873342285,1106
WR,yoe_rate,oc_disruption,-0.043289766962020734,1036
WR,yoe_rate,age,0.04930680281419126,1103
WR,yoe_rate,draft_capital,0.05458195480082542,1106
WR,yoe_rate,share_level,0.18778548182020538,1105
WR,yoe_rate,adot,-0.06523751233816133,1102
WR,yoe_rate,depth_rostered_absent,-0.1410483334597805,1105
WR,yoe_rate,depth_offroster,-0.01003546895939358,1105
WR,yoe_rate,depth_first_share,0.17338338584095786,1105
WR,yoe_rate,inj_missed_share,-0.00886278610664856,1105
WR,yoe_rate,inj_unexp_missed_share,-0.12451827445660052,1105
WR,wopr,snap_share,0.9316047295487058,829
WR,wopr,redzone_share,0.7663735468313876,905
WR,wopr,yac_per_rec,0.05787338675173532,904
WR,wopr,late_season_trend,-0.05945051496145116,938
WR,wopr,placebo,-0.04176457355109277,1069
WR,wopr,xfp_diff,0.1931127285377779,1050
WR,wopr,ngs_separation,-0.07217767942752351,356
WR,wopr,tprr,-0.39201321090172747,469
WR,wopr,implied_team_total,0.056433464255077254,152
WR,wopr,tshare_stability,0.6217924199012704,809
WR,wopr,team_pace,-0.008413855312314446,1069
WR,wopr,is_contract_year,-0.2282619748953849,942
WR,wopr,hc_disruption,-0.0021396000351988995,980
WR,wopr,two_wr_rate,0.01579491959363561,450
WR,wopr,proe,-0.01467339220462375,1069
WR,wopr,oc_disruption,0.023155892520000238,1003
WR,wopr,age,0.18881202074593845,1065
WR,wopr,draft_capital,-0.4577480830258229,1069
WR,wopr,share_level,0.9227231945651043,1069
WR,wopr,adot,0.18116016176055358,1049
WR,wopr,depth_rostered_absent,-0.4202321678884863,1069
WR,wopr,depth_offroster,-0.21812305497811246,1069
WR,wopr,depth_first_share,0.5810001696459653,1069
WR,wopr,inj_missed_share,0.04019207877026783,1069
WR,wopr,inj_unexp_missed_share,-0.5487016744894389,1069
WR,snap_share,redzone_share,0.7956547460957544,708
WR,snap_share,yac_per_rec,0.06536333186045136,704
WR,snap_share,late_season_trend,-0.08644888448227926,734
WR,snap_share,placebo,-0.057976073103714096,829
WR,snap_share,xfp_diff,0.2015295780807586,815
WR,snap_share,ngs_separation,-0.03715678219376061,333
WR,snap_share,tprr,-0.5023058807771486,438
WR,snap_share,implied_team_total,0.09905264134627147,145
WR,snap_share,tshare_stability,0.5982911025617064,631
WR,snap_share,team_pace,0.034990974414030415,829
WR,snap_share,is_contract_year,-0.2191679566985771,762
WR,snap_share,hc_disruption,0.00645309077568895,800
WR,snap_share,two_wr_rate,-0.03246533800930073,430
WR,snap_share,proe,0.023260541320133974,829
WR,snap_share,oc_disruption,0.032954403434938384,788
WR,snap_share,age,0.1900079936815799,828
WR,snap_share,draft_capital,-0.43252805243573783,829
WR,snap_share,share_level,0.9009440822909053,829
WR,snap_share,adot,0.12149910349357895,814
WR,snap_share,depth_rostered_absent,-0.4602589962320579,829
WR,snap_share,depth_offroster,-0.22907058216131598,829
WR,snap_share,depth_first_share,0.6099997324072591,829
WR,snap_share,inj_missed_share,0.01709010950267174,829
WR,snap_share,inj_unexp_missed_share,-0.5963029427849713,829
WR,redzone_share,yac_per_rec,0.0777589204530349,860
WR,redzone_share,late_season_trend,-0.06240352772851877,851
WR,redzone_share,placebo,-0.017588647375141285,905
WR,redzone_share,xfp_diff,0.17303027254175052,905
WR,redzone_share,ngs_separation,-0.05132101902646284,351
WR,redzone_share,tprr,-0.25301600863232526,404
WR,redzone_share,implied_team_total,0.14377324276254505,131
WR,redzone_share,tshare_stability,0.47645282173340026,715
WR,redzone_share,team_pace,-0.01209947610568643,905
WR,redzone_share,is_contract_year,-0.23314582675585985,822
WR,redzone_share,hc_disruption,0.0027263648795672387,829
WR,redzone_share,two_wr_rate,-0.07621412855028083,389
WR,redzone_share,proe,0.09524621579291731,905
WR,redzone_share,oc_disruption,0.011933039616705837,851
WR,redzone_share,age,0.15055906150047155,903
WR,redzone_share,draft_capital,-0.3418592830003038,905
WR,redzone_share,share_level,0.8133332741365514,905
WR,redzone_share,adot,0.0004431834204524604,905
WR,redzone_share,depth_rostered_absent,-0.5053035258349051,905
WR,redzone_share,depth_offroster,-0.23485625240992797,905
WR,redzone_share,depth_first_share,0.559999304748112,905
WR,redzone_share,inj_missed_share,-0.10770697990452144,905
WR,redzone_share,inj_unexp_missed_share,-0.5815114962720237,905
WR,yac_per_rec,late_season_trend,0.027104173337082274,854
WR,yac_per_rec,placebo,0.04891550698492686,904
WR,yac_per_rec,xfp_diff,0.2924353345185086,904
WR,yac_per_rec,ngs_separation,0.4188771771240361,352
WR,yac_per_rec,tprr,-0.06725527689402673,399
WR,yac_per_rec,implied_team_total,0.10614302954421707,129
WR,yac_per_rec,tshare_stability,0.041748362779813655,718
WR,yac_per_rec,team_pace,0.019306651777727547,904
WR,yac_per_rec,is_contract_year,-0.09810693771548133,822
WR,yac_per_rec,hc_disruption,-0.03314735637273266,825
WR,yac_per_rec,two_wr_rate,-0.014983841615127327,382
WR,yac_per_rec,proe,0.05665775789360789,904
WR,yac_per_rec,oc_disruption,-0.05287019108999417,850
WR,yac_per_rec,age,-0.0635217311156166,902
WR,yac_per_rec,draft_capital,-0.013901851968256758,904
WR,yac_per_rec,share_level,0.08443114881571316,904
WR,yac_per_rec,adot,-0.2640520519204613,904
WR,yac_per_rec,depth_rostered_absent,-0.126700798557846,904
WR,yac_per_rec,depth_offroster,-0.022400184764836167,904
WR,yac_per_rec,depth_first_share,0.12899359178443168,904
WR,yac_per_rec,inj_missed_share,-0.002709898927492693,904
WR,yac_per_rec,inj_unexp_missed_share,-0.12590195662489964,904
WR,late_season_trend,placebo,0.01780692251292123,938
WR,late_season_trend,xfp_diff,0.06833909003988127,932
WR,late_season_trend,ngs_separation,0.008095323212849356,335
WR,late_season_trend,tprr,-0.02323932496452371,413
WR,late_season_trend,implied_team_total,0.05497052818771548,134
WR,late_season_trend,tshare_stability,-0.11304402677605688,732
WR,late_season_trend,team_pace,-0.03345135442340003,938
WR,late_season_trend,is_contract_year,-0.01877677556831167,841
WR,late_season_trend,hc_disruption,-0.040403683492689205,862
WR,late_season_trend,two_wr_rate,-0.0069380060603798244,398
WR,late_season_trend,proe,-0.02188252091491958,938
WR,late_season_trend,oc_disruption,0.0036903117893428285,882
WR,late_season_trend,age,-0.16344716610609683,935
WR,late_season_trend,draft_capital,0.08128766738473749,938
WR,late_season_trend,share_level,-0.10064696844044607,938
WR,late_season_trend,adot,0.015714875048120656,932
WR,late_season_trend,depth_rostered_absent,0.012224125778447108,938
WR,late_season_trend,depth_offroster,0.0038808953370709147,938
WR,late_season_trend,depth_first_share,-0.13474607814330075,938
WR,late_season_trend,inj_missed_share,-0.07484459442901102,938
WR,late_season_trend,inj_unexp_missed_share,0.04763849116621419,938
WR,placebo,xfp_diff,-0.005112815269100022,1103
WR,placebo,ngs_separation,-0.017269778618837946,356
WR,placebo,tprr,0.10386708235934916,488
WR,placebo,implied_team_total,-0.08035595995149508,220
WR,placebo,tshare_stability,-0.03741623102829715,836
WR,placebo,team_pace,-0.06591625715810885,1505
WR,placebo,is_contract_year,0.009113231563797649,1297
WR,placebo,hc_disruption,-0.007790750368768751,1386
WR,placebo,two_wr_rate,0.06559354701450255,645
WR,placebo,proe,-0.039348375347460336,1505
WR,placebo,oc_disruption,0.011269644605241744,1418
WR,placebo,age,-0.02487192577406976,1498
WR,placebo,draft_capital,0.028887936187385162,1505
WR,placebo,share_level,-0.04110928214084306,1125
WR,placebo,adot,0.006400914712804048,1102
WR,placebo,depth_rostered_absent,0.0789835598071904,1126
WR,placebo,depth_offroster,0.015043865284038577,1126
WR,placebo,depth_first_share,-0.04724120131120599,1126
WR,placebo,inj_missed_share,0.05893641397613869,1126
WR,placebo,inj_unexp_missed_share,0.037260860609651135,1126
WR,xfp_diff,ngs_separation,0.2767827054860558,356
WR,xfp_diff,tprr,-0.09974107598767695,479
WR,xfp_diff,implied_team_total,0.12050701283180769,157
WR,xfp_diff,tshare_stability,0.13907496093570515,833
WR,xfp_diff,team_pace,-0.015525929644917438,1103
WR,xfp_diff,is_contract_year,-0.05312873411239468,967
WR,xfp_diff,hc_disruption,-0.04600736309821597,1010
WR,xfp_diff,two_wr_rate,-0.026276661677369088,467
WR,xfp_diff,proe,0.03366062276329831,1103
WR,xfp_diff,oc_disruption,-0.04806299663957946,1033
WR,xfp_diff,age,0.026559389048991074,1100
WR,xfp_diff,draft_capital,0.0041495610295484535,1103
WR,xfp_diff,share_level,0.20365210494598904,1103
WR,xfp_diff,adot,-0.06708605141337586,1102
WR,xfp_diff,depth_rostered_absent,-0.1431609728297189,1103
WR,xfp_diff,depth_offroster,-0.06851019173962401,1103
WR,xfp_diff,depth_first_share,0.19999476882801534,1103
WR,xfp_diff,inj_missed_share,-0.013715721286838569,1103
WR,xfp_diff,inj_unexp_missed_share,-0.19237107469073225,1103
WR,ngs_separation,tprr,-0.17606524806472676,356
WR,ngs_separation,implied_team_total,-0.04377450312816037,118
WR,ngs_separation,tshare_stability,-0.009996078472531658,293
WR,ngs_separation,team_pace,-0.09982284541094126,356
WR,ngs_separation,is_contract_year,-0.021144128597538246,354
WR,ngs_separation,hc_disruption,-0.09261429912386251,332
WR,ngs_separation,two_wr_rate,-0.025632830554755313,340
WR,ngs_separation,proe,0.0111072683430377,356
WR,ngs_separation,oc_disruption,0.015225652114455993,337
WR,ngs_separation,age,-0.03701036352155977,356
WR,ngs_separation,draft_capital,0.15509349898184657,356
WR,ngs_separation,share_level,-0.023999118571250335,356
WR,ngs_separation,adot,-0.4325623270355777,356
WR,ngs_separation,depth_rostered_absent,-0.05223398812829751,356
WR,ngs_separation,depth_offroster,-0.04395627465047419,356
WR,ngs_separation,depth_first_share,0.06214798408204322,356
WR,ngs_separation,inj_missed_share,-0.009990331948001297,356
WR,ngs_separation,inj_unexp_missed_share,-0.07876068816070358,356
WR,tprr,implied_team_total,-0.08240713715588847,159
WR,tprr,tshare_stability,-0.17667831355672864,365
WR,tprr,team_pace,0.0016067173553784273,488
WR,tprr,is_contract_year,0.09859868902620142,484
WR,tprr,hc_disruption,0.05975175791904967,458
WR,tprr,two_wr_rate,0.019166279011001177,468
WR,tprr,proe,0.06609634585602622,488
WR,tprr,oc_disruption,-0.057845071499939935,459
WR,tprr,age,-0.11284060182463815,488
WR,tprr,draft_capital,0.15419044241524166,488
WR,tprr,share_level,-0.4398448288590391,484
WR,tprr,adot,-0.07554756041145959,479
WR,tprr,depth_rostered_absent,0.19158148865907948,484
WR,tprr,depth_offroster,0.36603979383017565,484
WR,tprr,depth_first_share,-0.33322832592538376,484
WR,tprr,inj_missed_share,-0.03877373103661267,484
WR,tprr,inj_unexp_missed_share,0.45332058229360794,484
WR,implied_team_total,tshare_stability,-0.004364060400835504,112
WR,implied_team_total,team_pace,0.5343491081366349,220
WR,implied_team_total,is_contract_year,0.046912610737136144,215
WR,implied_team_total,hc_disruption,-0.2822905992152241,220
WR,implied_team_total,two_wr_rate,0.12519032379443734,220
WR,implied_team_total,proe,0.7256054115986522,220
WR,implied_team_total,oc_disruption,-0.22677100024337243,213
WR,implied_team_total,age,-0.03334050209492727,219
WR,implied_team_total,draft_capital,-0.009116937484254397,220
WR,implied_team_total,share_level,0.01070976142705438,159
WR,implied_team_total,adot,0.15400698651396322,157
WR,implied_team_total,depth_rostered_absent,-0.06048572879942775,159
WR,implied_team_total,depth_offroster,-0.03999250798592541,159
WR,implied_team_total,depth_first_share,-0.030274505006008038,159
WR,implied_team_total,inj_missed_share,-0.011909649547955894,159
WR,implied_team_total,inj_unexp_missed_share,-0.014437602443770795,159
WR,tshare_stability,team_pace,0.019694398859779798,836
WR,tshare_stability,is_contract_year,-0.22446092604655646,738
WR,tshare_stability,hc_disruption,-0.022463704588380214,767
WR,tshare_stability,two_wr_rate,-0.010552403276502838,350
WR,tshare_stability,proe,-0.04430809711320609,836
WR,tshare_stability,oc_disruption,-0.051330773312141594,786
WR,tshare_stability,age,0.12206831714468988,833
WR,tshare_stability,draft_capital,-0.337502369652415,836
WR,tshare_stability,share_level,0.6459166039124247,836
WR,tshare_stability,adot,0.04313166847158843,833
WR,tshare_stability,depth_rostered_absent,-0.17891913199631176,836
WR,tshare_stability,depth_offroster,-0.12149728914494795,836
WR,tshare_stability,depth_first_share,0.35318773883104354,836
WR,tshare_stability,inj_missed_share,0.05161428048635819,836
WR,tshare_stability,inj_unexp_missed_share,-0.3086333455535989,836
WR,team_pace,is_contract_year,0.004303410354341519,1297
WR,team_pace,hc_disruption,-0.0521474205968993,1386
WR,team_pace,two_wr_rate,0.18103198292488362,645
WR,team_pace,proe,0.35955568710945907,1505
WR,team_pace,oc_disruption,-0.08948376034830714,1418
WR,team_pace,age,0.044036058125868784,1498
WR,team_pace,draft_capital,-0.013713136468367089,1505
WR,team_pace,share_level,0.0015919410349902144,1125
WR,team_pace,adot,0.009759949144501484,1102
WR,team_pace,depth_rostered_absent,-0.051636019998262825,1126
WR,team_pace,depth_offroster,0.03150630232315592,1126
WR,team_pace,depth_first_share,-0.010976163053736884,1126
WR,team_pace,inj_missed_share,-0.028433793556608494,1126
WR,team_pace,inj_unexp_missed_share,-0.009032926055214045,1126
WR,is_contract_year,hc_disruption,-0.01732472853156935,1189
WR,is_contract_year,two_wr_rate,0.009510923830704855,633
WR,is_contract_year,proe,0.010464844008120765,1297
WR,is_contract_year,oc_disruption,0.012269592274762995,1226
WR,is_contract_year,age,0.2761252079325037,1293
WR,is_contract_year,draft_capital,0.20796210613015553,1297
WR,is_contract_year,share_level,-0.22183018507591537,979
WR,is_contract_year,adot,0.019566177466534326,966
WR,is_contract_year,depth_rostered_absent,0.06785600191379208,980
WR,is_contract_year,depth_offroster,0.1826370262941486,980
WR,is_contract_year,depth_first_share,-0.17146533734705804,980
WR,is_contract_year,inj_missed_share,-0.009340690493894313,980
WR,is_contract_year,inj_unexp_missed_share,0.20308528413337074,980
WR,hc_disruption,two_wr_rate,0.03290329914010699,632
WR,hc_disruption,proe,-0.1777350590510121,1386
WR,hc_disruption,oc_disruption,0.5357286797136929,1306
WR,hc_disruption,age,-0.03545846885076064,1379
WR,hc_disruption,draft_capital,0.02794371182445257,1386
WR,hc_disruption,share_level,-0.01504503363379281,1032
WR,hc_disruption,adot,0.056586993253074674,1009
WR,hc_disruption,depth_rostered_absent,0.0001040471779612979,1033
WR,hc_disruption,depth_offroster,0.027449602025079504,1033
WR,hc_disruption,depth_first_share,0.026897095205984947,1033
WR,hc_disruption,inj_missed_share,-0.0036111420275276953,1033
WR,hc_disruption,inj_unexp_missed_share,0.024462027165425927,1033
WR,two_wr_rate,proe,-0.21197849567255164,645
WR,two_wr_rate,oc_disruption,0.018844030110584886,607
WR,two_wr_rate,age,0.07157620095092039,643
WR,two_wr_rate,draft_capital,-0.03065731013946769,645
WR,two_wr_rate,share_level,0.0031546751853210146,474
WR,two_wr_rate,adot,0.025608918831804946,467
WR,two_wr_rate,depth_rostered_absent,0.01884793027017309,474
WR,two_wr_rate,depth_offroster,0.026848664951582155,474
WR,two_wr_rate,depth_first_share,-0.0047828622704135185,474
WR,two_wr_rate,inj_missed_share,0.07007268170266208,474
WR,two_wr_rate,inj_unexp_missed_share,0.0022910664167701284,474
WR,proe,oc_disruption,-0.12840580291414222,1418
WR,proe,age,0.032498246369574,1498
WR,proe,draft_capital,0.0012433298341824185,1505
WR,proe,share_level,-0.004453012973708155,1125
WR,proe,adot,-0.026025366478638175,1102
WR,proe,depth_rostered_absent,-0.013442840127623205,1126
WR,proe,depth_offroster,-0.04005801406035785,1126
WR,proe,depth_first_share,0.004229942710182874,1126
WR,proe,inj_missed_share,-0.04496512782651666,1126
WR,proe,inj_unexp_missed_share,-0.019458981399063227,1126
WR,oc_disruption,age,-0.05692114858121033,1412
WR,oc_disruption,draft_capital,0.04968461479549988,1418
WR,oc_disruption,share_level,0.011944990054432395,1055
WR,oc_disruption,adot,0.001898343061898728,1032
WR,oc_disruption,depth_rostered_absent,0.018213073221789906,1056
WR,oc_disruption,depth_offroster,0.03805678730969269,1056
WR,oc_disruption,depth_first_share,0.02398871436473985,1056
WR,oc_disruption,inj_missed_share,0.043596846049609055,1056
WR,oc_disruption,inj_unexp_missed_share,0.006769095946209599,1056
WR,age,draft_capital,-0.0744573263160941,1498
WR,age,share_level,0.28747020476575574,1121
WR,age,adot,0.010966376224797783,1099
WR,age,depth_rostered_absent,-0.21149267199407626,1122
WR,age,depth_offroster,-0.04167230036666918,1122
WR,age,depth_first_share,0.2573275532858487,1122
WR,age,inj_missed_share,-0.0073071790858014185,1122
WR,age,inj_unexp_missed_share,-0.18758697772854158,1122
WR,draft_capital,share_level,-0.4869825139079225,1125
WR,draft_capital,adot,-0.15299982981575808,1102
WR,draft_capital,depth_rostered_absent,0.1355002882638675,1126
WR,draft_capital,depth_offroster,0.1915431898159992,1126
WR,draft_capital,depth_first_share,-0.3634122854508316,1126
WR,draft_capital,inj_missed_share,-0.09977916433186679,1126
WR,draft_capital,inj_unexp_missed_share,0.3088995067057821,1126
WR,share_level,adot,0.0735202867392318,1102
WR,share_level,depth_rostered_absent,-0.4391416857560952,1125
WR,share_level,depth_offroster,-0.32314374453241795,1125
WR,share_level,depth_first_share,0.6434131336033576,1125
WR,share_level,inj_missed_share,0.011495034832513245,1125
WR,share_level,inj_unexp_missed_share,-0.6438699742609072,1125
WR,adot,depth_rostered_absent,-0.02444712971430823,1102
WR,adot,depth_offroster,-0.05039035744281401,1102
WR,adot,depth_first_share,-0.01552681958059153,1102
WR,adot,inj_missed_share,0.01995807074661487,1102
WR,adot,inj_unexp_missed_share,-0.04193004618125018,1102
WR,depth_rostered_absent,depth_offroster,-0.0782168426859664,1126
WR,depth_rostered_absent,depth_first_share,-0.4191777767022655,1126
WR,depth_rostered_absent,inj_missed_share,0.4530472283432123,1126
WR,depth_rostered_absent,inj_unexp_missed_share,0.5099718330257962,1126
WR,depth_offroster,depth_first_share,-0.4088721005925393,1126
WR,depth_offroster,inj_missed_share,-0.015643681116845342,1126
WR,depth_offroster,inj_unexp_missed_share,0.6685515781910063,1126
WR,depth_first_share,inj_missed_share,0.0001591000529051902,1126
WR,depth_first_share,inj_unexp_missed_share,-0.6969618725797834,1126
WR,inj_missed_share,inj_unexp_missed_share,-0.007994356562532149,1126
TE,injury_burden,practice_severity,0.641669948545303,571
TE,injury_burden,depth_end_rank,-0.09477458405589952,457
TE,injury_burden,combine_z,-0.010248618645767654,382
TE,injury_burden,neutral_pass_rate,0.027947156954513053,571
TE,injury_burden,yoe_rate,0.06495116852376254,553
TE,injury_burden,wopr,0.10052925192571995,532
TE,injury_burden,snap_share,0.11656914174042415,413
TE,injury_burden,redzone_share,-0.030393151099858864,461
TE,injury_burden,yac_per_rec,0.04311871523584683,433
TE,injury_burden,late_season_trend,-0.04996065336527562,481
TE,injury_burden,placebo,0.027025016490354537,571
TE,injury_burden,xfp_diff,0.060535722007157414,553
TE,injury_burden,ngs_separation,-0.0036378761054070537,141
TE,injury_burden,tprr,0.08629238508063612,240
TE,injury_burden,implied_team_total,-0.09687695117714633,79
TE,injury_burden,tshare_stability,-0.017211096443723935,473
TE,injury_burden,team_pace,-0.010735773971885569,571
TE,injury_burden,is_contract_year,7.43999126262446e-05,489
TE,injury_burden,hc_disruption,0.07447337831380299,528
TE,injury_burden,two_wr_rate,-0.005255569038353834,236
TE,injury_burden,proe,-0.007292088761289477,571
TE,injury_burden,oc_disruption,-0.02016841412891076,545
TE,injury_burden,age,-0.10554164963285491,567
TE,injury_burden,draft_capital,-0.154049523423134,571
TE,injury_burden,share_level,0.0317387043115066,565
TE,injury_burden,adot,0.01693609840237902,552
TE,injury_burden,depth_rostered_absent,0.2026428953469323,566
TE,injury_burden,depth_offroster,0.08676290685627422,566
TE,injury_burden,depth_first_share,0.08462263941828613,566
TE,injury_burden,inj_missed_share,0.6810601869266725,566
TE,injury_burden,inj_unexp_missed_share,-0.04151585508878314,566
TE,practice_severity,depth_end_rank,0.08334215178883997,457
TE,practice_severity,combine_z,-0.07992414079005575,382
TE,practice_severity,neutral_pass_rate,0.06285930481325651,571
TE,practice_severity,yoe_rate,0.019858677610568667,553
TE,practice_severity,wopr,-0.12036048906866018,532
TE,practice_severity,snap_share,-0.10945012119103083,413
TE,practice_severity,redzone_share,-0.2479984871904398,461
TE,practice_severity,yac_per_rec,0.008874797379184762,433
TE,practice_severity,late_season_trend,-0.009555201358984019,481
TE,practice_severity,placebo,0.05616972428164335,571
TE,practice_severity,xfp_diff,0.04915882890456297,553
TE,practice_severity,ngs_separation,0.1666705969397166,141
TE,practice_severity,tprr,0.14917277178425078,240
TE,practice_severity,implied_team_total,-0.08070804611029324,79
TE,practice_severity,tshare_stability,-0.10755378677161707,473
TE,practice_severity,team_pace,0.018826445417799605,571
TE,practice_severity,is_contract_year,0.016927838359152386,489
TE,practice_severity,hc_disruption,0.057023398813111865,528
TE,practice_severity,two_wr_rate,0.011983544191508948,236
TE,practice_severity,proe,0.043148456267812156,571
TE,practice_severity,oc_disruption,0.02883877326883643,545
TE,practice_severity,age,-0.15011074183793968,567
TE,practice_severity,draft_capital,-0.02596199753048486,571
TE,practice_severity,share_level,-0.16243151057031877,565
TE,practice_severity,adot,-0.0482172825318664,552
TE,practice_severity,depth_rostered_absent,0.268069610962723,566
TE,practice_severity,depth_offroster,0.1660088913125795,566
TE,practice_severity,depth_first_share,-0.1372349142221,566
TE,practice_severity,inj_missed_share,0.5217493271887891,566
TE,practice_severity,inj_unexp_missed_share,0.15396130981552847,566
TE,depth_end_rank,combine_z,-0.13681575709931615,343
TE,depth_end_rank,neutral_pass_rate,-0.07300186722753828,551
TE,depth_end_rank,yoe_rate,0.002277614439301322,525
TE,depth_end_rank,wopr,-0.6233588637714151,526
TE,depth_end_rank,snap_share,-0.7380698130033259,403
TE,depth_end_rank,redzone_share,-0.6079180730776855,448
TE,depth_end_rank,yac_per_rec,0.01915983908349007,420
TE,depth_end_rank,late_season_trend,0.09553941117160386,477
TE,depth_end_rank,placebo,-0.029102554559768557,551
TE,depth_end_rank,xfp_diff,-0.06807169240672493,525
TE,depth_end_rank,ngs_separation,0.12118497827803383,126
TE,depth_end_rank,tprr,0.4225783140365935,233
TE,depth_end_rank,implied_team_total,-0.10184575277517288,79
TE,depth_end_rank,tshare_stability,-0.40108686567024837,412
TE,depth_end_rank,team_pace,-0.07066728507918646,551
TE,depth_end_rank,is_contract_year,0.16573390259165746,460
TE,depth_end_rank,hc_disruption,0.010911433102629304,508
TE,depth_end_rank,two_wr_rate,-0.010549889973651921,230
TE,depth_end_rank,proe,-0.08518457438107113,551
TE,depth_end_rank,oc_disruption,0.0690116635724831,522
TE,depth_end_rank,age,-0.3370710213545061,547
TE,depth_end_rank,draft_capital,0.38484930546259166,551
TE,depth_end_rank,share_level,-0.6686182095568973,538
TE,depth_end_rank,adot,-0.11699342302938988,523
TE,depth_end_rank,depth_rostered_absent,0.5241537203537043,538
TE,depth_end_rank,depth_offroster,0.3217236137596472,538
TE,depth_end_rank,depth_first_share,-0.8471460871424575,538
TE,depth_end_rank,inj_missed_share,-0.08278069769398344,538
TE,depth_end_rank,inj_unexp_missed_share,0.6510544575074199,538
TE,combine_z,neutral_pass_rate,0.003292510081535387,504
TE,combine_z,yoe_rate,0.06547397093859184,419
TE,combine_z,wopr,0.2215087876667947,403
TE,combine_z,snap_share,0.05772840712670207,307
TE,combine_z,redzone_share,0.13024517266007318,364
TE,combine_z,yac_per_rec,0.05757083305009759,343
TE,combine_z,late_season_trend,-0.041650989203025304,361
TE,combine_z,placebo,0.046245835428516346,504
TE,combine_z,xfp_diff,-0.03963979066673564,419
TE,combine_z,ngs_separation,-9.798302133122457e-06,107
TE,combine_z,tprr,-0.0217268818369443,166
TE,combine_z,implied_team_total,0.05452630652011101,72
TE,combine_z,tshare_stability,0.060906242798906635,352
TE,combine_z,team_pace,0.06117543772440264,504
TE,combine_z,is_contract_year,0.005734678551153212,458
TE,combine_z,hc_disruption,0.01689902942006762,465
TE,combine_z,two_wr_rate,0.10981081826301962,202
TE,combine_z,proe,-0.008298180898458915,504
TE,combine_z,oc_disruption,-0.04879389362749372,479
TE,combine_z,age,0.05424672887030785,504
TE,combine_z,draft_capital,-0.21818034850856938,504
TE,combine_z,share_level,0.18291133525364017,424
TE,combine_z,adot,0.20892593721368796,418
TE,combine_z,depth_rostered_absent,-0.12425446092711909,424
TE,combine_z,depth_offroster,0.004417531582756296,424
TE,combine_z,depth_first_share,0.08506747740090728,424
TE,combine_z,inj_missed_share,0.009525845481968338,424
TE,combine_z,inj_unexp_missed_share,-0.10453430717847954,424
TE,neutral_pass_rate,yoe_rate,-0.04668603021595615,651
TE,neutral_pass_rate,wopr,-0.004961955733940672,621
TE,neutral_pass_rate,snap_share,0.045607342820487166,480
TE,neutral_pass_rate,redzone_share,0.09321554588852662,516
TE,neutral_pass_rate,yac_per_rec,0.018535342030964252,480
TE,neutral_pass_rate,late_season_trend,-0.0024260322279807045,538
TE,neutral_pass_rate,placebo,0.018484934368289428,865
TE,neutral_pass_rate,xfp_diff,-0.017033644219681152,651
TE,neutral_pass_rate,ngs_separation,-0.04606286699313688,150
TE,neutral_pass_rate,tprr,-0.031437525121574515,289
TE,neutral_pass_rate,implied_team_total,0.687713796092287,122
TE,neutral_pass_rate,tshare_stability,0.032102931864173456,508
TE,neutral_pass_rate,team_pace,0.39403225836789263,865
TE,neutral_pass_rate,is_contract_year,0.016547915434790353,725
TE,neutral_pass_rate,hc_disruption,-0.1459466307101439,803
TE,neutral_pass_rate,two_wr_rate,-0.17194313932898497,362
TE,neutral_pass_rate,proe,0.9014727429388765,865
TE,neutral_pass_rate,oc_disruption,-0.08764352717947196,822
TE,neutral_pass_rate,age,0.053202834754980756,860
TE,neutral_pass_rate,draft_capital,-0.049923935815451834,865
TE,neutral_pass_rate,share_level,0.042666223088698975,670
TE,neutral_pass_rate,adot,-0.029339740845185428,649
TE,neutral_pass_rate,depth_rostered_absent,-0.09255189068041397,672
TE,neutral_pass_rate,depth_offroster,-0.007440655503017621,672
TE,neutral_pass_rate,depth_first_share,0.0476060573206066,672
TE,neutral_pass_rate,inj_missed_share,-0.004329148618199443,672
TE,neutral_pass_rate,inj_unexp_missed_share,-0.07786622182771995,672
TE,yoe_rate,wopr,0.0666666987016672,608
TE,yoe_rate,snap_share,0.07613246544788561,475
TE,yoe_rate,redzone_share,0.05800707644738887,516
TE,yoe_rate,yac_per_rec,0.4909217444794198,480
TE,yoe_rate,late_season_trend,-0.009218404759138581,534
TE,yoe_rate,placebo,0.06155205640222685,651
TE,yoe_rate,xfp_diff,0.7245873498791796,651
TE,yoe_rate,ngs_separation,0.16185074892217433,150
TE,yoe_rate,tprr,-0.04885725268960415,278
TE,yoe_rate,implied_team_total,0.010199841927808736,94
TE,yoe_rate,tshare_stability,0.04603928191049743,505
TE,yoe_rate,team_pace,-0.05892516200057331,651
TE,yoe_rate,is_contract_year,-0.034982145474486005,553
TE,yoe_rate,hc_disruption,-0.053481863375253354,601
TE,yoe_rate,two_wr_rate,0.10765833361407189,273
TE,yoe_rate,proe,-0.06766260715965425,651
TE,yoe_rate,oc_disruption,-0.03684437316751436,620
TE,yoe_rate,age,-0.03374681227671186,651
TE,yoe_rate,draft_capital,0.00599782109008767,651
TE,yoe_rate,share_level,-0.00016305188059656964,651
TE,yoe_rate,adot,0.011220402577288105,649
TE,yoe_rate,depth_rostered_absent,-0.00871051082931492,651
TE,yoe_rate,depth_offroster,0.04211997569988497,651
TE,yoe_rate,depth_first_share,0.04656166375507627,651
TE,yoe_rate,inj_missed_share,-0.012557925725793045,651
TE,yoe_rate,inj_unexp_missed_share,0.009062035212572124,651
TE,wopr,snap_share,0.8323712802649069,480
TE,wopr,redzone_share,0.7913780335081083,516
TE,wopr,yac_per_rec,-0.09421698006706632,480
TE,wopr,late_season_trend,-0.048762562600966654,538
TE,wopr,placebo,-0.06417929844207006,621
TE,wopr,xfp_diff,0.14698822892876665,608
TE,wopr,ngs_separation,-0.1834054846882084,150
TE,wopr,tprr,-0.28433345712807667,268
TE,wopr,implied_team_total,0.06779546635785426,89
TE,wopr,tshare_stability,0.4385891919433345,484
TE,wopr,team_pace,0.06516131590500417,621
TE,wopr,is_contract_year,-0.17497381468624382,529
TE,wopr,hc_disruption,0.004524047903490151,576
TE,wopr,two_wr_rate,-0.024598246172758086,260
TE,wopr,proe,-0.0014013569096329984,621
TE,wopr,oc_disruption,-0.04013459140923404,590
TE,wopr,age,0.2049156668770485,618
TE,wopr,draft_capital,-0.4811976270828048,621
TE,wopr,share_level,0.9131251235732426,621
TE,wopr,adot,0.4527892280097299,607
TE,wopr,depth_rostered_absent,-0.6422905205882647,621
TE,wopr,depth_offroster,-0.15923829172256548,621
TE,wopr,depth_first_share,0.6462931622918863,621
TE,wopr,inj_missed_share,0.08054862972327803,621
TE,wopr,inj_unexp_missed_share,-0.7150539828737219,621
TE,snap_share,redzone_share,0.7249668704563648,403
TE,snap_share,yac_per_rec,0.017798409859237262,374
TE,snap_share,late_season_trend,-0.16564542795405438,414
TE,snap_share,placebo,-0.04943049284878112,480
TE,snap_share,xfp_diff,0.16510266094329262,475
TE,snap_share,ngs_separation,0.0006785400472413312,141
TE,snap_share,tprr,-0.5003007177217271,247
TE,snap_share,implied_team_total,0.02200926083124733,82
TE,snap_share,tshare_stability,0.41258919221110557,369
TE,snap_share,team_pace,0.03479123334659376,480
TE,snap_share,is_contract_year,-0.1695988696486078,434
TE,snap_share,hc_disruption,-0.040187050572120575,472
TE,snap_share,two_wr_rate,-0.01854658810018138,246
TE,snap_share,proe,0.05603032818706929,480
TE,snap_share,oc_disruption,-0.036757966133481264,460
TE,snap_share,age,0.34819715943323265,480
TE,snap_share,draft_capital,-0.5111014375441779,480
TE,snap_share,share_level,0.8646987470190242,480
TE,snap_share,adot,0.1729137556939976,474
TE,snap_share,depth_rostered_absent,-0.6068136632280053,480
TE,snap_share,depth_offroster,-0.2244481186114186,480
TE,snap_share,depth_first_share,0.7397548672089586,480
TE,snap_share,inj_missed_share,0.09001003980291661,480
TE,snap_share,inj_unexp_missed_share,-0.7458142903409205,480
TE,redzone_share,yac_per_rec,-0.09975606298341096,454
TE,redzone_share,late_season_trend,-0.09361384977031191,483
TE,redzone_share,placebo,0.02291496003422427,516
TE,redzone_share,xfp_diff,0.1063098549802951,516
TE,redzone_share,ngs_separation,0.04591313415053165,147
TE,redzone_share,tprr,-0.2416427482991638,220
TE,redzone_share,implied_team_total,0.24132212702184075,73
TE,redzone_share,tshare_stability,0.37408264132790414,421
TE,redzone_share,team_pace,0.02035150341763567,516
TE,redzone_share,is_contract_year,-0.08618078004393169,444
TE,redzone_share,hc_disruption,-0.09109608522914836,480
TE,redzone_share,two_wr_rate,0.004000990020300032,212
TE,redzone_share,proe,0.08077458968241533,516
TE,redzone_share,oc_disruption,-0.07127184504824806,491
TE,redzone_share,age,0.21960889213336468,516
TE,redzone_share,draft_capital,-0.35630192815557127,516
TE,redzone_share,share_level,0.8225346177077801,516
TE,redzone_share,adot,0.2614427646941698,516
TE,redzone_share,depth_rostered_absent,-0.7089948945487162,516
TE,redzone_share,depth_offroster,-0.23346662191535608,516
TE,redzone_share,depth_first_share,0.6610847863381684,516
TE,redzone_share,inj_missed_share,-0.09177483590052257,516
TE,redzone_share,inj_unexp_missed_share,-0.7738091120394446,516
TE,yac_per_rec,late_season_trend,0.021514963813098625,460
TE,yac_per_rec,placebo,0.019188506797052765,480
TE,yac_per_rec,xfp_diff,0.22008931593753456,480
TE,yac_per_rec,ngs_separation,0.2619459202610175,149
TE,yac_per_rec,tprr,-0.19911420556419182,212
TE,yac_per_rec,implied_team_total,0.04550675228995638,74
TE,yac_per_rec,tshare_stability,-0.00380919075598672,395
TE,yac_per_rec,team_pace,0.021643059072394548,480
TE,yac_per_rec,is_contract_year,-0.029282678294473886,423
TE,yac_per_rec,hc_disruption,-0.05107458703027057,444
TE,yac_per_rec,two_wr_rate,0.005221388478750244,202
TE,yac_per_rec,proe,0.0073391566648984925,480
TE,yac_per_rec,oc_disruption,-0.054476568236004275,458
TE,yac_per_rec,age,-0.06641380765677436,480
TE,yac_per_rec,draft_capital,-0.0219231543818395,480
TE,yac_per_rec,share_level,-0.09467971389408428,480
TE,yac_per_rec,adot,-0.09269589053705689,480
TE,yac_per_rec,depth_rostered_absent,0.038469115359914034,480
TE,yac_per_rec,depth_offroster,0.03279568010874261,480
TE,yac_per_rec,depth_first_share,-0.03647077834347782,480
TE,yac_per_rec,inj_missed_share,0.0014248708903965796,480
TE,yac_per_rec,inj_unexp_missed_share,0.0252964308110054,480
TE,late_season_trend,placebo,0.01717109447406,538
TE,late_season_trend,xfp_diff,-0.017561669448089828,534
TE,late_season_trend,ngs_separation,0.05782091471746645,144
TE,late_season_trend,tprr,0.1305650614995937,232
TE,late_season_trend,implied_team_total,-0.035529243489621394,78
TE,late_season_trend,tshare_stability,-0.059593303619918575,434
TE,late_season_trend,team_pace,0.005449653539938224,538
TE,late_season_trend,is_contract_year,-0.04522818281921971,465
TE,late_season_trend,hc_disruption,0.04582418844184983,498
TE,late_season_trend,two_wr_rate,0.00384504356335148,223
TE,late_season_trend,proe,-0.007055348525341721,538
TE,late_season_trend,oc_disruption,0.014543948565061778,512
TE,late_season_trend,age,-0.08889149338724642,536
TE,late_season_trend,draft_capital,0.05853609168687249,538
TE,late_season_trend,share_level,-0.08275078382392302,538
TE,late_season_trend,adot,-0.010444603244557548,533
TE,late_season_trend,depth_rostered_absent,0.05060718740025079,538
TE,late_season_trend,depth_offroster,-0.06993376185522902,538
TE,late_season_trend,depth_first_share,-0.18345569715923285,538
TE,late_season_trend,inj_missed_share,-0.06695517006812758,538
TE,late_season_trend,inj_unexp_missed_share,0.04363709864603232,538
TE,placebo,xfp_diff,0.005970710728724351,651
TE,placebo,ngs_separation,0.02318858615938486,150
TE,placebo,tprr,0.03469405865799203,289
TE,placebo,implied_team_total,-0.09386093345435316,122
TE,placebo,tshare_stability,-0.03375424534611299,508
TE,placebo,team_pace,0.01843231828319257,865
TE,placebo,is_contract_year,0.035334200550729375,725
TE,placebo,hc_disruption,-0.03267072340794713,803
TE,placebo,two_wr_rate,0.047992474432718805,362
TE,placebo,proe,0.0249935131252098,865
TE,placebo,oc_disruption,0.002928608506010783,822
TE,placebo,age,-0.01086549696690895,860
TE,placebo,draft_capital,0.03304378648137463,865
TE,placebo,share_level,-0.05176936663451617,670
TE,placebo,adot,-0.002109119260256537,649
TE,placebo,depth_rostered_absent,0.01863430025068924,672
TE,placebo,depth_offroster,0.028508037169373744,672
TE,placebo,depth_first_share,0.033610413728936486,672
TE,placebo,inj_missed_share,-0.01607560440190397,672
TE,placebo,inj_unexp_missed_share,0.03437252216150285,672
TE,xfp_diff,ngs_separation,0.08984754877994577,150
TE,xfp_diff,tprr,-0.04111647788323166,278
TE,xfp_diff,implied_team_total,-0.0036794610497906774,94
TE,xfp_diff,tshare_stability,0.14833690160642116,505
TE,xfp_diff,team_pace,-0.03237568784245427,651
TE,xfp_diff,is_contract_year,-0.05988784877933152,553
TE,xfp_diff,hc_disruption,-0.031446217576912905,601
TE,xfp_diff,two_wr_rate,0.03352973269072619,273
TE,xfp_diff,proe,-0.03216559974040965,651
TE,xfp_diff,oc_disruption,-0.0036771916189800467,620
TE,xfp_diff,age,-0.022486558895129297,651
TE,xfp_diff,draft_capital,-0.06712038305057456,651
TE,xfp_diff,share_level,0.10982951765110824,651
TE,xfp_diff,adot,-0.0016229448550706472,649
TE,xfp_diff,depth_rostered_absent,-0.05733722510899913,651
TE,xfp_diff,depth_offroster,-0.007280905498216206,651
TE,xfp_diff,depth_first_share,0.09917325641667377,651
TE,xfp_diff,inj_missed_share,0.007900995052364248,651
TE,xfp_diff,inj_unexp_missed_share,-0.08532227037437946,651
TE,ngs_separation,tprr,-0.29900884483754836,150
TE,ngs_separation,implied_team_total,-0.11106008608471389,49
TE,ngs_separation,tshare_stability,-0.04593761717285339,127
TE,ngs_separation,team_pace,-0.05084215392244371,150
TE,ngs_separation,is_contract_year,-0.09840030120498992,150
TE,ngs_separation,hc_disruption,0.10058218881442611,143
TE,ngs_separation,two_wr_rate,0.060622046465085254,145
TE,ngs_separation,proe,-0.023432374420139384,150
TE,ngs_separation,oc_disruption,0.11359825432343852,142
TE,ngs_separation,age,-0.15783733042779724,150
TE,ngs_separation,draft_capital,0.06507473756182772,150
TE,ngs_separation,share_level,-0.15883905951375618,150
TE,ngs_separation,adot,-0.34967776345615365,150
TE,ngs_separation,depth_rostered_absent,0.08358877411084574,150
TE,ngs_separation,depth_offroster,-0.19368135243027898,150
TE,ngs_separation,depth_first_share,-0.04979194220661969,150
TE,ngs_separation,inj_missed_share,-0.050651070796288875,150
TE,ngs_separation,inj_unexp_missed_share,-0.02913109978999459,150
TE,tprr,implied_team_total,-0.09513114536526596,96
TE,tprr,tshare_stability,-0.09377042975463669,216
TE,tprr,team_pace,0.07127043049439745,289
TE,tprr,is_contract_year,0.08712474906959407,289
TE,tprr,hc_disruption,0.09930474942236006,272
TE,tprr,two_wr_rate,-0.012367327336913066,277
TE,tprr,proe,-0.033066559271269697,289
TE,tprr,oc_disruption,-0.0018376302896452484,275
TE,tprr,age,-0.2165947490908707,287
TE,tprr,draft_capital,0.25526185000413876,289
TE,tprr,share_level,-0.4354819709183315,285
TE,tprr,adot,0.01596108770992131,278
TE,tprr,depth_rostered_absent,0.1989864138270568,285
TE,tprr,depth_offroster,0.41489716160235746,285
TE,tprr,depth_first_share,-0.41960016604651296,285
TE,tprr,inj_missed_share,0.057341417846765,285
TE,tprr,inj_unexp_missed_share,0.508815362001631,285
TE,implied_team_total,tshare_stability,0.13655485801783115,73
TE,implied_team_total,team_pace,0.518264885501234,122
TE,implied_team_total,is_contract_year,0.01506932512895838,122
TE,implied_team_total,hc_disruption,-0.2365732067341019,122
TE,implied_team_total,two_wr_rate,0.11848852365734398,122
TE,implied_team_total,proe,0.7373773463810979,122
TE,implied_team_total,oc_disruption,-0.19905780380014101,119
TE,implied_team_total,age,0.1433212387987387,122
TE,implied_team_total,draft_capital,0.013081945377725253,122
TE,implied_team_total,share_level,0.014446848012490247,97
TE,implied_team_total,adot,-0.08402761344354978,94
TE,implied_team_total,depth_rostered_absent,-0.25666578050197547,97
TE,implied_team_total,depth_offroster,-0.06360469725937279,97
TE,implied_team_total,depth_first_share,0.11803084499773124,97
TE,implied_team_total,inj_missed_share,-0.21307391044607812,97
TE,implied_team_total,inj_unexp_missed_share,-0.1740752055246089,97
TE,tshare_stability,team_pace,-0.055962461446960515,508
TE,tshare_stability,is_contract_year,-0.17056473055323626,432
TE,tshare_stability,hc_disruption,-0.05160672327443581,467
TE,tshare_stability,two_wr_rate,0.05325774674269736,210
TE,tshare_stability,proe,0.038107250884150484,508
TE,tshare_stability,oc_disruption,-0.03888072526424428,488
TE,tshare_stability,age,0.2295884120706238,507
TE,tshare_stability,draft_capital,-0.3184486062588828,508
TE,tshare_stability,share_level,0.423554708136825,508
TE,tshare_stability,adot,0.16243223462752926,505
TE,tshare_stability,depth_rostered_absent,-0.27737701873203324,508
TE,tshare_stability,depth_offroster,-0.10495881005383179,508
TE,tshare_stability,depth_first_share,0.34335734969408355,508
TE,tshare_stability,inj_missed_share,-0.046464498855511155,508
TE,tshare_stability,inj_unexp_missed_share,-0.2923178859957034,508
TE,team_pace,is_contract_year,-0.033568674701336225,725
TE,team_pace,hc_disruption,-0.019168144082136348,803
TE,team_pace,two_wr_rate,0.15386697748246791,362
TE,team_pace,proe,0.3809849741722085,865
TE,team_pace,oc_disruption,-0.07574413570740074,822
TE,team_pace,age,-0.005777088363601588,860
TE,team_pace,draft_capital,-0.024553815400855376,865
TE,team_pace,share_level,0.08303359041534811,670
TE,team_pace,adot,-0.014081244607491496,649
TE,team_pace,depth_rostered_absent,-0.08250571134912793,672
TE,team_pace,depth_offroster,-0.007648614163227264,672
TE,team_pace,depth_first_share,0.05623454081920149,672
TE,team_pace,inj_missed_share,0.04585571544309373,672
TE,team_pace,inj_unexp_missed_share,-0.10352144675796086,672
TE,is_contract_year,hc_disruption,-0.015648466436613474,677
TE,is_contract_year,two_wr_rate,-0.08309854658345447,362
TE,is_contract_year,proe,-0.0013488636951047598,725
TE,is_contract_year,oc_disruption,0.0062726418579965556,690
TE,is_contract_year,age,0.26320128064644416,721
TE,is_contract_year,draft_capital,0.2068646343551622,725
TE,is_contract_year,share_level,-0.1745598312382737,568
TE,is_contract_year,adot,0.054384233542333744,551
TE,is_contract_year,depth_rostered_absent,0.022847180445647843,569
TE,is_contract_year,depth_offroster,0.2017537101273295,569
TE,is_contract_year,depth_first_share,-0.10450804040266845,569
TE,is_contract_year,inj_missed_share,-0.03365889605411516,569
TE,is_contract_year,inj_unexp_missed_share,0.2270229584841584,569
TE,hc_disruption,two_wr_rate,0.06267674594086269,356
TE,hc_disruption,proe,-0.16749458239067386,803
TE,hc_disruption,oc_disruption,0.5323507323277958,763
TE,hc_disruption,age,-0.02090751438554891,798
TE,hc_disruption,draft_capital,0.050021995719056224,803
TE,hc_disruption,share_level,-0.030564043251709277,620
TE,hc_disruption,adot,-0.008583818572078033,599
TE,hc_disruption,depth_rostered_absent,0.055277678872341286,622
TE,hc_disruption,depth_offroster,0.007822103133857365,622
TE,hc_disruption,depth_first_share,-0.036669936666903845,622
TE,hc_disruption,inj_missed_share,0.09131633246001718,622
TE,hc_disruption,inj_unexp_missed_share,0.008715340748583954,622
TE,two_wr_rate,proe,-0.20606313450179364,362
TE,two_wr_rate,oc_disruption,-0.012687627086312183,346
TE,two_wr_rate,age,0.06926748059622605,359
TE,two_wr_rate,draft_capital,0.07940328131817521,362
TE,two_wr_rate,share_level,-0.026852995547809386,284
TE,two_wr_rate,adot,0.04127440305624917,272
TE,two_wr_rate,depth_rostered_absent,0.016597780658025214,284
TE,two_wr_rate,depth_offroster,0.002713335933413471,284
TE,two_wr_rate,depth_first_share,0.027022050246099664,284
TE,two_wr_rate,inj_missed_share,-0.0588899922256429,284
TE,two_wr_rate,inj_unexp_missed_share,0.003889637546665231,284
TE,proe,oc_disruption,-0.11168923635991097,822
TE,proe,age,0.049501934752880054,860
TE,proe,draft_capital,-0.06596667676767438,865
TE,proe,share_level,0.0536903100774519,670
TE,proe,adot,-0.06336086942298749,649
TE,proe,depth_rostered_absent,-0.0798231746675118,672
TE,proe,depth_offroster,-0.041230215687117225,672
TE,proe,depth_first_share,0.05166111872687068,672
TE,proe,inj_missed_share,-0.016385325376723582,672
TE,proe,inj_unexp_missed_share,-0.0902903736233262,672
TE,oc_disruption,age,-0.0492559432526788,817
TE,oc_disruption,draft_capital,0.05961314173135586,822
TE,oc_disruption,share_level,-0.08398420306449579,639
TE,oc_disruption,adot,-0.021507156701112102,618
TE,oc_disruption,depth_rostered_absent,0.0775263821441617,641
TE,oc_disruption,depth_offroster,0.057955888162517226,641
TE,oc_disruption,depth_first_share,-0.04686617412305836,641
TE,oc_disruption,inj_missed_share,0.05781662303144565,641
TE,oc_disruption,inj_unexp_missed_share,0.06694244699085405,641
TE,age,draft_capital,-0.1391617625477832,860
TE,age,share_level,0.323149883364916,666
TE,age,adot,0.037638334558793896,649
TE,age,depth_rostered_absent,-0.23265930945008342,668
TE,age,depth_offroster,-0.0659230579290504,668
TE,age,depth_first_share,0.3090277592378149,668
TE,age,inj_missed_share,-0.05399745735959249,668
TE,age,inj_unexp_missed_share,-0.1854495255968824,668
TE,draft_capital,share_level,-0.5650369858078295,670
TE,draft_capital,adot,-0.189267940509569,649
TE,draft_capital,depth_rostered_absent,0.3068957445800871,672
TE,draft_capital,depth_offroster,0.162778067826528,672
TE,draft_capital,depth_first_share,-0.3905490117243906,672
TE,draft_capital,inj_missed_share,-0.13684553550936868,672
TE,draft_capital,inj_unexp_missed_share,0.4448645597363291,672
TE,share_level,adot,0.3558573324824859,649
TE,share_level,depth_rostered_absent,-0.5888957071020797,670
TE,share_level,depth_offroster,-0.28631300691501377,670
TE,share_level,depth_first_share,0.6789093088703573,670
TE,share_level,inj_missed_share,0.056768051848695565,670
TE,share_level,inj_unexp_missed_share,-0.7599654847352302,670
TE,adot,depth_rostered_absent,-0.2650763769843424,649
TE,adot,depth_offroster,0.0518703816304829,649
TE,adot,depth_first_share,0.139048309364289,649
TE,adot,inj_missed_share,-0.002472751640888591,649
TE,adot,inj_unexp_missed_share,-0.18054397462281846,649
TE,depth_rostered_absent,depth_offroster,-0.15403345064240986,672
TE,depth_rostered_absent,depth_first_share,-0.3953552824667601,672
TE,depth_rostered_absent,inj_missed_share,0.28271341633433394,672
TE,depth_rostered_absent,inj_unexp_missed_share,0.4867811655045019,672
TE,depth_offroster,depth_first_share,-0.3573719427621534,672
TE,depth_offroster,inj_missed_share,-0.023592279774223568,672
TE,depth_offroster,inj_unexp_missed_share,0.6239202589413467,672
TE,depth_first_share,inj_missed_share,0.06476900196743615,672
TE,depth_first_share,inj_unexp_missed_share,-0.6700260195992964,672
TE,inj_missed_share,inj_unexp_missed_share,-0.12718614803117106,672
