factor,class,position,raw_rho_pooled,raw_n,partial_rho_pooled,partial_n,raw_rho_matched,priorpoints_rho_matched,matched_n,beats_aggregate_delta,per_season,n_seasons_pos,n_seasons_neg,n_seasons_zero,ledger_row
placebo,EXOGENOUS,QB,0.03684684914569521,502,0.07490238375140401,380,0.09529434084196907,0.7322969632444244,380,-0.6370026224024553,"{2013: -0.0435, 2014: 0.1221, 2015: 0.1316, 2016: 0.0045, 2017: -0.0732, 2018: 0.1706, 2019: -0.0458}",4,3,0,?
injury_burden,EXOGENOUS,QB,-0.021161842970921142,340,0.0105564614123253,313,-0.03928178379485616,0.7413878303988621,313,-0.7806696141937183,"{2013: -0.0833, 2014: -0.0189, 2015: -0.0267, 2016: -0.0222, 2017: -0.0395, 2018: 0.0392, 2019: -0.043}",1,6,0,"T0-6-adjacent (leading, C3-C)"
practice_severity,EXOGENOUS,QB,-0.13598377349596621,340,0.13406826047097523,313,-0.1258117453856289,0.7413878303988621,313,-0.867199575784491,"{2013: -0.0889, 2014: -0.2005, 2015: -0.2119, 2016: -0.208, 2017: -0.1646, 2018: -0.0915, 2019: 0.047}",1,6,0,C3-D
depth_end_rank,EXOGENOUS,QB,-0.5997098556762595,390,-0.08057985181169894,345,-0.5721925624407463,0.7411680551494118,345,-1.313360617590158,"{2013: -0.6976, 2014: -0.665, 2015: -0.4473, 2016: -0.6466, 2017: -0.5871, 2018: -0.5725, 2019: -0.6051}",0,7,0,C3-E
combine_z,EXOGENOUS,QB,0.13456214671794356,402,0.013754079866741414,313,0.11495367777456907,0.7151857241097518,313,-0.6002320463351827,"{2013: 0.0457, 2014: 0.169, 2015: 0.1561, 2016: 0.1551, 2017: 0.2919, 2018: 0.0963, 2019: 0.0423}",7,0,0,N34/C3-F
neutral_pass_rate,EXOGENOUS,QB,0.03034413145521372,502,0.004596800419673249,380,0.10230278476055059,0.7322969632444244,380,-0.6299941784838738,"{2013: 0.0111, 2014: 0.1062, 2015: -0.0587, 2016: 0.1604, 2017: 0.0397, 2018: -0.0479, 2019: 0.0138}",5,2,0,N20/C3-G
yoe_rate,CONSTITUENT,QB,0.19115957482731483,415,0.019909694577151377,380,0.1899934009566983,0.7322969632444244,380,-0.5423035622877261,"{2013: 0.194, 2014: 0.1819, 2015: -0.04, 2016: 0.3328, 2017: 0.2015, 2018: 0.3002, 2019: 0.1443}",6,1,0,T1-18-adjacent/C3-H
qb_rush_att_pg,CONSTITUENT,QB,0.3890299864417388,380,0.11830037472697987,380,0.3890299864417388,0.7322969632444244,380,-0.3432669768026856,"{2013: 0.369, 2014: 0.3123, 2015: 0.3642, 2016: 0.5033, 2017: 0.4993, 2018: 0.3481, 2019: 0.369}",7,0,0,N9
xfp_diff,CONSTITUENT,QB,0.2573788996138142,415,0.05117058874110306,380,0.243124939517918,0.7322969632444244,380,-0.48917202372650637,"{2013: 0.1517, 2014: 0.3607, 2015: 0.1556, 2016: 0.3619, 2017: 0.2097, 2018: 0.2438, 2019: 0.2789}",7,0,0,T1-18/C1-F3
implied_team_total,EXOGENOUS,QB,0.06307748058726438,69,-0.016897145787732947,48,0.11615532204505698,0.6171298306556665,48,-0.5009745086106095,"{2013: None, 2014: None, 2015: None, 2016: None, 2017: None, 2018: None, 2019: 0.0631}",1,0,0,T0-11/N12/C2
team_pace,EXOGENOUS,QB,-0.0011685200962027694,502,0.005109881725968133,380,0.03626884592306063,0.7322969632444244,380,-0.6960281173213637,"{2013: 0.0162, 2014: 0.0253, 2015: -0.0331, 2016: 0.0441, 2017: 0.0126, 2018: -0.0863, 2019: -0.0227}",4,3,0,T1-21/C4-J
is_contract_year,EXOGENOUS,QB,-0.2946733854687374,460,-0.177583602285194,356,-0.32101470463660986,0.7229538324543934,356,-1.0439685370910032,"{2013: -0.3302, 2014: -0.4, 2015: -0.3332, 2016: -0.296, 2017: -0.2646, 2018: -0.2169, 2019: -0.2307}",0,7,0,T1-27/C4-K
hc_disruption,EXOGENOUS,QB,-0.016119827400030824,463,-0.01730786084162395,348,-0.08296408727023714,0.727321650706467,348,-0.8102857379767042,"{2013: -0.0205, 2014: 0.0287, 2015: 0.0235, 2016: -0.1003, 2017: 0.0104, 2018: -0.0648, 2019: 0.029}",4,3,0,T1-29b/C4-L
two_wr_rate,EXOGENOUS,QB,-0.004673654374803462,208,0.08834997445956784,150,-0.01825170843340431,0.6828132194789793,150,-0.7010649279123836,"{2013: None, 2014: None, 2015: None, 2016: None, 2017: 0.0106, 2018: -0.0692, 2019: 0.0342}",2,1,0,T1-31/N25/C4-N
proe,EXOGENOUS,QB,0.03753077336914964,502,-0.00844826837437671,380,0.11754788718785869,0.7322969632444244,380,-0.6147490760565657,"{2013: 0.0239, 2014: 0.1102, 2015: -0.0748, 2016: 0.1741, 2017: 0.0483, 2018: -0.0216, 2019: -0.0351}",4,3,0,T1-22
oc_disruption,EXOGENOUS,QB,-0.0585487212925662,472,-0.013315622302880921,357,-0.04282457118118845,0.7367001490613132,357,-0.7795247202425016,"{2013: 0.026, 2014: -0.0907, 2015: 0.0458, 2016: -0.163, 2017: -0.0289, 2018: -0.0875, 2019: -0.0946}",2,5,0,T1-29/T1-30/N21/N22
age,EXOGENOUS,QB,0.0699737597566331,501,-0.09015037111237358,380,0.02709436660022439,0.7322969632444244,380,-0.7052025966442,"{2013: 0.0589, 2014: 0.1959, 2015: 0.0752, 2016: 0.0801, 2017: 0.1586, 2018: 0.0301, 2019: -0.0783}",6,1,0,T0-7
draft_capital,EXOGENOUS,QB,-0.5005299872342536,502,-0.15198172075961897,380,-0.4645508424677544,0.7322969632444244,380,-1.1968478057121787,"{2013: -0.5871, 2014: -0.475, 2015: -0.5437, 2016: -0.4437, 2017: -0.5153, 2018: -0.4523, 2019: -0.4414}",0,7,0,T1-25
depth_rostered_absent,EXOGENOUS,QB,-0.6458774715634956,420,-0.11372089321162242,380,-0.6757771604423551,0.7322969632444244,380,-1.4080741236867795,"{2013: -0.6215, 2014: -0.6883, 2015: -0.6325, 2016: -0.6763, 2017: -0.7074, 2018: -0.535, 2019: -0.6248}",0,7,0,T0-5
depth_offroster,EXOGENOUS,QB,-0.13766321459430308,420,0.07440823190778924,380,-0.1138194186762885,0.7322969632444244,380,-0.8461163819207129,"{2013: -0.3061, 2014: -0.0697, 2015: -0.0771, 2016: -0.2191, 2017: -0.2028, 2018: -0.08, 2019: -0.0786}",0,7,0,T0-5
depth_first_share,EXOGENOUS,QB,0.701513350239505,420,0.12054240776885396,380,0.6924464441256315,0.7322969632444244,380,-0.03985051911879289,"{2013: 0.7899, 2014: 0.7678, 2015: 0.6448, 2016: 0.7783, 2017: 0.7534, 2018: 0.6164, 2019: 0.5902}",7,0,0,T0-5
inj_missed_share,EXOGENOUS,QB,0.08380842345722081,420,0.03653578612375704,380,0.031048382991787436,0.7322969632444244,380,-0.7012485802526369,"{2013: 0.0276, 2014: -0.0243, 2015: 0.0829, 2016: 0.1684, 2017: 0.1197, 2018: 0.1296, 2019: 0.088}",6,1,0,T0-6
inj_unexp_missed_share,EXOGENOUS,QB,-0.7015990078897144,420,-0.10532112245359794,380,-0.6959013922175645,0.7322969632444244,380,-1.4281983554619888,"{2013: -0.7571, 2014: -0.6982, 2015: -0.6236, 2016: -0.7722, 2017: -0.796, 2018: -0.5751, 2019: -0.6707}",0,7,0,T0-6
placebo,EXOGENOUS,RB,0.02752676317164536,1024,0.05843749202027455,748,0.03208141840227717,0.6035079002081555,748,-0.5714264818058783,"{2013: 0.1487, 2014: -0.0329, 2015: 0.003, 2016: 0.0658, 2017: -0.0767, 2018: 0.0628, 2019: -0.0192}",4,3,0,?
injury_burden,EXOGENOUS,RB,0.11011552158276092,661,0.10804552585792603,641,0.12018022935870296,0.604542585459876,641,-0.48436235610117306,"{2013: 0.2306, 2014: 0.1462, 2015: 0.1647, 2016: 0.0869, 2017: 0.1239, 2018: -0.072, 2019: 0.0673}",6,1,0,"T0-6-adjacent (leading, C3-C)"
practice_severity,EXOGENOUS,RB,-0.04785615451445207,661,0.06640280309864029,641,-0.03822924043454337,0.604542585459876,641,-0.6427718258944194,"{2013: -0.0399, 2014: -0.0511, 2015: 0.0446, 2016: -0.0641, 2017: -0.1334, 2018: -0.0255, 2019: -0.0594}",1,6,0,C3-D
depth_end_rank,EXOGENOUS,RB,-0.30108674255925005,607,0.0989424064886956,601,-0.2931912975216097,0.639322563705215,601,-0.9325138612268247,"{2013: -0.3256, 2014: -0.2799, 2015: -0.2623, 2016: -0.1696, 2017: -0.2534, 2018: -0.3971, 2019: -0.3927}",0,7,0,C3-E
combine_z,EXOGENOUS,RB,-0.003464941011831024,632,-0.030749776274915708,492,-0.036407363830569535,0.5741329433925227,492,-0.6105403072230923,"{2013: 0.1533, 2014: 0.0778, 2015: -0.0307, 2016: -0.0814, 2017: -0.1545, 2018: 0.0402, 2019: 0.0023}",4,3,0,N34/C3-F
neutral_pass_rate,EXOGENOUS,RB,0.041252855297414195,1024,0.04234858151347967,748,0.02897082662828047,0.6035079002081555,748,-0.574537073579875,"{2013: 0.0519, 2014: -0.0277, 2015: -0.026, 2016: 0.0568, 2017: 0.0634, 2018: 0.1038, 2019: 0.035}",5,2,0,N20/C3-G
yoe_rate,CONSTITUENT,RB,0.2579362345780509,762,0.09084333500415694,732,0.24852754151034315,0.5944952669784866,732,-0.34596772546814347,"{2013: 0.4112, 2014: 0.1596, 2015: 0.158, 2016: 0.2765, 2017: 0.1743, 2018: 0.2403, 2019: 0.3379}",7,0,0,T1-18-adjacent/C3-H
snap_share,CONSTITUENT,RB,0.5635161836878528,572,0.13475449575927814,572,0.5635161836878528,0.5887760306704791,572,-0.02525984698262629,"{2013: None, 2014: 0.4845, 2015: 0.5171, 2016: 0.5086, 2017: 0.5918, 2018: 0.6069, 2019: 0.6635}",6,0,0,T0-9/N18/C1-F1
redzone_share,CONSTITUENT,RB,0.5163538660614889,672,-0.04783128052698148,672,0.5163538660614889,0.5689963162952862,672,-0.05264245023379732,"{2013: 0.5638, 2014: 0.4678, 2015: 0.3586, 2016: 0.4161, 2017: 0.6461, 2018: 0.5032, 2019: 0.6333}",7,0,0,T0-10/C1-F2
yac_per_rec,CONSTITUENT,RB,0.05586271088574357,556,-0.03277432637594571,556,0.05586271088574357,0.526049892494669,556,-0.4701871816089255,"{2013: -0.0099, 2014: 0.2527, 2015: -0.0713, 2016: -0.0309, 2017: 0.0682, 2018: 0.1508, 2019: 0.0867}",4,3,0,N16/C2
rb_receiving_share,CONSTITUENT,RB,-0.10461304560421555,721,-0.0625122971293557,721,-0.10461304560421555,0.587173790370135,721,-0.6917868359743505,"{2013: -0.0493, 2014: -0.1167, 2015: -0.1654, 2016: -0.1028, 2017: -0.0046, 2018: -0.0957, 2019: -0.184}",0,7,0,N17/C2
late_season_trend,CONSTITUENT,RB,0.058720561527077365,629,0.03476705130222743,629,0.058720561527077365,0.6211280302033766,629,-0.5624074686762992,"{2013: 0.0627, 2014: 0.244, 2015: 0.1386, 2016: 0.0062, 2017: -0.09, 2018: 0.0307, 2019: 0.0302}",6,1,0,N19/C2
explosive_rush_rate,AMBIGUOUS,RB,-0.021301165237894736,1024,0.01013688655898416,748,0.019096750333560043,0.6035079002081555,748,-0.5844111498745954,"{2013: -0.0454, 2014: 0.0264, 2015: -0.0869, 2016: -0.0847, 2017: -0.0531, 2018: 0.0004, 2019: 0.1123}",3,4,0,screen1
xfp_diff,CONSTITUENT,RB,0.2627755866852174,762,0.06349156513616606,732,0.25661949480227986,0.5944952669784866,732,-0.3378757721762068,"{2013: 0.3855, 2014: 0.1723, 2015: 0.0835, 2016: 0.2688, 2017: 0.2941, 2018: 0.214, 2019: 0.399}",7,0,0,T1-18/C1-F3
tprr,CONSTITUENT,RB,-0.44660580327731586,330,0.07165278734426649,316,-0.4264049531541551,0.6634625560569266,316,-1.0898675092110817,"{2013: None, 2014: None, 2015: None, 2016: None, 2017: -0.3982, 2018: -0.4834, 2019: -0.5037}",0,3,0,T1-16/T1-17/N3/C1-F5
implied_team_total,EXOGENOUS,RB,0.08776421153721334,142,0.2632666007789611,104,0.1489287558478531,0.7096199421613497,104,-0.5606911863134967,"{2013: None, 2014: None, 2015: None, 2016: None, 2017: None, 2018: None, 2019: 0.0878}",1,0,0,T0-11/N12/C2
team_pace,EXOGENOUS,RB,0.03940546669732287,1024,0.0658092399893321,748,0.06460575290668598,0.6035079002081555,748,-0.5389021473014695,"{2013: 0.0565, 2014: 0.0831, 2015: 0.044, 2016: 0.0174, 2017: 0.0014, 2018: -0.028, 2019: 0.0872}",6,1,0,T1-21/C4-J
is_contract_year,EXOGENOUS,RB,-0.21234061943454752,865,-0.1303729832316033,637,-0.2560505804580869,0.6028377894504338,637,-0.8588883699085206,"{2013: 0.0218, 2014: -0.0599, 2015: -0.1539, 2016: -0.1633, 2017: -0.341, 2018: -0.2874, 2019: -0.1972}",1,6,0,T1-27/C4-K
hc_disruption,EXOGENOUS,RB,-0.014216023127897147,944,0.01612127809543745,691,0.013118430955092282,0.6057759194850495,691,-0.5926574885299573,"{2013: -0.0267, 2014: -0.0561, 2015: 0.0644, 2016: 0.0247, 2017: -0.0029, 2018: -0.051, 2019: -0.074}",2,5,0,T1-29b/C4-L
ol_ybc,EXOGENOUS,RB,0.020767829862487715,142,0.22481950946358736,104,0.09473014334031406,0.7096199421613497,104,-0.6148897988210357,"{2013: None, 2014: None, 2015: None, 2016: None, 2017: None, 2018: None, 2019: 0.0208}",1,0,0,T1-23/N27/C4-M
two_wr_rate,EXOGENOUS,RB,0.003272161417222559,421,-0.007134414615213022,306,-0.002082649207624388,0.6684677008122148,306,-0.6705503500198392,"{2013: None, 2014: None, 2015: None, 2016: None, 2017: 0.0231, 2018: -0.0416, 2019: 0.0633}",2,1,0,T1-31/N25/C4-N
proe,EXOGENOUS,RB,0.028583658571501858,1024,0.03780864292136914,748,0.014916346100362283,0.6035079002081555,748,-0.5885915541077932,"{2013: 0.0756, 2014: -0.0423, 2015: -0.0498, 2016: 0.0608, 2017: 0.0255, 2018: 0.1116, 2019: 0.0382}",5,2,0,T1-22
oc_disruption,EXOGENOUS,RB,-0.03618840691021025,973,-0.05458285869979506,709,-0.04555114998543149,0.5998324326018948,709,-0.6453835825873263,"{2013: -0.0174, 2014: -0.0862, 2015: 0.0696, 2016: -0.0543, 2017: -0.011, 2018: -0.085, 2019: -0.0563}",1,6,0,T1-29/T1-30/N21/N22
age,EXOGENOUS,RB,0.032754539807101815,1024,-0.11627067104599084,748,-0.03829226714947933,0.6035079002081555,748,-0.6418001673576348,"{2013: 0.2206, 2014: 0.0994, 2015: 0.1157, 2016: 0.0586, 2017: -0.0307, 2018: -0.1258, 2019: -0.1014}",4,3,0,T0-7
draft_capital,EXOGENOUS,RB,-0.43232150412676285,1024,-0.13031979419806328,748,-0.36110362963446313,0.6035079002081555,748,-0.9646115298426186,"{2013: -0.4737, 2014: -0.3749, 2015: -0.3915, 2016: -0.3942, 2017: -0.4337, 2018: -0.4333, 2019: -0.5305}",0,7,0,T1-25
share_level,CONSTITUENT,RB,0.5672130191723077,779,0.13422817736001633,748,0.5621372619082372,0.6035079002081555,748,-0.04137063829991827,"{2013: 0.6445, 2014: 0.5276, 2015: 0.4935, 2016: 0.4846, 2017: 0.5915, 2018: 0.57, 2019: 0.6308}",7,0,0,T0-8
adot,AMBIGUOUS,RB,-0.017725859082129196,750,-0.008481361862119568,725,-0.024342254333305953,0.5898012293035351,725,-0.614143483636841,"{2013: -0.063, 2014: -0.1198, 2015: -0.0806, 2016: 0.0381, 2017: 0.1024, 2018: 0.0461, 2019: -0.0281}",3,4,0,T1-14
depth_rostered_absent,EXOGENOUS,RB,-0.27464041017095947,780,0.013421077445067818,748,-0.3173599150690459,0.6035079002081555,748,-0.9208678152772014,"{2013: -0.0769, 2014: -0.1747, 2015: -0.2298, 2016: -0.3044, 2017: -0.3024, 2018: -0.4519, 2019: -0.3759}",0,7,0,T0-5
depth_offroster,EXOGENOUS,RB,-0.24284266717702116,780,0.1043598249338421,748,-0.19673096044897384,0.6035079002081555,748,-0.8002388606571293,"{2013: -0.2631, 2014: -0.2212, 2015: -0.1589, 2016: -0.2084, 2017: -0.1895, 2018: -0.2705, 2019: -0.3485}",0,7,0,T0-5
depth_first_share,EXOGENOUS,RB,0.33713064550476135,780,-0.025325650442440402,748,0.3182613774467436,0.6035079002081555,748,-0.2852465227614119,"{2013: 0.3765, 2014: 0.264, 2015: 0.2791, 2016: 0.2566, 2017: 0.3184, 2018: 0.3969, 2019: 0.4395}",7,0,0,T0-5
inj_missed_share,EXOGENOUS,RB,0.12172873262912853,780,0.12367768074932343,748,0.11070185837447785,0.6035079002081555,748,-0.4928060418336776,"{2013: 0.2458, 2014: 0.2243, 2015: 0.0969, 2016: 0.0998, 2017: 0.1402, 2018: -0.0778, 2019: 0.1407}",6,1,0,T0-6
inj_unexp_missed_share,EXOGENOUS,RB,-0.45688297351858015,780,0.05927689271791545,748,-0.43755231928473964,0.6035079002081555,748,-1.041060219492895,"{2013: -0.4302, 2014: -0.3993, 2015: -0.3723, 2016: -0.4258, 2017: -0.4698, 2018: -0.552, 2019: -0.5317}",0,7,0,T0-6
placebo,EXOGENOUS,WR,-0.006484394664500749,1505,-0.011108176185047629,1069,-0.03999052877955713,0.6768837048929908,1069,-0.7168742336725479,"{2013: -0.0182, 2014: -0.1034, 2015: 0.1279, 2016: -0.0904, 2017: 0.0866, 2018: -0.0401, 2019: 0.0127}",3,4,0,?
injury_burden,EXOGENOUS,WR,0.02149042546526197,978,0.04912305032097989,938,0.011105613032408684,0.6721367735807422,938,-0.6610311605483336,"{2013: 0.0855, 2014: 0.0699, 2015: -0.0857, 2016: -0.1289, 2017: 0.0455, 2018: 0.1128, 2019: 0.0767}",5,2,0,"T0-6-adjacent (leading, C3-C)"
practice_severity,EXOGENOUS,WR,-0.0842239609362973,978,0.05145272759486365,938,-0.0746489949024925,0.6721367735807422,938,-0.7467857684832346,"{2013: 0.0546, 2014: -0.0787, 2015: -0.2032, 2016: -0.1212, 2017: -0.1622, 2018: -0.0037, 2019: -0.1129}",1,6,0,C3-D
depth_end_rank,EXOGENOUS,WR,-0.41188314558699146,946,-0.002951323558138522,928,-0.39730884741547434,0.6921094968525313,928,-1.0894183442680057,"{2013: -0.4775, 2014: -0.3983, 2015: -0.4954, 2016: -0.3899, 2017: -0.4519, 2018: -0.297, 2019: -0.3898}",0,7,0,C3-E
combine_z,EXOGENOUS,WR,-0.029784141749969104,896,-0.0010904497262271384,710,-0.048333242053587425,0.6792876090956854,710,-0.7276208511492729,"{2013: -0.0156, 2014: -0.173, 2015: -0.0399, 2016: -0.0066, 2017: -0.094, 2018: 0.0495, 2019: 0.0727}",2,5,0,N34/C3-F
neutral_pass_rate,EXOGENOUS,WR,0.02821560335060398,1505,0.01043120894426585,1069,0.0465700527646865,0.6768837048929908,1069,-0.6303136521283043,"{2013: 0.1035, 2014: 0.0835, 2015: 0.0344, 2016: 0.0826, 2017: 0.0112, 2018: -0.0343, 2019: -0.0226}",5,2,0,N20/C3-G
yoe_rate,CONSTITUENT,WR,0.24694072007850765,1106,0.0436308914395637,1052,0.25553317780219753,0.6695520096085297,1052,-0.41401883180633214,"{2013: 0.1066, 2014: 0.3413, 2015: 0.2959, 2016: 0.2178, 2017: 0.2713, 2018: 0.229, 2019: 0.2801}",7,0,0,T1-18-adjacent/C3-H
wopr,CONSTITUENT,WR,0.6675960551084286,1069,0.1868898368738964,1069,0.6675960551084286,0.6768837048929908,1069,-0.009287649784562202,"{2013: 0.6564, 2014: 0.6707, 2015: 0.6727, 2016: 0.6757, 2017: 0.6418, 2018: 0.7186, 2019: 0.6503}",7,0,0,T1-15/C2
snap_share,CONSTITUENT,WR,0.6521569554117556,829,0.1326569164170307,829,0.6521569554117556,0.6881944490755731,829,-0.03603749366381759,"{2013: None, 2014: 0.6923, 2015: 0.6653, 2016: 0.6482, 2017: 0.6157, 2018: 0.6786, 2019: 0.6342}",6,0,0,T0-9/N18/C1-F1
redzone_share,CONSTITUENT,WR,0.5540793504284777,905,0.019947529659538388,905,0.5540793504284777,0.6464830585494286,905,-0.09240370812095089,"{2013: 0.4683, 2014: 0.5517, 2015: 0.5993, 2016: 0.5366, 2017: 0.5564, 2018: 0.5616, 2019: 0.5983}",7,0,0,T0-10/C1-F2
yac_per_rec,CONSTITUENT,WR,0.11392843628284247,904,-0.006006933716892821,904,0.11392843628284247,0.6380500368822698,904,-0.5241216005994274,"{2013: 0.0463, 2014: 0.1471, 2015: -0.0126, 2016: 0.1888, 2017: 0.1414, 2018: 0.1619, 2019: 0.1416}",6,1,0,N16/C2
late_season_trend,CONSTITUENT,WR,-0.01705285747601872,938,0.008007689104481271,938,-0.01705285747601872,0.6851900066458101,938,-0.7022428641218288,"{2013: 0.0294, 2014: -0.1028, 2015: 0.0366, 2016: 0.0258, 2017: -0.0882, 2018: -0.0711, 2019: 0.0334}",4,3,0,N19/C2
xfp_diff,CONSTITUENT,WR,0.24691134445524868,1103,0.002377414326786876,1050,0.2445854781161628,0.6687341695544621,1050,-0.42414869143829925,"{2013: 0.1466, 2014: 0.2785, 2015: 0.3067, 2016: 0.2716, 2017: 0.2934, 2018: 0.227, 2019: 0.2376}",7,0,0,T1-18/C1-F3
ngs_separation,EXOGENOUS,WR,-0.02524133022496807,356,-0.09193677776808858,356,-0.02524133022496807,0.6036066718809923,356,-0.6288480021059604,"{2013: None, 2014: None, 2015: None, 2016: None, 2017: 0.026, 2018: -0.0203, 2019: -0.0534}",1,2,0,N5/C1-F4
tprr,CONSTITUENT,WR,-0.33020789361800595,488,0.04563374806849483,469,-0.30212726659687206,0.6853136891967163,469,-0.9874409557935884,"{2013: None, 2014: None, 2015: None, 2016: None, 2017: -0.1748, 2018: -0.4182, 2019: -0.4283}",0,3,0,T1-16/T1-17/N3/C1-F5
implied_team_total,EXOGENOUS,WR,-0.03857502030303246,220,-0.042585549456480354,152,0.06056920866110152,0.6873816674419834,152,-0.6268124587808819,"{2013: None, 2014: None, 2015: None, 2016: None, 2017: None, 2018: None, 2019: -0.0386}",0,1,0,T0-11/N12/C2
tshare_stability,AMBIGUOUS,WR,0.46454471656669,836,0.11005836656810151,809,0.4609613596337737,0.685284726200035,809,-0.22432336656626128,"{2013: 0.3896, 2014: 0.4162, 2015: 0.4879, 2016: 0.5107, 2017: 0.5038, 2018: 0.5004, 2019: 0.4526}",7,0,0,T1-13/C4-I
team_pace,EXOGENOUS,WR,0.015430735614530835,1505,-0.018996209215108886,1069,0.018040173823664626,0.6768837048929908,1069,-0.6588435310693261,"{2013: 0.071, 2014: 0.0344, 2015: 0.0224, 2016: 0.003, 2017: -0.015, 2018: 0.0456, 2019: -0.0841}",5,2,0,T1-21/C4-J
is_contract_year,EXOGENOUS,WR,-0.2095928443230034,1297,-0.15971971304042193,942,-0.2820126292940037,0.6661307286511747,942,-0.9481433579451785,"{2013: -0.0785, 2014: -0.1516, 2015: -0.2138, 2016: 0.0462, 2017: -0.1745, 2018: -0.294, 2019: -0.2919}",1,6,0,T1-27/C4-K
hc_disruption,EXOGENOUS,WR,-0.03398911475288166,1386,-0.035587514525367174,980,-0.05375917172145197,0.6937932482711296,980,-0.7475524199925816,"{2013: 0.0102, 2014: -0.0757, 2015: 0.0268, 2016: -0.1067, 2017: -0.0574, 2018: -0.0356, 2019: 0.0002}",3,4,0,T1-29b/C4-L
two_wr_rate,EXOGENOUS,WR,0.04790130148853332,645,0.02987112416490053,450,0.02360911789187011,0.694590583136205,450,-0.6709814652443349,"{2013: None, 2014: None, 2015: None, 2016: None, 2017: 0.024, 2018: 0.0892, 2019: 0.0101}",3,0,0,T1-31/N25/C4-N
proe,EXOGENOUS,WR,0.05008084047423076,1505,0.013001651418225044,1069,0.06266362471128219,0.6768837048929908,1069,-0.6142200801817086,"{2013: 0.1174, 2014: 0.0833, 2015: 0.05, 2016: 0.1225, 2017: 0.0068, 2018: -0.0409, 2019: -0.0306}",5,2,0,T1-22
oc_disruption,EXOGENOUS,WR,-0.03138499323821137,1418,-0.016737088993412454,1003,-0.024542658418179188,0.6750887747889872,1003,-0.6996314332071664,"{2013: -0.0082, 2014: -0.0214, 2015: 0.0252, 2016: -0.0509, 2017: -0.0939, 2018: -0.0405, 2019: -0.0098}",1,6,0,T1-29/T1-30/N21/N22
age,EXOGENOUS,WR,0.15437264189258942,1498,-0.14781636862288075,1065,0.029041097532921313,0.6756812116680425,1065,-0.6466401141351212,"{2013: 0.1541, 2014: 0.1188, 2015: 0.0711, 2016: 0.1745, 2017: 0.2853, 2018: 0.155, 2019: 0.138}",7,0,0,T0-7
draft_capital,EXOGENOUS,WR,-0.4412141552314606,1505,-0.13303587640758013,1069,-0.3674648504804973,0.6768837048929908,1069,-1.0443485553734881,"{2013: -0.4324, 2014: -0.4542, 2015: -0.4466, 2016: -0.3649, 2017: -0.3892, 2018: -0.4543, 2019: -0.5216}",0,7,0,T1-25
share_level,CONSTITUENT,WR,0.6776372656246532,1125,0.1853542450224485,1069,0.6714271495335185,0.6768837048929908,1069,-0.005456555359472315,"{2013: 0.6298, 2014: 0.6943, 2015: 0.6883, 2016: 0.6896, 2017: 0.6896, 2018: 0.7135, 2019: 0.6592}",7,0,0,T0-8
adot,AMBIGUOUS,WR,0.07517842045719117,1102,0.014050062979259186,1049,0.0695632927975071,0.66799305077762,1049,-0.5984297579801129,"{2013: 0.1604, 2014: 0.1746, 2015: 0.0495, 2016: 0.1033, 2017: 0.0153, 2018: 0.0067, 2019: 0.0076}",7,0,0,T1-14
depth_rostered_absent,EXOGENOUS,WR,-0.2915890351528362,1126,0.05594032488190312,1069,-0.335783591361671,0.6768837048929908,1069,-1.0126672962546617,"{2013: -0.296, 2014: -0.4452, 2015: -0.3148, 2016: -0.2312, 2017: -0.2593, 2018: -0.2744, 2019: -0.2427}",0,7,0,T0-5
depth_offroster,EXOGENOUS,WR,-0.2597348330301415,1126,0.059885029629429876,1069,-0.2244472931618526,0.6768837048929908,1069,-0.9013309980548434,"{2013: -0.3108, 2014: -0.1707, 2015: -0.2519, 2016: -0.2765, 2017: -0.2444, 2018: -0.259, 2019: -0.3007}",0,7,0,T0-5
depth_first_share,EXOGENOUS,WR,0.4396411791825816,1126,-0.019641268863384687,1069,0.42897023482915986,0.6768837048929908,1069,-0.2479134700638309,"{2013: 0.4898, 2014: 0.4675, 2015: 0.4734, 2016: 0.4159, 2017: 0.4955, 2018: 0.3797, 2019: 0.3958}",7,0,0,T0-5
inj_missed_share,EXOGENOUS,WR,0.01914676654371555,1126,0.06888761320458488,1069,0.001908863771713227,0.6768837048929908,1069,-0.6749748411212776,"{2013: 0.0574, 2014: -0.1185, 2015: -0.0382, 2016: -0.013, 2017: -0.0498, 2018: 0.2697, 2019: -0.0205}",2,5,0,T0-6
inj_unexp_missed_share,EXOGENOUS,WR,-0.463744888598469,1126,0.09234130762342847,1069,-0.4553607453411661,0.6768837048929908,1069,-1.1322444502341569,"{2013: -0.5112, 2014: -0.4058, 2015: -0.4687, 2016: -0.4653, 2017: -0.4461, 2018: -0.5002, 2019: -0.4536}",0,7,0,T0-6
placebo,EXOGENOUS,TE,-0.05454815337507642,865,-0.04069516871217498,621,-0.060467874074074654,0.6763439868677023,621,-0.7368118609417769,"{2013: -0.0778, 2014: -0.1591, 2015: -0.1304, 2016: 0.1102, 2017: 0.0248, 2018: -0.0189, 2019: -0.1358}",2,5,0,?
injury_burden,EXOGENOUS,TE,0.06296961976504607,571,0.06089571559198648,532,0.06350496003000371,0.6775480279634699,532,-0.6140430679334662,"{2013: 0.0809, 2014: -0.0344, 2015: 0.1052, 2016: 0.0321, 2017: 0.2257, 2018: 0.0555, 2019: -0.0599}",5,2,0,"T0-6-adjacent (leading, C3-C)"
practice_severity,EXOGENOUS,TE,-0.08920915617491058,571,0.04465164088600868,532,-0.09963320305906163,0.6775480279634699,532,-0.7771812310225316,"{2013: -0.1276, 2014: -0.114, 2015: -0.0981, 2016: -0.0807, 2017: 0.1077, 2018: -0.2103, 2019: -0.0765}",1,6,0,C3-D
depth_end_rank,EXOGENOUS,TE,-0.4175144556716809,551,0.0859543749959131,526,-0.40486754004419107,0.6914547041668351,526,-1.096322244211026,"{2013: -0.4969, 2014: -0.4858, 2015: -0.391, 2016: -0.3689, 2017: -0.3218, 2018: -0.3135, 2019: -0.4982}",0,7,0,C3-E
combine_z,EXOGENOUS,TE,0.15343879510633135,504,0.04804477834746073,403,0.14587920700425738,0.6412996395055606,403,-0.4954204325013032,"{2013: 0.1051, 2014: -0.0561, 2015: 0.2597, 2016: 0.1574, 2017: 0.1179, 2018: 0.3466, 2019: 0.2019}",6,1,0,N34/C3-F
neutral_pass_rate,EXOGENOUS,TE,0.04617158851610352,865,0.010738134828355674,621,0.07281006925758818,0.6763439868677023,621,-0.6035339176101141,"{2013: 0.0275, 2014: 0.073, 2015: 0.0201, 2016: 0.1337, 2017: -0.0757, 2018: 0.1012, 2019: 0.0313}",6,1,0,N20/C3-G
yoe_rate,CONSTITUENT,TE,0.09131983240969467,651,-0.009216021920135006,608,0.09413991915809702,0.667644129558729,608,-0.5735042104006319,"{2013: -0.076, 2014: 0.1386, 2015: 0.108, 2016: 0.1095, 2017: 0.1347, 2018: 0.2208, 2019: 0.0542}",6,1,0,T1-18-adjacent/C3-H
wopr,CONSTITUENT,TE,0.666697587439486,621,0.17917271177221372,621,0.666697587439486,0.6763439868677023,621,-0.009646399428216212,"{2013: 0.7443, 2014: 0.663, 2015: 0.7367, 2016: 0.6966, 2017: 0.6443, 2018: 0.57, 2019: 0.5492}",7,0,0,T1-15/C2
snap_share,CONSTITUENT,TE,0.5573000223749708,480,0.025840816212555608,480,0.5573000223749708,0.6452420144187391,480,-0.08794199204376829,"{2013: None, 2014: 0.5469, 2015: 0.518, 2016: 0.6702, 2017: 0.6167, 2018: 0.4766, 2019: 0.4878}",6,0,0,T0-9/N18/C1-F1
redzone_share,CONSTITUENT,TE,0.5718224567278993,516,-0.008720824830459713,516,0.5718224567278993,0.649426068029988,516,-0.0776036113020887,"{2013: 0.6754, 2014: 0.6508, 2015: 0.4997, 2016: 0.6115, 2017: 0.5339, 2018: 0.4541, 2019: 0.464}",7,0,0,T0-10/C1-F2
yac_per_rec,CONSTITUENT,TE,-0.06684730669016997,480,-0.07815137722710369,480,-0.06684730669016997,0.6306668608610928,480,-0.6975141675512628,"{2013: -0.2692, 2014: -0.065, 2015: -0.046, 2016: -0.0778, 2017: 0.0428, 2018: -0.1651, 2019: 0.0757}",2,5,0,N16/C2
late_season_trend,CONSTITUENT,TE,0.013340778539758527,538,0.07099315466004306,538,0.013340778539758527,0.682084373429059,538,-0.6687435948893005,"{2013: 0.0011, 2014: -0.0212, 2015: 0.1559, 2016: 0.0309, 2017: 0.0547, 2018: -0.1368, 2019: 0.033}",5,2,0,N19/C2
xfp_diff,CONSTITUENT,TE,0.18049235571040292,651,-0.007223196512890707,608,0.1722763700217485,0.667644129558729,608,-0.4953677595369805,"{2013: 0.0841, 2014: 0.279, 2015: 0.1158, 2016: 0.2928, 2017: 0.1668, 2018: 0.22, 2019: 0.1224}",7,0,0,T1-18/C1-F3
ngs_separation,EXOGENOUS,TE,-0.14610440117735557,150,-0.14268731576187146,150,-0.14610440117735557,0.4842013094413197,150,-0.6303057106186754,"{2013: None, 2014: None, 2015: None, 2016: None, 2017: -0.0879, 2018: -0.2494, 2019: -0.0841}",0,3,0,N5/C1-F4
tprr,CONSTITUENT,TE,-0.25531454762673716,289,0.11534852354956389,268,-0.1771185333020095,0.6232171434393355,268,-0.800335676741345,"{2013: None, 2014: None, 2015: None, 2016: None, 2017: -0.0984, 2018: -0.38, 2019: -0.3144}",0,3,0,T1-16/T1-17/N3/C1-F5
implied_team_total,EXOGENOUS,TE,0.07533723337073259,122,0.03263238823135052,89,0.15664633557183205,0.5932496276663121,89,-0.43660329209448,"{2013: None, 2014: None, 2015: None, 2016: None, 2017: None, 2018: None, 2019: 0.0753}",1,0,0,T0-11/N12/C2
tshare_stability,AMBIGUOUS,TE,0.374303042286833,508,0.14382901110727409,484,0.37409034733070534,0.6789407934680409,484,-0.3048504461373356,"{2013: 0.4289, 2014: 0.3293, 2015: 0.4664, 2016: 0.3346, 2017: 0.3751, 2018: 0.2976, 2019: 0.3645}",7,0,0,T1-13/C4-I
team_pace,EXOGENOUS,TE,0.06472427714900549,865,0.0005627587267947597,621,0.08279764288258146,0.6763439868677023,621,-0.5935463439851207,"{2013: 0.0988, 2014: 0.1117, 2015: 0.0308, 2016: 0.1437, 2017: -0.1042, 2018: 0.1039, 2019: 0.0492}",6,1,0,T1-21/C4-J
is_contract_year,EXOGENOUS,TE,-0.19266676836148725,725,-0.12412514195398093,529,-0.21898614787224244,0.6536311445509162,529,-0.8726172924231587,"{2013: -0.3038, 2014: -0.0998, 2015: -0.1842, 2016: -0.0506, 2017: -0.1103, 2018: -0.328, 2019: -0.2413}",0,7,0,T1-27/C4-K
hc_disruption,EXOGENOUS,TE,-0.0063717534171097425,803,0.03518871946078015,576,0.01213748423568768,0.6683576267444844,576,-0.6562201425087967,"{2013: -0.0428, 2014: 0.073, 2015: 0.0364, 2016: -0.1239, 2017: 0.1096, 2018: -0.0994, 2019: 0.0082}",4,3,0,T1-29b/C4-L
two_wr_rate,EXOGENOUS,TE,0.03871344377279064,362,0.004498620520628226,260,-0.007369334257843405,0.6353147862440308,260,-0.6426841205018742,"{2013: None, 2014: None, 2015: None, 2016: None, 2017: -0.0161, 2018: 0.0073, 2019: 0.0902}",2,1,0,T1-31/N25/C4-N
proe,EXOGENOUS,TE,0.04226033890788173,865,-0.0013339922737096842,621,0.06671245212136431,0.6763439868677023,621,-0.6096315347463379,"{2013: 0.0311, 2014: 0.0797, 2015: 0.0427, 2016: 0.1132, 2017: -0.0529, 2018: 0.0829, 2019: 0.011}",6,1,0,T1-22
oc_disruption,EXOGENOUS,TE,-0.034310071272089855,822,0.03425427085525607,590,-0.029033252572979413,0.671132781470049,590,-0.7001660340430284,"{2013: -0.0946, 2014: -0.0108, 2015: -0.039, 2016: -0.0817, 2017: -0.018, 2018: 0.01, 2019: -0.0228}",1,6,0,T1-29/T1-30/N21/N22
age,EXOGENOUS,TE,0.18482161986660806,860,-0.04830713680399072,618,0.11614203849693683,0.6728359488097498,618,-0.556693910312813,"{2013: 0.1276, 2014: 0.1624, 2015: 0.2341, 2016: 0.3176, 2017: 0.2151, 2018: 0.0684, 2019: 0.1339}",7,0,0,T0-7
draft_capital,EXOGENOUS,TE,-0.48296211925421606,865,-0.15964160607047626,621,-0.4229936028031948,0.6763439868677023,621,-1.099337589670897,"{2013: -0.4943, 2014: -0.4932, 2015: -0.5311, 2016: -0.4529, 2017: -0.5576, 2018: -0.4478, 2019: -0.3785}",0,7,0,T1-25
share_level,CONSTITUENT,TE,0.675570243359394,670,0.2047727368475263,621,0.6748923941873641,0.6763439868677023,621,-0.0014515926803381207,"{2013: 0.6828, 2014: 0.7034, 2015: 0.6904, 2016: 0.6717, 2017: 0.6856, 2018: 0.6388, 2019: 0.6093}",7,0,0,T0-8
adot,AMBIGUOUS,TE,0.28311065063069896,649,0.10024065459849033,607,0.2895331004997755,0.6671456058820276,607,-0.37761250538225216,"{2013: 0.4038, 2014: 0.3019, 2015: 0.4329, 2016: 0.2374, 2017: 0.3814, 2018: 0.1146, 2019: 0.0331}",7,0,0,T1-14
depth_rostered_absent,EXOGENOUS,TE,-0.41267754210580576,672,-0.08303300909957535,621,-0.5185296007212188,0.6763439868677023,621,-1.194873587588921,"{2013: -0.551, 2014: -0.4885, 2015: -0.4831, 2016: -0.3929, 2017: -0.3046, 2018: -0.2169, 2019: -0.4057}",0,7,0,T0-5
depth_offroster,EXOGENOUS,TE,-0.238226911753337,672,0.09914875380055471,621,-0.17152217015104546,0.6763439868677023,621,-0.8478661570187477,"{2013: -0.1495, 2014: -0.2314, 2015: -0.2316, 2016: -0.2341, 2017: -0.3653, 2018: -0.3117, 2019: -0.152}",0,7,0,T0-5
depth_first_share,EXOGENOUS,TE,0.44001046973127544,672,-0.05132266133569462,621,0.43282797881892093,0.6763439868677023,621,-0.24351600804878132,"{2013: 0.4556, 2014: 0.5175, 2015: 0.386, 2016: 0.5117, 2017: 0.3939, 2018: 0.3785, 2019: 0.405}",7,0,0,T0-5
inj_missed_share,EXOGENOUS,TE,0.05395230714529819,672,0.03562252924506012,621,0.028870284327260454,0.6763439868677023,621,-0.6474737025404418,"{2013: 0.0023, 2014: -0.0894, 2015: 0.0548, 2016: 0.0629, 2017: 0.197, 2018: 0.0343, 2019: 0.0474}",6,1,0,T0-6
inj_unexp_missed_share,EXOGENOUS,TE,-0.5712773349039286,672,0.036982981964188144,621,-0.5734905292632029,0.6763439868677023,621,-1.249834516130905,"{2013: -0.5546, 2014: -0.5985, 2015: -0.5492, 2016: -0.5886, 2017: -0.611, 2018: -0.5729, 2019: -0.4864}",0,7,0,T0-6
