factor,class,position,raw_rho_pooled,raw_n,partial_rho_pooled,partial_n,raw_rho_matched,priorpoints_rho_matched,matched_n,beats_aggregate_delta,per_season,n_seasons_pos,n_seasons_neg,n_seasons_zero,contrast_of
contrast_injury_burden_minus_inj_missed_share,EXOGENOUS,QB,-0.05562543132404113,334,-0.07552600797960995,313,-0.041847960977156144,0.7413878303988621,313,-0.7832357913760183,"{2013: -0.1165, 2014: 0.0741, 2015: -0.1183, 2016: -0.0464, 2017: -0.1009, 2018: -0.0369, 2019: -0.0191}",1,6,0,injury_burden (rho=0.602 vs inj_missed_share)
contrast_depth_end_rank_minus_depth_rostered_absent,EXOGENOUS,QB,0.3269960773934918,372,0.008499913450082905,345,0.31811545335194835,0.7411680551494118,345,-0.4230526017974634,"{2013: 0.4078, 2014: 0.2359, 2015: 0.3736, 2016: 0.3904, 2017: 0.4413, 2018: 0.2399, 2019: 0.3383}",7,0,0,depth_end_rank (rho=0.700 vs depth_rostered_absent)
contrast_depth_end_rank_minus_depth_first_share,EXOGENOUS,QB,-0.6918648209243508,372,-0.15761391579507544,345,-0.6856649888685039,0.7411680551494118,345,-1.4268330440179158,"{2013: -0.7753, 2014: -0.7858, 2015: -0.6564, 2016: -0.7361, 2017: -0.6857, 2018: -0.6648, 2019: -0.614}",0,7,0,depth_end_rank (rho=-0.808 vs depth_first_share)
contrast_depth_end_rank_minus_inj_unexp_missed_share,EXOGENOUS,QB,0.35415262622045046,372,0.018100663585328625,345,0.3068936996694769,0.7411680551494118,345,-0.43427435547993487,"{2013: 0.3934, 2014: 0.2474, 2015: 0.3395, 2016: 0.4728, 2017: 0.4841, 2018: 0.2392, 2019: 0.4369}",7,0,0,depth_end_rank (rho=0.737 vs inj_unexp_missed_share)
contrast_neutral_pass_rate_minus_implied_team_total,EXOGENOUS,QB,-0.08720447982667007,69,-0.12595519503270872,48,-0.11963075010063608,0.6171298306556665,48,-0.7367605807563026,"{2013: None, 2014: None, 2015: None, 2016: None, 2017: None, 2018: None, 2019: -0.0872}",0,1,0,neutral_pass_rate (rho=0.677 vs implied_team_total)
contrast_neutral_pass_rate_minus_proe,EXOGENOUS,QB,-0.00038850782760373973,502,0.068353623507579,380,-0.022948645974245785,0.7322969632444244,380,-0.7552456092186701,"{2013: -0.0256, 2014: -0.0237, 2015: 0.051, 2016: -0.0324, 2017: -0.022, 2018: -0.0852, 2019: 0.1388}",2,5,0,neutral_pass_rate (rho=0.903 vs proe)
contrast_yoe_rate_minus_xfp_diff,CONSTITUENT,QB,-0.0788389828421941,415,-0.053299047131880876,380,-0.05534576549353063,0.7322969632444244,380,-0.787642728737955,"{2013: 0.0644, 2014: -0.1453, 2015: -0.2058, 2016: 0.0018, 2017: -0.0176, 2018: -0.0335, 2019: -0.1874}",2,5,0,yoe_rate (rho=0.653 vs xfp_diff)
contrast_implied_team_total_minus_proe,EXOGENOUS,QB,0.11622999103286416,69,0.2753982046706964,48,0.18273149073474365,0.6171298306556665,48,-0.43439833992092286,"{2013: None, 2014: None, 2015: None, 2016: None, 2017: None, 2018: None, 2019: 0.1162}",1,0,0,implied_team_total (rho=0.711 vs proe)
contrast_depth_rostered_absent_minus_depth_first_share,EXOGENOUS,QB,-0.7068606668405899,420,-0.13226872500159828,380,-0.7023374314083098,0.7322969632444244,380,-1.4346343946527342,"{2013: -0.7437, 2014: -0.7458, 2015: -0.6677, 2016: -0.7401, 2017: -0.766, 2018: -0.625, 2019: -0.6505}",0,7,0,depth_rostered_absent (rho=-0.776 vs depth_first_share)
contrast_depth_rostered_absent_minus_inj_unexp_missed_share,EXOGENOUS,QB,-0.19821264566858518,420,-0.04054904531419895,380,-0.27810450778568757,0.7322969632444244,380,-1.010401471030112,"{2013: -0.1929, 2014: -0.4007, 2015: -0.2882, 2016: -0.0946, 2017: -0.0432, 2018: -0.2492, 2019: -0.2432}",0,7,0,depth_rostered_absent (rho=0.791 vs inj_unexp_missed_share)
contrast_depth_first_share_minus_inj_unexp_missed_share,EXOGENOUS,QB,0.7089536911490558,420,0.126011491876801,380,0.7024857100085194,0.7322969632444244,380,-0.029811253235904944,"{2013: 0.7876, 2014: 0.7393, 2015: 0.6385, 2016: 0.7557, 2017: 0.7828, 2018: 0.6189, 2019: 0.6413}",7,0,0,depth_first_share (rho=-0.905 vs inj_unexp_missed_share)
contrast_injury_burden_minus_practice_severity,EXOGENOUS,RB,0.19254596832118237,661,0.040235327115491,641,0.19041632047417123,0.604542585459876,641,-0.4141262649857048,"{2013: 0.3265, 2014: 0.2816, 2015: 0.1678, 2016: 0.2022, 2017: 0.2574, 2018: -0.01, 2019: 0.1437}",6,1,0,injury_burden (rho=0.608 vs practice_severity)
contrast_injury_burden_minus_inj_missed_share,EXOGENOUS,RB,0.052681559825458704,660,-0.015718138455479896,641,0.065770011626729,0.604542585459876,641,-0.538772573833147,"{2013: 0.2195, 2014: 0.0017, 2015: 0.1673, 2016: 0.1091, 2017: 0.0258, 2018: 0.0041, 2019: -0.1118}",6,1,0,injury_burden (rho=0.678 vs inj_missed_share)
contrast_depth_end_rank_minus_depth_first_share,EXOGENOUS,RB,-0.32680667100662314,603,0.0868472427604292,601,-0.32441533008839607,0.639322563705215,601,-0.9637378937936111,"{2013: -0.3694, 2014: -0.2959, 2015: -0.2516, 2016: -0.2013, 2017: -0.2809, 2018: -0.4124, 2019: -0.4738}",0,7,0,depth_end_rank (rho=-0.800 vs depth_first_share)
contrast_neutral_pass_rate_minus_implied_team_total,EXOGENOUS,RB,-0.07960721858839698,142,-0.15327851401273462,104,-0.11981715129633469,0.7096199421613497,104,-0.8294370934576845,"{2013: None, 2014: None, 2015: None, 2016: None, 2017: None, 2018: None, 2019: -0.0796}",0,1,0,neutral_pass_rate (rho=0.701 vs implied_team_total)
contrast_neutral_pass_rate_minus_proe,EXOGENOUS,RB,0.022033155043240733,1024,0.005799446966635119,748,0.03288368301649783,0.6035079002081555,748,-0.5706242171916577,"{2013: -0.0503, 2014: 0.0356, 2015: 0.0804, 2016: -0.0022, 2017: 0.1206, 2018: -0.0098, 2019: -0.0202}",3,4,0,neutral_pass_rate (rho=0.900 vs proe)
contrast_yoe_rate_minus_xfp_diff,CONSTITUENT,RB,-0.027615329863908,762,0.011791979320195371,732,-0.030487741308873002,0.5944952669784866,732,-0.6249830082873596,"{2013: -0.0148, 2014: -0.0007, 2015: 0.1039, 2016: 0.0434, 2017: -0.2044, 2018: -0.0394, 2019: -0.1106}",2,5,0,yoe_rate (rho=0.748 vs xfp_diff)
contrast_snap_share_minus_redzone_share,CONSTITUENT,RB,-0.033437304469465676,519,0.11214581996084708,519,-0.033437304469465676,0.5586723702389992,519,-0.5921096747084649,"{2013: None, 2014: -0.1409, 2015: 0.1178, 2016: 0.0041, 2017: -0.0761, 2018: 0.0369, 2019: -0.1773}",3,3,0,snap_share (rho=0.801 vs redzone_share)
contrast_snap_share_minus_tprr,CONSTITUENT,RB,0.5749238008459083,283,0.031515951177206014,283,0.5749238008459083,0.6546155459102743,283,-0.07969174506436594,"{2013: None, 2014: None, 2015: None, 2016: None, 2017: 0.5535, 2018: 0.5596, 2019: 0.5948}",3,0,0,snap_share (rho=-0.657 vs tprr)
contrast_snap_share_minus_share_level,CONSTITUENT,RB,0.09658374216731021,572,0.027036929450210547,572,0.09658374216731021,0.5887760306704791,572,-0.49219228850316893,"{2013: None, 2014: 0.0686, 2015: 0.1224, 2016: 0.2053, 2017: 0.0326, 2018: 0.061, 2019: 0.1297}",6,0,0,snap_share (rho=0.832 vs share_level)
contrast_redzone_share_minus_tprr,CONSTITUENT,RB,0.53935849924874,287,-0.08317480650627179,287,0.53935849924874,0.6414533193329489,287,-0.10209482008420889,"{2013: None, 2014: None, 2015: None, 2016: None, 2017: 0.5587, 2018: 0.4698, 2019: 0.5905}",3,0,0,redzone_share (rho=-0.641 vs tprr)
contrast_redzone_share_minus_share_level,CONSTITUENT,RB,0.08945468927921041,672,-0.13409337222217257,672,0.08945468927921041,0.5689963162952862,672,-0.47954162701607583,"{2013: -0.0038, 2014: 0.0973, 2015: -0.0356, 2016: 0.1621, 2017: 0.0885, 2018: 0.1118, 2019: 0.2764}",5,2,0,redzone_share (rho=0.835 vs share_level)
contrast_redzone_share_minus_inj_unexp_missed_share,CONSTITUENT,RB,0.4974651009093557,672,-0.06005695359830508,672,0.4974651009093557,0.5689963162952862,672,-0.07153121538593055,"{2013: 0.5188, 2014: 0.4264, 2015: 0.3831, 2016: 0.4042, 2017: 0.6115, 2018: 0.5113, 2019: 0.6191}",7,0,0,redzone_share (rho=-0.690 vs inj_unexp_missed_share)
contrast_tprr_minus_share_level,CONSTITUENT,RB,-0.5792541528002102,328,-0.010767097464585028,316,-0.5672852616556096,0.6634625560569266,316,-1.2307478177125362,"{2013: None, 2014: None, 2015: None, 2016: None, 2017: -0.5848, 2018: -0.5351, 2019: -0.595}",0,3,0,tprr (rho=-0.632 vs share_level)
contrast_tprr_minus_inj_unexp_missed_share,CONSTITUENT,RB,0.05175494412647921,328,0.025993067867484215,316,0.029392603947738606,0.6634625560569266,316,-0.634069952109188,"{2013: None, 2014: None, 2015: None, 2016: None, 2017: 0.074, 2018: 0.0672, 2019: 0.0246}",3,0,0,tprr (rho=0.602 vs inj_unexp_missed_share)
contrast_implied_team_total_minus_proe,EXOGENOUS,RB,0.08543663771377216,142,0.10827475990430196,104,0.0784022375238317,0.7096199421613497,104,-0.631217704637518,"{2013: None, 2014: None, 2015: None, 2016: None, 2017: None, 2018: None, 2019: 0.0854}",1,0,0,implied_team_total (rho=0.724 vs proe)
contrast_depth_offroster_minus_inj_unexp_missed_share,EXOGENOUS,RB,0.37345465514679377,780,0.06634158615962159,748,0.37882559974159147,0.6035079002081555,748,-0.224682300466564,"{2013: 0.3124, 2014: 0.3064, 2015: 0.3152, 2016: 0.3744, 2017: 0.4719, 2018: 0.526, 2019: 0.3546}",7,0,0,depth_offroster (rho=0.726 vs inj_unexp_missed_share)
contrast_injury_burden_minus_practice_severity,EXOGENOUS,WR,0.12653812459122074,978,0.008117694262214191,938,0.10603941153266622,0.6721367735807422,938,-0.566097362048076,"{2013: 0.0269, 2014: 0.1809, 2015: 0.1334, 2016: -0.0461, 2017: 0.2283, 2018: 0.1255, 2019: 0.2234}",6,1,0,injury_burden (rho=0.611 vs practice_severity)
contrast_injury_burden_minus_inj_missed_share,EXOGENOUS,WR,0.08004619186060173,976,-0.012425561417474827,938,0.07992466622026095,0.6721367735807422,938,-0.5922121073604812,"{2013: 0.1044, 2014: 0.2286, 2015: -0.0061, 2016: -0.0398, 2017: 0.1819, 2018: -0.0851, 2019: 0.1745}",4,3,0,injury_burden (rho=0.654 vs inj_missed_share)
contrast_depth_end_rank_minus_depth_first_share,EXOGENOUS,WR,-0.440591745177769,933,0.028780336986783832,928,-0.4361528664521756,0.6921094968525313,928,-1.1282623633047069,"{2013: -0.4811, 2014: -0.4858, 2015: -0.4993, 2016: -0.4544, 2017: -0.513, 2018: -0.3452, 2019: -0.3885}",0,7,0,depth_end_rank (rho=-0.804 vs depth_first_share)
contrast_neutral_pass_rate_minus_implied_team_total,EXOGENOUS,WR,0.02425345477831865,220,0.006450585598901733,152,-0.09074482175455834,0.6873816674419834,152,-0.7781264891965417,"{2013: None, 2014: None, 2015: None, 2016: None, 2017: None, 2018: None, 2019: 0.0243}",1,0,0,neutral_pass_rate (rho=0.696 vs implied_team_total)
contrast_neutral_pass_rate_minus_proe,EXOGENOUS,WR,-0.03154705291562648,1505,-0.026497103944701193,1069,-0.048374822869518545,0.6768837048929908,1069,-0.7252585277625093,"{2013: -0.0462, 2014: -0.029, 2015: -0.0378, 2016: -0.1484, 2017: -0.0189, 2018: -0.0057, 2019: 0.0401}",1,6,0,neutral_pass_rate (rho=0.900 vs proe)
contrast_yoe_rate_minus_xfp_diff,CONSTITUENT,WR,-0.0008324952551393906,1103,0.04821886790860136,1050,0.018435035543847643,0.6687341695544621,1050,-0.6502991340106145,"{2013: -0.0809, 2014: 0.0772, 2015: 0.0032, 2016: -0.03, 2017: -0.0586, 2018: -0.0033, 2019: 0.0879}",3,4,0,yoe_rate (rho=0.802 vs xfp_diff)
contrast_wopr_minus_snap_share,CONSTITUENT,WR,0.08598352114135165,829,0.051106201080817454,829,0.08598352114135165,0.6881944490755731,829,-0.6022109279342215,"{2013: None, 2014: 0.0543, 2015: 0.1466, 2016: 0.147, 2017: -0.012, 2018: 0.0945, 2019: 0.0626}",5,1,0,wopr (rho=0.932 vs snap_share)
contrast_wopr_minus_redzone_share,CONSTITUENT,WR,0.0024370428341604503,905,0.09781703052370545,905,0.0024370428341604503,0.6464830585494286,905,-0.6440460157152681,"{2013: 0.0551, 2014: -0.0116, 2015: -0.0591, 2016: 0.0709, 2017: -0.0203, 2018: 0.0308, 2019: -0.0987}",3,4,0,wopr (rho=0.766 vs redzone_share)
contrast_wopr_minus_tshare_stability,CONSTITUENT,WR,0.23059395330102353,809,-0.00523419760003521,809,0.23059395330102353,0.685284726200035,809,-0.4546907728990115,"{2013: 0.2566, 2014: 0.347, 2015: 0.2068, 2016: 0.1545, 2017: 0.149, 2018: 0.2039, 2019: 0.2359}",7,0,0,wopr (rho=0.622 vs tshare_stability)
contrast_wopr_minus_share_level,CONSTITUENT,WR,0.014791592035362993,1069,0.03703622472558504,1069,0.014791592035362993,0.6768837048929908,1069,-0.6620921128576278,"{2013: 0.0467, 2014: -0.0472, 2015: 0.0095, 2016: 0.0633, 2017: -0.0644, 2018: 0.0275, 2019: 0.038}",5,2,0,wopr (rho=0.923 vs share_level)
contrast_snap_share_minus_redzone_share,CONSTITUENT,WR,-0.053974839486181904,708,0.07139035832120817,708,-0.053974839486181904,0.6598018175873764,708,-0.7137766570735583,"{2013: None, 2014: -0.0033, 2015: -0.1908, 2016: -0.0624, 2017: -0.0181, 2018: 0.0335, 2019: -0.1023}",1,5,0,snap_share (rho=0.796 vs redzone_share)
contrast_snap_share_minus_share_level,CONSTITUENT,WR,-0.07860862106305826,829,-0.017305614329031285,829,-0.07860862106305826,0.6881944490755731,829,-0.7668030701386314,"{2013: None, 2014: -0.0635, 2015: -0.1419, 2016: -0.1228, 2017: -0.1217, 2018: -0.0193, 2019: 0.0102}",1,5,0,snap_share (rho=0.901 vs share_level)
contrast_snap_share_minus_depth_first_share,CONSTITUENT,WR,0.2583918170210672,829,0.0933879092922978,829,0.2583918170210672,0.6881944490755731,829,-0.4298026320545059,"{2013: None, 2014: 0.1746, 2015: 0.3121, 2016: 0.2667, 2017: 0.1605, 2018: 0.3355, 2019: 0.277}",6,0,0,snap_share (rho=0.610 vs depth_first_share)
contrast_redzone_share_minus_share_level,CONSTITUENT,WR,0.01696087056910303,905,-0.07254171300859183,905,0.01696087056910303,0.6464830585494286,905,-0.6295221879803256,"{2013: -0.0199, 2014: 0.0237, 2015: 0.0542, 2016: -0.0188, 2017: 0.0055, 2018: -0.0217, 2019: 0.125}",4,3,0,redzone_share (rho=0.813 vs share_level)
contrast_implied_team_total_minus_proe,EXOGENOUS,WR,-0.03385717555539356,220,0.019778242879492047,152,0.10808938803405521,0.6873816674419834,152,-0.5792922794079282,"{2013: None, 2014: None, 2015: None, 2016: None, 2017: None, 2018: None, 2019: -0.0339}",0,1,0,implied_team_total (rho=0.726 vs proe)
contrast_tshare_stability_minus_share_level,CONSTITUENT,WR,-0.1899933308656983,836,0.008389720762944397,809,-0.18773452085580272,0.685284726200035,809,-0.8730192470558378,"{2013: -0.1623, 2014: -0.3242, 2015: -0.1867, 2016: -0.1043, 2017: -0.1422, 2018: -0.211, 2019: -0.1575}",0,7,0,tshare_stability (rho=0.646 vs share_level)
contrast_share_level_minus_depth_first_share,CONSTITUENT,WR,0.298776414915408,1125,0.11854615845221776,1069,0.3046216559023907,0.6768837048929908,1069,-0.37226204899060006,"{2013: 0.2224, 2014: 0.2908, 2015: 0.271, 2016: 0.3116, 2017: 0.269, 2018: 0.3646, 2019: 0.3471}",7,0,0,share_level (rho=0.643 vs depth_first_share)
contrast_share_level_minus_inj_unexp_missed_share,CONSTITUENT,WR,0.6341768796030534,1125,0.0417081044573824,1069,0.627242117060259,0.6768837048929908,1069,-0.04964158783273176,"{2013: 0.6211, 2014: 0.6184, 2015: 0.6414, 2016: 0.641, 2017: 0.623, 2018: 0.6907, 2019: 0.6025}",7,0,0,share_level (rho=-0.644 vs inj_unexp_missed_share)
contrast_depth_offroster_minus_inj_unexp_missed_share,EXOGENOUS,WR,0.3385670546259066,1126,-0.01660260795604198,1069,0.3470521119671111,0.6768837048929908,1069,-0.32983159292587966,"{2013: 0.3258, 2014: 0.379, 2015: 0.3361, 2016: 0.3539, 2017: 0.315, 2018: 0.3769, 2019: 0.2622}",7,0,0,depth_offroster (rho=0.669 vs inj_unexp_missed_share)
contrast_depth_first_share_minus_inj_unexp_missed_share,EXOGENOUS,WR,0.4865044902916413,1126,-0.06806518309227796,1069,0.47957078652309054,0.6768837048929908,1069,-0.19731291836990023,"{2013: 0.5378, 2014: 0.463, 2015: 0.5092, 2016: 0.4754, 2017: 0.5039, 2018: 0.4771, 2019: 0.471}",7,0,0,depth_first_share (rho=-0.697 vs inj_unexp_missed_share)
contrast_injury_burden_minus_practice_severity,EXOGENOUS,TE,0.17817699405444118,571,0.01945770583999336,532,0.18830799391998204,0.6775480279634699,532,-0.48924003404348787,"{2013: 0.2588, 2014: 0.1203, 2015: 0.2767, 2016: 0.1264, 2017: 0.1694, 2018: 0.2617, 2019: -0.0176}",6,1,0,injury_burden (rho=0.642 vs practice_severity)
contrast_injury_burden_minus_inj_missed_share,EXOGENOUS,TE,0.09531289566398347,566,0.04504295876589088,532,0.13119927107794874,0.6775480279634699,532,-0.5463487568855212,"{2013: 0.1672, 2014: 0.1167, 2015: 0.1503, 2016: 0.0258, 2017: 0.129, 2018: 0.1153, 2019: -0.062}",6,1,0,injury_burden (rho=0.681 vs inj_missed_share)
contrast_depth_end_rank_minus_wopr,CONSTITUENT,TE,-0.5966634333332873,526,0.02689576286621892,526,-0.5966634333332873,0.6914547041668351,526,-1.2881181375001223,"{2013: -0.7251, 2014: -0.6212, 2015: -0.645, 2016: -0.6246, 2017: -0.539, 2018: -0.4569, 2019: -0.5389}",0,7,0,depth_end_rank (rho=-0.623 vs wopr)
contrast_depth_end_rank_minus_snap_share,CONSTITUENT,TE,-0.5112291251892794,403,0.06449454466183668,403,-0.5112291251892794,0.6588160835442782,403,-1.1700452087335576,"{2013: None, 2014: -0.5397, 2015: -0.5109, 2016: -0.5903, 2017: -0.5246, 2018: -0.3837, 2019: -0.4937}",0,6,0,depth_end_rank (rho=-0.738 vs snap_share)
contrast_depth_end_rank_minus_redzone_share,CONSTITUENT,TE,-0.551435258940853,448,0.06469893515375241,448,-0.551435258940853,0.6682205624788811,448,-1.219655821419734,"{2013: -0.6645, 2014: -0.6077, 2015: -0.4861, 2016: -0.5894, 2017: -0.4697, 2018: -0.4211, 2019: -0.5153}",0,7,0,depth_end_rank (rho=-0.608 vs redzone_share)
contrast_depth_end_rank_minus_share_level,CONSTITUENT,TE,-0.6062637324553031,538,0.007038073621525513,526,-0.6047129605536519,0.6914547041668351,526,-1.296167664720487,"{2013: -0.6728, 2014: -0.6445, 2015: -0.6339, 2016: -0.6263, 2017: -0.5485, 2018: -0.5116, 2019: -0.5835}",0,7,0,depth_end_rank (rho=-0.669 vs share_level)
contrast_depth_end_rank_minus_depth_first_share,EXOGENOUS,TE,-0.43226505940659643,538,0.08178358265498331,526,-0.4270181419020568,0.6914547041668351,526,-1.118472846068892,"{2013: -0.537, 2014: -0.5086, 2015: -0.4412, 2016: -0.4643, 2017: -0.3492, 2018: -0.3064, 2019: -0.4763}",0,7,0,depth_end_rank (rho=-0.847 vs depth_first_share)
contrast_depth_end_rank_minus_inj_unexp_missed_share,EXOGENOUS,TE,0.265969243626808,538,0.09157681660668884,526,0.24954370303143078,0.6914547041668351,526,-0.44191100113540427,"{2013: 0.1108, 2014: 0.3249, 2015: 0.3078, 2016: 0.2721, 2017: 0.4223, 2018: 0.2285, 2019: 0.1849}",7,0,0,depth_end_rank (rho=0.651 vs inj_unexp_missed_share)
contrast_neutral_pass_rate_minus_implied_team_total,EXOGENOUS,TE,-0.06006445227220448,122,-0.07668886005261032,89,-0.051894634767245144,0.5932496276663121,89,-0.6451442624335572,"{2013: None, 2014: None, 2015: None, 2016: None, 2017: None, 2018: None, 2019: -0.0601}",0,1,0,neutral_pass_rate (rho=0.688 vs implied_team_total)
contrast_neutral_pass_rate_minus_proe,EXOGENOUS,TE,-0.0018183883306390949,865,0.009657483384867157,621,0.004972422801642001,0.6763439868677023,621,-0.6713715640660602,"{2013: -0.0221, 2014: -0.0243, 2015: -0.0556, 2016: 0.0781, 2017: -0.1038, 2018: 0.0795, 2019: 0.0469}",3,4,0,neutral_pass_rate (rho=0.901 vs proe)
contrast_yoe_rate_minus_xfp_diff,CONSTITUENT,TE,-0.10774397534535658,651,-0.001767146810716498,608,-0.09793143194684285,0.667644129558729,608,-0.7655755615055718,"{2013: -0.1936, 2014: -0.1752, 2015: -0.032, 2016: -0.2344, 2017: -0.0573, 2018: 0.029, 2019: -0.0925}",1,6,0,yoe_rate (rho=0.725 vs xfp_diff)
contrast_wopr_minus_snap_share,CONSTITUENT,TE,0.11185462837174769,480,0.1004026595564976,480,0.11185462837174769,0.6452420144187391,480,-0.5333873860469914,"{2013: None, 2014: 0.156, 2015: 0.2888, 2016: 0.0209, 2017: 0.0139, 2018: 0.0705, 2019: 0.1509}",6,0,0,wopr (rho=0.832 vs snap_share)
contrast_wopr_minus_redzone_share,CONSTITUENT,TE,-0.006448071709289331,516,0.092108174721976,516,-0.006448071709289331,0.649426068029988,516,-0.6558741397392773,"{2013: 0.0983, 2014: -0.0518, 2015: 0.2118, 2016: -0.046, 2017: -0.1962, 2018: -0.0274, 2019: -0.0463}",2,5,0,wopr (rho=0.791 vs redzone_share)
contrast_wopr_minus_share_level,CONSTITUENT,TE,-0.01256614828391749,621,-0.02038416256989456,621,-0.01256614828391749,0.6763439868677023,621,-0.6889101351516197,"{2013: 0.0719, 2014: -0.0673, 2015: 0.1834, 2016: 0.0431, 2017: -0.1968, 2018: -0.0687, 2019: -0.0437}",3,4,0,wopr (rho=0.913 vs share_level)
contrast_wopr_minus_depth_rostered_absent,CONSTITUENT,TE,0.6479531814496778,621,0.15140314869701435,621,0.6479531814496778,0.6763439868677023,621,-0.028390805418024412,"{2013: 0.7195, 2014: 0.6817, 2015: 0.6854, 2016: 0.6896, 2017: 0.5928, 2018: 0.5336, 2019: 0.5954}",7,0,0,wopr (rho=-0.642 vs depth_rostered_absent)
contrast_wopr_minus_depth_first_share,CONSTITUENT,TE,0.32519669729613143,621,0.1686038189676442,621,0.32519669729613143,0.6763439868677023,621,-0.3511472895715708,"{2013: 0.4072, 2014: 0.2146, 2015: 0.4779, 2016: 0.2644, 2017: 0.3484, 2018: 0.3133, 2019: 0.2314}",7,0,0,wopr (rho=0.646 vs depth_first_share)
contrast_wopr_minus_inj_unexp_missed_share,CONSTITUENT,TE,0.6667461587365902,621,0.10458047981591995,621,0.6667461587365902,0.6763439868677023,621,-0.009597828131112096,"{2013: 0.7118, 2014: 0.6919, 2015: 0.7047, 2016: 0.688, 2017: 0.6753, 2018: 0.5849, 2019: 0.5778}",7,0,0,wopr (rho=-0.715 vs inj_unexp_missed_share)
contrast_snap_share_minus_redzone_share,CONSTITUENT,TE,-0.09763344709420602,403,0.03294847176261771,403,-0.09763344709420602,0.6104807519166205,403,-0.7081141990108266,"{2013: None, 2014: -0.2182, 2015: -0.072, 2016: -0.0762, 2017: -0.0715, 2018: -0.0972, 2019: -0.0753}",0,6,0,snap_share (rho=0.725 vs redzone_share)
contrast_snap_share_minus_share_level,CONSTITUENT,TE,-0.11884437241261638,480,-0.10720756663555048,480,-0.11884437241261638,0.6452420144187391,480,-0.7640863868313554,"{2013: None, 2014: -0.2924, 2015: -0.1637, 2016: -0.02, 2017: -0.0808, 2018: -0.1108, 2019: -0.1187}",0,6,0,snap_share (rho=0.865 vs share_level)
contrast_snap_share_minus_depth_rostered_absent,CONSTITUENT,TE,0.5758024930247808,480,0.07659274550417201,480,0.5758024930247808,0.6452420144187391,480,-0.06943952139395826,"{2013: None, 2014: 0.5859, 2015: 0.5477, 2016: 0.666, 2017: 0.5872, 2018: 0.4744, 2019: 0.5245}",6,0,0,snap_share (rho=-0.607 vs depth_rostered_absent)
contrast_snap_share_minus_depth_first_share,CONSTITUENT,TE,0.2494977510606034,480,0.07458078970362458,480,0.2494977510606034,0.6452420144187391,480,-0.3957442633581357,"{2013: None, 2014: 0.128, 2015: 0.3065, 2016: 0.2535, 2017: 0.3384, 2018: 0.2814, 2019: 0.1978}",6,0,0,snap_share (rho=0.740 vs depth_first_share)
contrast_snap_share_minus_inj_unexp_missed_share,CONSTITUENT,TE,0.5890823400713967,480,0.008399579567333532,480,0.5890823400713967,0.6452420144187391,480,-0.05615967434734237,"{2013: None, 2014: 0.5942, 2015: 0.5485, 2016: 0.6561, 2017: 0.6546, 2018: 0.5217, 2019: 0.5382}",6,0,0,snap_share (rho=-0.746 vs inj_unexp_missed_share)
contrast_redzone_share_minus_share_level,CONSTITUENT,TE,0.026850839693568114,516,-0.11530850978595661,516,0.026850839693568114,0.649426068029988,516,-0.6225752283364199,"{2013: -0.016, 2014: 0.0915, 2015: -0.0849, 2016: 0.0579, 2017: 0.0944, 2018: 0.0153, 2019: 0.031}",5,2,0,redzone_share (rho=0.823 vs share_level)
contrast_redzone_share_minus_depth_rostered_absent,CONSTITUENT,TE,0.5905921741681336,516,0.04554280854070469,516,0.5905921741681336,0.649426068029988,516,-0.05883389386185445,"{2013: 0.705, 2014: 0.6619, 2015: 0.5492, 2016: 0.6359, 2017: 0.4945, 2018: 0.4544, 2019: 0.5492}",7,0,0,redzone_share (rho=-0.709 vs depth_rostered_absent)
contrast_redzone_share_minus_depth_first_share,CONSTITUENT,TE,0.24997013303195495,516,0.051799958570768315,516,0.24997013303195495,0.649426068029988,516,-0.3994559349980331,"{2013: 0.3718, 2014: 0.2665, 2015: 0.2374, 2016: 0.2784, 2017: 0.2341, 2018: 0.1897, 2019: 0.1369}",7,0,0,redzone_share (rho=0.661 vs depth_first_share)
contrast_redzone_share_minus_inj_unexp_missed_share,CONSTITUENT,TE,0.5818687854374827,516,-0.010122534402498875,516,0.5818687854374827,0.649426068029988,516,-0.06755728259250537,"{2013: 0.6977, 2014: 0.6235, 2015: 0.5549, 2016: 0.5908, 2017: 0.5632, 2018: 0.4616, 2019: 0.4867}",7,0,0,redzone_share (rho=-0.774 vs inj_unexp_missed_share)
contrast_implied_team_total_minus_proe,EXOGENOUS,TE,0.09034549347166766,122,0.14965753524142084,89,0.10546713643899502,0.5932496276663121,89,-0.48778249122731704,"{2013: None, 2014: None, 2015: None, 2016: None, 2017: None, 2018: None, 2019: 0.0903}",1,0,0,implied_team_total (rho=0.737 vs proe)
contrast_share_level_minus_depth_first_share,CONSTITUENT,TE,0.35482317216710074,670,0.1854820660575956,621,0.35828274112110575,0.6763439868677023,621,-0.3180612457465965,"{2013: 0.385, 2014: 0.365, 2015: 0.4639, 2016: 0.2566, 2017: 0.3738, 2018: 0.3782, 2019: 0.2776}",7,0,0,share_level (rho=0.679 vs depth_first_share)
contrast_share_level_minus_inj_unexp_missed_share,CONSTITUENT,TE,0.6614080831822946,670,0.10181993737817492,621,0.6560879802085782,0.6763439868677023,621,-0.02025600665912408,"{2013: 0.6558, 2014: 0.6958, 2015: 0.6683, 2016: 0.6752, 2017: 0.6941, 2018: 0.6409, 2019: 0.5942}",7,0,0,share_level (rho=-0.760 vs inj_unexp_missed_share)
contrast_depth_offroster_minus_inj_unexp_missed_share,EXOGENOUS,TE,0.49504638350044555,672,0.08316844756271108,621,0.513547887174613,0.6763439868677023,621,-0.16279609969308928,"{2013: 0.5835, 2014: 0.5632, 2015: 0.4759, 2016: 0.483, 2017: 0.4259, 2018: 0.4321, 2019: 0.495}",7,0,0,depth_offroster (rho=0.624 vs inj_unexp_missed_share)
contrast_depth_first_share_minus_inj_unexp_missed_share,EXOGENOUS,TE,0.5522589721777524,672,-0.05779681378264544,621,0.5522220364555873,0.6763439868677023,621,-0.12412195041211493,"{2013: 0.5168, 2014: 0.605, 2015: 0.5262, 2016: 0.5964, 2017: 0.5595, 2018: 0.5435, 2019: 0.4895}",7,0,0,depth_first_share (rho=-0.670 vs inj_unexp_missed_share)
