"RK",TIERS,"PLAYER NAME",TEAM,"POS","BYE WEEK","UPSIDE ","BUST ","SOS SEASON","ECR VS. ADP"
"1",1,"Bijan Robinson",ATL,"RB1","11","Coach Upside rating","Coach Bust rating","2 out of 5 stars","0"
"2",1,"Jahmyr Gibbs",DET,"RB2","6","Coach Upside rating","Coach Bust rating","5 out of 5 stars","0"
"3",1,"Ja'Marr Chase",CIN,"WR1","6","Coach Upside rating","Coach Bust rating","4 out of 5 stars","0"
"4",1,"Puka Nacua",LAR,"WR2","11","Coach Upside rating","Coach Bust rating","1 out of 5 stars","0"
"5",1,"Jaxon Smith-Njigba",SEA,"WR3","11","Coach Upside rating","Coach Bust rating","3 out of 5 stars","+1"
"6",1,"Amon-Ra St. Brown",DET,"WR4","6","Coach Upside rating","Coach Bust rating","4 out of 5 stars","+2"
"7",1,"Christian McCaffrey",SF,"RB3","8","Coach Upside rating","Coach Bust rating","2 out of 5 stars","-2"
"8",2,"CeeDee Lamb",DAL,"WR5","14","Coach Upside rating","Coach Bust rating","2 out of 5 stars","+2"
"9",2,"Jonathan Taylor",IND,"RB4","13","Coach Upside rating","Coach Bust rating","4 out of 5 stars","-2"
"10",2,"Justin Jefferson",MIN,"WR6","6","Coach Upside rating","Coach Bust rating","5 out of 5 stars","+2"
"11",2,"James Cook III",BUF,"RB5","7","Coach Upside rating","Coach Bust rating","2 out of 5 stars","-2"
"12",2,"Ashton Jeanty",LV,"RB6","13","Coach Upside rating","Coach Bust rating","2 out of 5 stars","-1"
"13",2,"Drake London",ATL,"WR7","11","Coach Upside rating","Coach Bust rating","3 out of 5 stars","+4"
"14",2,"A.J. Brown",NE,"WR8","11","Coach Upside rating","Coach Bust rating","2 out of 5 stars","+9"
"15",3,"De'Von Achane",MIA,"RB7","6","Coach Upside rating","Coach Bust rating","3 out of 5 stars","-2"
"16",3,"Brock Bowers",LV,"TE1","13","Coach Upside rating","Coach Bust rating","3 out of 5 stars","+2"
"17",3,"Saquon Barkley",PHI,"RB8","10","Coach Upside rating","Coach Bust rating","4 out of 5 stars","-3"
"18",3,"Chase Brown",CIN,"RB9","6","Coach Upside rating","Coach Bust rating","2 out of 5 stars","-3"
"19",3,"Nico Collins",HOU,"WR9","8","Coach Upside rating","Coach Bust rating","3 out of 5 stars","+5"
"20",3,"Omarion Hampton",LAC,"RB10","7","Coach Upside rating","Coach Bust rating","3 out of 5 stars","-4"
"21",3,"George Pickens",DAL,"WR10","14","Coach Upside rating","Coach Bust rating","2 out of 5 stars","+5"
"22",3,"Derrick Henry",BAL,"RB11","13","Coach Upside rating","Coach Bust rating","3 out of 5 stars","0"
"23",3,"Trey McBride",ARI,"TE2","14","Coach Upside rating","Coach Bust rating","2 out of 5 stars","-4"
"24",3,"Kenneth Walker III",KC,"RB12","5","Coach Upside rating","Coach Bust rating","3 out of 5 stars","-3"
"25",3,"Rashee Rice",KC,"WR11","5","Coach Upside rating","Coach Bust rating","2 out of 5 stars","+5"
"26",3,"Josh Allen",BUF,"QB1","7","Coach Upside rating","Coach Bust rating","3 out of 5 stars","-6"
"27",3,"Chris Olave",NO,"WR12","8","Coach Upside rating","Coach Bust rating","3 out of 5 stars","+1"
"28",3,"DeVonta Smith",PHI,"WR13","10","Coach Upside rating","Coach Bust rating","4 out of 5 stars","+5"
"29",4,"Zay Flowers",BAL,"WR14","13","Coach Upside rating","Coach Bust rating","4 out of 5 stars","+12"
"30",4,"Tee Higgins",CIN,"WR15","6","Coach Upside rating","Coach Bust rating","4 out of 5 stars","+8"
"31",4,"Jeremiyah Love",ARI,"RB13","14","Coach Upside rating","Coach Bust rating","2 out of 5 stars","-6"
"32",4,"Lamar Jackson",BAL,"QB2","13","Coach Upside rating","Coach Bust rating","3 out of 5 stars","+2"
"33",4,"Tetairoa McMillan",CAR,"WR16","5","Coach Upside rating","Coach Bust rating","2 out of 5 stars","+3"
"34",4,"Kyren Williams",LAR,"RB14","11","Coach Upside rating","Coach Bust rating","5 out of 5 stars","-5"
"35",4,"Josh Jacobs",GB,"RB15","11","Coach Upside rating","Coach Bust rating","4 out of 5 stars","-8"
"36",4,"Breece Hall",NYJ,"RB16","13","Coach Upside rating","Coach Bust rating","3 out of 5 stars","-4"
"37",4,"Garrett Wilson",NYJ,"WR17","13","Coach Upside rating","Coach Bust rating","4 out of 5 stars","+5"
"38",4,"Drake Maye",NE,"QB3","11","Coach Upside rating","Coach Bust rating","2 out of 5 stars","+11"
"39",4,"Emeka Egbuka",TB,"WR18","10","Coach Upside rating","Coach Bust rating","4 out of 5 stars","+4"
"40",4,"Ladd McConkey",LAC,"WR19","7","Coach Upside rating","Coach Bust rating","2 out of 5 stars","+5"
"41",4,"Javonte Williams",DAL,"RB17","14","Coach Upside rating","Coach Bust rating","4 out of 5 stars","-10"
"42",4,"Colston Loveland",CHI,"TE3","10","Coach Upside rating","Coach Bust rating","2 out of 5 stars","-2"
"43",4,"Jaylen Waddle",DEN,"WR20","10","Coach Upside rating","Coach Bust rating","2 out of 5 stars","+8"
"44",4,"Malik Nabers",NYG,"WR21","8","Coach Upside rating","Coach Bust rating","4 out of 5 stars","-7"
"45",4,"Joe Burrow",CIN,"QB4","6","Coach Upside rating","Coach Bust rating","3 out of 5 stars","+7"
"46",4,"Terry McLaurin",WAS,"WR22","7","Coach Upside rating","Coach Bust rating","2 out of 5 stars","+9"
"47",4,"Davante Adams",LAR,"WR23","11","Coach Upside rating","Coach Bust rating","1 out of 5 stars","+10"
"48",5,"Travis Etienne Jr.",NO,"RB18","8","Coach Upside rating","Coach Bust rating","3 out of 5 stars","-9"
"49",5,"Luther Burden III",CHI,"WR24","10","Coach Upside rating","Coach Bust rating","3 out of 5 stars","-1"
"50",5,"Cam Skattebo",NYG,"RB19","8","Coach Upside rating","Coach Bust rating","4 out of 5 stars","-15"
"51",5,"Mike Evans",SF,"WR25","8","Coach Upside rating","Coach Bust rating","2 out of 5 stars","+10"
"52",5,"Jameson Williams",DET,"WR26","6","Coach Upside rating","Coach Bust rating","4 out of 5 stars","+7"
"53",5,"Jayden Daniels",WAS,"QB5","7","Coach Upside rating","Coach Bust rating","2 out of 5 stars","+7"
"54",5,"Bucky Irving",TB,"RB20","10","Coach Upside rating","Coach Bust rating","2 out of 5 stars","-10"
"55",5,"Quinshon Judkins",CLE,"RB21","11","Coach Upside rating","Coach Bust rating","3 out of 5 stars","-9"
"56",5,"D'Andre Swift",CHI,"RB22","10","Coach Upside rating","Coach Bust rating","2 out of 5 stars","0"
"57",5,"Tyler Warren",IND,"TE4","13","Coach Upside rating","Coach Bust rating","3 out of 5 stars","-4"
"58",5,"Jalen Hurts",PHI,"QB6","10","Coach Upside rating","Coach Bust rating","5 out of 5 stars","+5"
"59",5,"Christian Watson",GB,"WR27","11","Coach Upside rating","Coach Bust rating","5 out of 5 stars","+7"
"60",5,"TreVeyon Henderson",NE,"RB23","11","Coach Upside rating","Coach Bust rating","2 out of 5 stars","-13"
"61",5,"David Montgomery",HOU,"RB24","8","Coach Upside rating","Coach Bust rating","4 out of 5 stars","-7"
"62",5,"DJ Moore",BUF,"WR28","7","Coach Upside rating","Coach Bust rating","4 out of 5 stars","-12"
"63",5,"Rome Odunze",CHI,"WR29","10","Coach Upside rating","Coach Bust rating","3 out of 5 stars","+2"
"64",5,"Bhayshul Tuten",JAC,"RB25","7","Coach Upside rating","Coach Bust rating","4 out of 5 stars","-6"
"65",5,"Tucker Kraft",GB,"TE5","11","Coach Upside rating","Coach Bust rating","2 out of 5 stars","+2"
"66",5,"Caleb Williams",CHI,"QB7","10","Coach Upside rating","Coach Bust rating","3 out of 5 stars","+10"
"67",5,"Jadarian Price",SEA,"RB26","11","Coach Upside rating","Coach Bust rating","4 out of 5 stars","-5"
"68",6,"Justin Herbert",LAC,"QB8","7","Coach Upside rating","Coach Bust rating","2 out of 5 stars","+11"
"69",6,"Jaylen Warren",PIT,"RB27","9","Coach Upside rating","Coach Bust rating","2 out of 5 stars","-1"
"70",6,"Marvin Harrison Jr.",ARI,"WR30","14","Coach Upside rating","Coach Bust rating","2 out of 5 stars","+7"
"71",6,"Carnell Tate",TEN,"WR31","9","Coach Upside rating","Coach Bust rating","3 out of 5 stars","0"
"72",6,"Tony Pollard",TEN,"RB28","9","Coach Upside rating","Coach Bust rating","3 out of 5 stars","+8"
"73",6,"Trevor Lawrence",JAC,"QB9","7","Coach Upside rating","Coach Bust rating","4 out of 5 stars","+11"
"74",6,"Dak Prescott",DAL,"QB10","14","Coach Upside rating","Coach Bust rating","2 out of 5 stars","+8"
"75",6,"Rhamondre Stevenson",NE,"RB29","11","Coach Upside rating","Coach Bust rating","2 out of 5 stars","0"
"76",6,"Alec Pierce",IND,"WR32","13","Coach Upside rating","Coach Bust rating","4 out of 5 stars","+7"
"77",6,"DK Metcalf",PIT,"WR33","9","Coach Upside rating","Coach Bust rating","3 out of 5 stars","+9"
"78",6,"Brian Thomas Jr.",JAC,"WR34","7","Coach Upside rating","Coach Bust rating","4 out of 5 stars","-8"
"79",6,"Harold Fannin Jr.",CLE,"TE6","11","Coach Upside rating","Coach Bust rating","3 out of 5 stars","-15"
"80",6,"Chuba Hubbard",CAR,"RB30","5","Coach Upside rating","Coach Bust rating","1 out of 5 stars","-6"
"81",6,"Courtland Sutton",DEN,"WR35","10","Coach Upside rating","Coach Bust rating","2 out of 5 stars","+7"
"82",6,"Kyle Pitts Sr.",ATL,"TE7","11","Coach Upside rating","Coach Bust rating","3 out of 5 stars","-13"
"83",6,"Sam LaPorta",DET,"TE8","6","Coach Upside rating","Coach Bust rating","3 out of 5 stars","-10"
"84",6,"Rico Dowdle",PIT,"RB31","9","Coach Upside rating","Coach Bust rating","2 out of 5 stars","-6"
"85",6,"Chris Godwin Jr.",TB,"WR36","10","Coach Upside rating","Coach Bust rating","4 out of 5 stars","+5"
"86",6,"Parker Washington",JAC,"WR37","7","Coach Upside rating","Coach Bust rating","4 out of 5 stars","+5"
"87",6,"Jaxson Dart",NYG,"QB11","8","Coach Upside rating","Coach Bust rating","4 out of 5 stars","-6"
"88",6,"Jordyn Tyson",NO,"WR38","8","Coach Upside rating","Coach Bust rating","3 out of 5 stars","-1"
"89",6,"RJ Harvey",DEN,"RB32","10","Coach Upside rating","Coach Bust rating","2 out of 5 stars","-17"
"90",6,"Kyle Monangai",CHI,"RB33","10","Coach Upside rating","Coach Bust rating","2 out of 5 stars","-5"
"91",6,"Brock Purdy",SF,"QB12","8","Coach Upside rating","Coach Bust rating","1 out of 5 stars","+10"
"92",6,"J.K. Dobbins",DEN,"RB34","10","Coach Upside rating","Coach Bust rating","2 out of 5 stars","+1"
"93",6,"Michael Wilson",ARI,"WR39","14","Coach Upside rating–No rating available","Coach Bust rating–No rating available","2 out of 5 stars","-4"
"94",6,"Blake Corum",LAR,"RB35","11","Coach Upside rating","Coach Bust rating","5 out of 5 stars","0"
"95",6,"Michael Pittman Jr.",PIT,"WR40","9","Coach Upside rating","Coach Bust rating","3 out of 5 stars","+13"
"96",6,"Quentin Johnston",LAC,"WR41","7","Coach Upside rating","Coach Bust rating","2 out of 5 stars","+13"
"97",7,"Ricky Pearsall",SF,"WR42","8","Coach Upside rating","Coach Bust rating","2 out of 5 stars","+2"
"98",7,"Patrick Mahomes II",KC,"QB13","5","Coach Upside rating","Coach Bust rating","2 out of 5 stars","-1"
"99",7,"Makai Lemon",PHI,"WR43","10","Coach Upside rating","Coach Bust rating","4 out of 5 stars","-7"
"100",7,"George Kittle",SF,"TE9","8","Coach Upside rating","Coach Bust rating","3 out of 5 stars","-5"
"101",7,"Bo Nix",DEN,"QB14","10","Coach Upside rating","Coach Bust rating","3 out of 5 stars","+1"
"102",7,"Jakobi Meyers",JAC,"WR44","7","Coach Upside rating","Coach Bust rating","4 out of 5 stars","+3"
"103",7,"Jordan Addison",MIN,"WR45","6","Coach Upside rating","Coach Bust rating","5 out of 5 stars","+9"
"104",7,"Matthew Stafford",LAR,"QB15","11","Coach Upside rating","Coach Bust rating","3 out of 5 stars","-1"
"105",7,"Travis Kelce",KC,"TE10","5","Coach Upside rating","Coach Bust rating","4 out of 5 stars","-9"
"106",7,"Kenny Gainwell",TB,"RB36","10","Coach Upside rating","Coach Bust rating","2 out of 5 stars","0"
"107",7,"Wan'Dale Robinson",TEN,"WR46","9","Coach Upside rating","Coach Bust rating","3 out of 5 stars","+8"
"108",7,"Josh Downs",IND,"WR47","13","Coach Upside rating","Coach Bust rating","4 out of 5 stars","+12"
"109",7,"Rachaad White",WAS,"RB37","7","Coach Upside rating","Coach Bust rating","4 out of 5 stars","+2"
"110",7,"Aaron Jones Sr.",MIN,"RB38","6","Coach Upside rating","Coach Bust rating","4 out of 5 stars","+6"
"111",7,"Jayden Reed",GB,"WR48","11","Coach Upside rating","Coach Bust rating","5 out of 5 stars","+8"
"112",7,"Jared Goff",DET,"QB16","6","Coach Upside rating","Coach Bust rating","5 out of 5 stars","+1"
"113",7,"Kyler Murray",MIN,"QB17","6","Coach Upside rating","Coach Bust rating","5 out of 5 stars","+9"
"114",7,"Dalton Kincaid",BUF,"TE11","7","Coach Upside rating","Coach Bust rating","3 out of 5 stars","-16"
"115",7,"Jonathon Brooks",CAR,"RB39","5","Coach Upside rating","Coach Bust rating","1 out of 5 stars","-8"
"116",7,"Jacory Croskey-Merritt",WAS,"RB40","7","Coach Upside rating","Coach Bust rating","4 out of 5 stars","-6"
"117",7,"Jake Ferguson",DAL,"TE12","14","Coach Upside rating","Coach Bust rating","2 out of 5 stars","-13"
"118",7,"Jordan Mason",MIN,"RB41","6","Coach Upside rating","Coach Bust rating","4 out of 5 stars","0"
"119",7,"Dallas Goedert",PHI,"TE13","10","Coach Upside rating","Coach Bust rating","4 out of 5 stars","-2"
"120",7,"Xavier Worthy",KC,"WR49","5","Coach Upside rating","Coach Bust rating","2 out of 5 stars","+3"
"121",7,"Baker Mayfield",TB,"QB18","10","Coach Upside rating","Coach Bust rating","2 out of 5 stars","+8"
"122",7,"Jordan Love",GB,"QB19","11","Coach Upside rating","Coach Bust rating","4 out of 5 stars","+2"
"123",7,"Isaiah Likely",NYG,"TE14","8","Coach Upside rating","Coach Bust rating","3 out of 5 stars","-23"
"124",7,"Jayden Higgins",HOU,"WR50","8","Coach Upside rating","Coach Bust rating","3 out of 5 stars","+29"
"125",7,"Tyler Shough",NO,"QB20","8","Coach Upside rating","Coach Bust rating","3 out of 5 stars","+5"
"126",7,"Mark Andrews",BAL,"TE15","13","Coach Upside rating","Coach Bust rating","4 out of 5 stars","-12"
"127",7,"Tyrone Tracy Jr.",NYG,"RB42","8","Coach Upside rating","Coach Bust rating","4 out of 5 stars","+5"
"128",7,"Khalil Shakir",BUF,"WR51","7","Coach Upside rating","Coach Bust rating","4 out of 5 stars","+18"
"129",7,"Chris Rodriguez Jr.",JAC,"RB43","7","Coach Upside rating","Coach Bust rating","4 out of 5 stars","+21"
"130",8,"Romeo Doubs",NE,"WR52","11","Coach Upside rating","Coach Bust rating","2 out of 5 stars","+1"
"131",8,"Tyler Allgeier",ARI,"RB44","14","Coach Upside rating","Coach Bust rating","2 out of 5 stars","+2"
"132",8,"Woody Marks",HOU,"RB45","8","Coach Upside rating","Coach Bust rating","4 out of 5 stars","+8"
"133",8,"Jalen Coker",CAR,"WR53","5","Coach Upside rating","Coach Bust rating","2 out of 5 stars","+21"
"134",8,"Matthew Golden",GB,"WR54","11","Coach Upside rating","Coach Bust rating","5 out of 5 stars","+8"
"135",8,"Malik Willis",MIA,"QB21","6","Coach Upside rating","Coach Bust rating","3 out of 5 stars","-9"
"136",8,"KC Concepcion",CLE,"WR55","11","Coach Upside rating","Coach Bust rating","3 out of 5 stars","0"
"137",8,"Zach Charbonnet",SEA,"RB46","11","Coach Upside rating","Coach Bust rating","4 out of 5 stars","-12"
"138",8,"Isiah Pacheco",DET,"RB47","6","Coach Upside rating","Coach Bust rating","5 out of 5 stars","+14"
"139",8,"Tyjae Spears",TEN,"RB48","9","Coach Upside rating","Coach Bust rating","3 out of 5 stars","+8"
"140",8,"C.J. Stroud",HOU,"QB22","8","Coach Upside rating","Coach Bust rating","4 out of 5 stars","+5"
"141",8,"Alvin Kamara",NO,"RB49","8","Coach Upside rating","Coach Bust rating","3 out of 5 stars","+3"
"142",8,"Brenton Strange",JAC,"TE16","7","Coach Upside rating","Coach Bust rating","3 out of 5 stars","-14"
"143",8,"Dylan Sampson",CLE,"RB50","11","Coach Upside rating","Coach Bust rating","3 out of 5 stars","+24"
"144",8,"Sam Darnold",SEA,"QB23","11","Coach Upside rating","Coach Bust rating","4 out of 5 stars","-10"
"145",8,"Rashid Shaheed",SEA,"WR56","11","Coach Upside rating","Coach Bust rating","3 out of 5 stars","-4"
"146",8,"Juwan Johnson",NO,"TE17","8","Coach Upside rating","Coach Bust rating","2 out of 5 stars","-9"
"147",8,"Keaton Mitchell",LAC,"RB51","7","Coach Upside rating","Coach Bust rating","3 out of 5 stars","+21"
"148",8,"Oronde Gadsden II",LAC,"TE18","7","Coach Upside rating","Coach Bust rating","4 out of 5 stars","-27"
"149",8,"Hunter Henry",NE,"TE19","11","Coach Upside rating","Coach Bust rating","4 out of 5 stars","-22"
"150",8,"Chig Okonkwo",WAS,"TE20","7","Coach Upside rating","Coach Bust rating","1 out of 5 stars","-15"
"151",8,"Tank Bigsby",PHI,"RB52","10","Coach Upside rating","Coach Bust rating","4 out of 5 stars","+24"
"152",8,"Brian Robinson Jr.",ATL,"RB53","11","Coach Upside rating","Coach Bust rating","2 out of 5 stars","-14"
"153",8,"Jauan Jennings",MIN,"WR57","6","Coach Upside rating","Coach Bust rating","5 out of 5 stars","+11"
"154",8,"Cam Ward",TEN,"QB24","9","Coach Upside rating","Coach Bust rating","3 out of 5 stars","-5"
"155",8,"Jonah Coleman",DEN,"RB54","10","Coach Upside rating","Coach Bust rating","2 out of 5 stars","-12"
"156",8,"Jerry Jeudy",CLE,"WR58","11","Coach Upside rating","Coach Bust rating","3 out of 5 stars","+28"
"157",8,"Denzel Boston",CLE,"WR59","11","Coach Upside rating","Coach Bust rating","3 out of 5 stars","+3"
"158",8,"Adonai Mitchell",NYJ,"WR60","13","Coach Upside rating","Coach Bust rating","4 out of 5 stars","+38"
"159",8,"Braelon Allen",NYJ,"RB55","13","Coach Upside rating","Coach Bust rating","3 out of 5 stars","+28"
"160",8,"Jalen McMillan",TB,"WR61","10","Coach Upside rating","Coach Bust rating","4 out of 5 stars","-1"
"161",8,"Omar Cooper Jr.",NYJ,"WR62","13","Coach Upside rating","Coach Bust rating","4 out of 5 stars","+2"
"162",8,"Daniel Jones",IND,"QB25","13","Coach Upside rating","Coach Bust rating","4 out of 5 stars","+4"
"163",8,"Houston Texans",HOU,"DST1","8","Coach Upside rating–No rating available","Coach Bust rating–No rating available","2 out of 5 stars","+18"
"164",8,"Bryce Young",CAR,"QB26","5","Coach Upside rating","Coach Bust rating","2 out of 5 stars","-16"
"165",8,"Travis Hunter",JAC,"WR63","7","Coach Upside rating","Coach Bust rating","4 out of 5 stars","-3"
"166",8,"Tre Tucker",LV,"WR64","13","Coach Upside rating","Coach Bust rating","2 out of 5 stars","+31"
"167",8,"Stefon Diggs",FA,"WR65","-","Coach Upside rating","Coach Bust rating","-","-11"
"168",9,"Dalton Schultz",HOU,"TE21","8","Coach Upside rating","Coach Bust rating","4 out of 5 stars","-7"
"169",9,"Denver Broncos",DEN,"DST2","10","Coach Upside rating–No rating available","Coach Bust rating–No rating available","4 out of 5 stars","+19"
"170",9,"Tre' Harris",LAC,"WR66","7","Coach Upside rating","Coach Bust rating","2 out of 5 stars","+43"
"171",9,"Seattle Seahawks",SEA,"DST3","11","Coach Upside rating–No rating available","Coach Bust rating–No rating available","2 out of 5 stars","+18"
"172",9,"Los Angeles Rams",LAR,"DST4","11","Coach Upside rating–No rating available","Coach Bust rating–No rating available","2 out of 5 stars","+10"
"173",9,"Ryan Flournoy",DAL,"WR67","14","Coach Upside rating","Coach Bust rating","2 out of 5 stars","+76"
"174",9,"AJ Barner",SEA,"TE22","11","Coach Upside rating","Coach Bust rating","3 out of 5 stars","-19"
"175",9,"T.J. Hockenson",MIN,"TE23","6","Coach Upside rating","Coach Bust rating","4 out of 5 stars","-18"
"176",9,"Philadelphia Eagles",PHI,"DST5","10","Coach Upside rating–No rating available","Coach Bust rating–No rating available","0 out of 5 stars","+19"
"177",9,"Sean Tucker",TB,"RB56","10","Coach Upside rating","Coach Bust rating","2 out of 5 stars","+24"
"178",9,"Kenyon Sadiq",NYJ,"TE24","13","Coach Upside rating","Coach Bust rating","4 out of 5 stars","-39"
"179",9,"James Conner",ARI,"RB57","14","Coach Upside rating","Coach Bust rating","2 out of 5 stars","-9"
"180",9,"Kayshon Boutte",NE,"WR68","11","Coach Upside rating","Coach Bust rating","2 out of 5 stars","+10"
"181",9,"Kimani Vidal",LAC,"RB58","7","Coach Upside rating–No rating available","Coach Bust rating–No rating available","3 out of 5 stars","+26"
"182",9,"Emanuel Wilson",SEA,"RB59","11","Coach Upside rating","Coach Bust rating","4 out of 5 stars","+36"
"183",9,"Ray Davis",BUF,"RB60","7","Coach Upside rating–No rating available","Coach Bust rating–No rating available","2 out of 5 stars","+27"
"184",9,"Jaylin Noel",HOU,"WR69","8","Coach Upside rating","Coach Bust rating","3 out of 5 stars","+67"
"185",9,"Brandon Aubrey",DAL,"K1","14","Coach Upside rating","Coach Bust rating","2 out of 5 stars","-5"
"186",9,"Calvin Ridley",TEN,"WR70","9","Coach Upside rating","Coach Bust rating","3 out of 5 stars","+8"
"187",9,"Troy Franklin",DEN,"WR71","10","Coach Upside rating","Coach Bust rating","2 out of 5 stars","+60"
"188",9,"Isaac TeSlaa",DET,"WR72","6","Coach Upside rating","Coach Bust rating","4 out of 5 stars","-23"
"189",9,"Jacksonville Jaguars",JAC,"DST6","7","Coach Upside rating–No rating available","Coach Bust rating–No rating available","3 out of 5 stars","+68"
"190",9,"Ka'imi Fairbairn",HOU,"K2","8","Coach Upside rating","Coach Bust rating","2 out of 5 stars","+2"
"191",9,"Minnesota Vikings",MIN,"DST7","6","Coach Upside rating–No rating available","Coach Bust rating–No rating available","1 out of 5 stars","+28"
"192",9,"Pittsburgh Steelers",PIT,"DST8","9","Coach Upside rating–No rating available","Coach Bust rating–No rating available","5 out of 5 stars","+53"
"193",9,"New England Patriots",NE,"DST9","11","Coach Upside rating–No rating available","Coach Bust rating–No rating available","3 out of 5 stars","+10"
"194",9,"Cameron Dicker",LAC,"K3","7","Coach Upside rating","Coach Bust rating","2 out of 5 stars","+6"
"195",9,"Jacoby Brissett",ARI,"QB27","14","Coach Upside rating","Coach Bust rating","2 out of 5 stars","-4"
"196",9,"Deebo Samuel Sr.",FA,"WR73","-","Coach Upside rating–No rating available","Coach Bust rating–No rating available","-","-20"
"197",9,"Jalen Nailor",LV,"WR74","13","Coach Upside rating–No rating available","Coach Bust rating–No rating available","2 out of 5 stars","-4"
"198",9,"Cam Little",JAC,"K4","7","Coach Upside rating–No rating available","Coach Bust rating–No rating available","4 out of 5 stars","+11"
"199",9,"Mike Washington Jr.",LV,"RB61","13","Coach Upside rating","Coach Bust rating","2 out of 5 stars","-30"
"200",9,"Pat Bryant",DEN,"WR75","10","Coach Upside rating–No rating available","Coach Bust rating–No rating available","2 out of 5 stars","+53"
"201",9,"Darnell Mooney",NYG,"WR76","8","Coach Upside rating","Coach Bust rating","4 out of 5 stars","+41"
"202",9,"Jason Myers",SEA,"K5","11","Coach Upside rating–No rating available","Coach Bust rating–No rating available","4 out of 5 stars","-4"
"203",9,"Los Angeles Chargers",LAC,"DST10","7","Coach Upside rating–No rating available","Coach Bust rating–No rating available","3 out of 5 stars","+60"
"204",9,"Emmett Johnson",KC,"RB62","5","Coach Upside rating","Coach Bust rating","3 out of 5 stars","-31"
"205",9,"Nicholas Singleton",TEN,"RB63","9","Coach Upside rating","Coach Bust rating","3 out of 5 stars","-28"
"206",9,"Dontayvion Wicks",PHI,"WR77","10","Coach Upside rating–No rating available","Coach Bust rating–No rating available","4 out of 5 stars","+103"
"207",9,"Gunnar Helm",TEN,"TE25","9","Coach Upside rating","Coach Bust rating","3 out of 5 stars","-22"
"208",9,"Baltimore Ravens",BAL,"DST11","13","Coach Upside rating–No rating available","Coach Bust rating–No rating available","5 out of 5 stars","+44"
"209",9,"Antonio Williams",WAS,"WR78","7","Coach Upside rating","Coach Bust rating","2 out of 5 stars","-30"
"210",9,"Tyler Loop",BAL,"K6","13","Coach Upside rating–No rating available","Coach Bust rating–No rating available","3 out of 5 stars","+64"
"211",9,"Green Bay Packers",GB,"DST12","11","Coach Upside rating–No rating available","Coach Bust rating–No rating available","2 out of 5 stars","+56"
"212",9,"Malik Washington",MIA,"WR79","6","Coach Upside rating","Coach Bust rating","3 out of 5 stars","+13"
"213",9,"Rashod Bateman",BAL,"WR80","13","Coach Upside rating–No rating available","Coach Bust rating–No rating available","4 out of 5 stars","+79"
"214",9,"Eddy Pineiro",SF,"K7","8","Coach Upside rating–No rating available","Coach Bust rating–No rating available","5 out of 5 stars","+65"
"215",9,"Kaytron Allen",WAS,"RB64","7","Coach Upside rating","Coach Bust rating","4 out of 5 stars","-13"
"216",10,"Terrance Ferguson",LAR,"TE26","11","Coach Upside rating","Coach Bust rating","4 out of 5 stars","-45"
"217",10,"MarShawn Lloyd",GB,"RB65","11","Coach Upside rating–No rating available","Coach Bust rating–No rating available","4 out of 5 stars","+31"
"218",10,"De'Zhaun Stribling",SF,"WR81","8","Coach Upside rating","Coach Bust rating","2 out of 5 stars","+52"
"219",10,"Kansas City Chiefs",KC,"DST13","5","Coach Upside rating–No rating available","Coach Bust rating–No rating available","3 out of 5 stars","+35"
"220",10,"Detroit Lions",DET,"DST14","6","Coach Upside rating–No rating available","Coach Bust rating–No rating available","5 out of 5 stars","+45"
"221",10,"Jaylen Wright",MIA,"RB66","6","Coach Upside rating–No rating available","Coach Bust rating–No rating available","3 out of 5 stars","-7"
"222",10,"Evan McPherson",CIN,"K8","6","Coach Upside rating–No rating available","Coach Bust rating–No rating available","2 out of 5 stars","+58"
"223",10,"Cairo Santos",CHI,"K9","10","Coach Upside rating–No rating available","Coach Bust rating–No rating available","0 out of 5 stars","+60"
"224",10,"Tank Dell",HOU,"WR82","8","Coach Upside rating","Coach Bust rating","3 out of 5 stars","-16"
"225",10,"Jake Bates",DET,"K10","6","Coach Upside rating–No rating available","Coach Bust rating–No rating available","5 out of 5 stars","+46"
"226",10,"Pat Freiermuth",PIT,"TE27","9","Coach Upside rating","Coach Bust rating","2 out of 5 stars","-48"
"227",10,"Buffalo Bills",BUF,"DST15","7","Coach Upside rating–No rating available","Coach Bust rating–No rating available","3 out of 5 stars","+2"
"228",10,"Andy Borregales",NE,"K11","11","Coach Upside rating–No rating available","Coach Bust rating–No rating available","1 out of 5 stars","+58"
"229",10,"Cooper Kupp",SEA,"WR83","11","Coach Upside rating–No rating available","Coach Bust rating–No rating available","3 out of 5 stars","+30"
"230",10,"Chimere Dike",TEN,"WR84","9","Coach Upside rating","Coach Bust rating","3 out of 5 stars","+47"
"231",10,"Ollie Gordon II",MIA,"RB67","6","Coach Upside rating–No rating available","Coach Bust rating–No rating available","3 out of 5 stars","+87"
"232",10,"Cade Otton",TB,"TE28","10","Coach Upside rating–No rating available","Coach Bust rating–No rating available","2 out of 5 stars","-49"
"233",10,"Chase McLaughlin",TB,"K12","10","Coach Upside rating–No rating available","Coach Bust rating–No rating available","3 out of 5 stars","+45"
"234",10,"Aaron Rodgers",PIT,"QB28","9","Coach Upside rating–No rating available","Coach Bust rating–No rating available","2 out of 5 stars","-62"
"235",10,"David Njoku",LAC,"TE29","7","Coach Upside rating","Coach Bust rating","4 out of 5 stars","-84"
"236",10,"Brandon Aiyuk",SF,"WR85","8","Coach Upside rating","Coach Bust rating","2 out of 5 stars","-50"
"237",10,"Geno Smith",NYJ,"QB29","13","Coach Upside rating–No rating available","Coach Bust rating–No rating available","4 out of 5 stars","-14"
"238",10,"Cleveland Browns",CLE,"DST16","11","Coach Upside rating–No rating available","Coach Bust rating–No rating available","5 out of 5 stars","+22"
"239",10,"Harrison Mevis",LAR,"K13","11","Coach Upside rating–No rating available","Coach Bust rating–No rating available","2 out of 5 stars","+7"
"240",10,"Ted Hurst III",TB,"WR86","10","Coach Upside rating","Coach Bust rating","4 out of 5 stars","+32"
"241",10,"Germie Bernard",PIT,"WR87","9","Coach Upside rating","Coach Bust rating","3 out of 5 stars","-1"
"242",10,"Jaydon Blue",DAL,"RB68","14","Coach Upside rating–No rating available","Coach Bust rating–No rating available","4 out of 5 stars","-8"
"243",10,"Elic Ayomanor",TEN,"WR88","9","Coach Upside rating–No rating available","Coach Bust rating–No rating available","3 out of 5 stars","+68"
"244",10,"Keon Coleman",BUF,"WR89","7","Coach Upside rating–No rating available","Coach Bust rating–No rating available","4 out of 5 stars","+51"
"245",10,"Jack Bech",LV,"WR90","13","Coach Upside rating–No rating available","Coach Bust rating–No rating available","2 out of 5 stars","+55"
"246",10,"Zachariah Branch",ATL,"WR91","11","Coach Upside rating","Coach Bust rating","3 out of 5 stars","-42"
"247",10,"Greg Dulcich",MIA,"TE30","6","Coach Upside rating–No rating available","Coach Bust rating–No rating available","5 out of 5 stars","-26"
"248",10,"Chris Boswell",PIT,"K14","9","Coach Upside rating–No rating available","Coach Bust rating–No rating available","4 out of 5 stars","+28"
"249",10,"Colby Parkinson",LAR,"TE31","11","Coach Upside rating–No rating available","Coach Bust rating–No rating available","4 out of 5 stars","-12"
"250",10,"Justice Hill",BAL,"RB69","13","Coach Upside rating–No rating available","Coach Bust rating–No rating available","3 out of 5 stars","-18"
"251",10,"Harrison Butker",KC,"K15","5","Coach Upside rating–No rating available","Coach Bust rating–No rating available","5 out of 5 stars","-10"
"252",10,"Demond Claiborne",MIN,"RB70","6","Coach Upside rating","Coach Bust rating","4 out of 5 stars","-28"
"253",10,"Fernando Mendoza",LV,"QB30","13","Coach Upside rating","Coach Bust rating","1 out of 5 stars","-95"
"254",10,"Christian Kirk",SF,"WR92","8","Coach Upside rating–No rating available","Coach Bust rating–No rating available","2 out of 5 stars","+21"
"255",10,"Tory Horton",SEA,"WR93","11","Coach Upside rating–No rating available","Coach Bust rating–No rating available","3 out of 5 stars","+26"
"256",10,"DJ Giddens",IND,"RB71","13","Coach Upside rating–No rating available","Coach Bust rating–No rating available","4 out of 5 stars","-21"
"257",10,"Jordan James",SF,"RB72","8","Coach Upside rating–No rating available","Coach Bust rating–No rating available","2 out of 5 stars","-24"
"258",10,"Evan Engram",DEN,"TE32","10","Coach Upside rating–No rating available","Coach Bust rating–No rating available","4 out of 5 stars","+46"
"259",10,"Elijah Sarratt",BAL,"WR94","13","Coach Upside rating","Coach Bust rating","4 out of 5 stars","+30"
"260",10,"Tyreek Hill",FA,"WR95","-","Coach Upside rating–No rating available","Coach Bust rating–No rating available","-","-86"
"261",10,"George Holani",SEA,"RB73","11","Coach Upside rating–No rating available","Coach Bust rating–No rating available","4 out of 5 stars","+3"
"262",10,"Ty Johnson",BUF,"RB74","7","Coach Upside rating–No rating available","Coach Bust rating–No rating available","2 out of 5 stars","-1"
"263",10,"Malik Davis",DAL,"RB75","14","Coach Upside rating–No rating available","Coach Bust rating–No rating available","4 out of 5 stars","-"
"264",10,"Devin Neal",NO,"RB76","8","Coach Upside rating–No rating available","Coach Bust rating–No rating available","3 out of 5 stars","+50"
"265",10,"Isaiah Davis",NYJ,"RB77","13","Coach Upside rating–No rating available","Coach Bust rating–No rating available","3 out of 5 stars","-"
"266",10,"Chris Brooks",GB,"RB78","11","Coach Upside rating–No rating available","Coach Bust rating–No rating available","4 out of 5 stars","+49"
"267",10,"Eli Stowers",PHI,"TE33","10","Coach Upside rating","Coach Bust rating","4 out of 5 stars","-68"
"268",10,"Trey Benson",ARI,"RB79","14","Coach Upside rating–No rating available","Coach Bust rating–No rating available","2 out of 5 stars","-40"
"269",10,"Tyquan Thornton",KC,"WR96","5","Coach Upside rating–No rating available","Coach Bust rating–No rating available","2 out of 5 stars","-"
"270",10,"Kaleb Johnson",PIT,"RB80","9","Coach Upside rating–No rating available","Coach Bust rating–No rating available","2 out of 5 stars","-26"
"271",10,"Wil Lutz",DEN,"K16","10","Coach Upside rating–No rating available","Coach Bust rating–No rating available","1 out of 5 stars","-33"
"272",10,"Darius Slayton",NYG,"WR97","8","Coach Upside rating–No rating available","Coach Bust rating–No rating available","4 out of 5 stars","-"
"273",10,"Chris Bell",MIA,"WR98","6","Coach Upside rating","Coach Bust rating","3 out of 5 stars","-30"
"274",11,"Marvin Mims Jr.",DEN,"WR99","10","Coach Upside rating–No rating available","Coach Bust rating–No rating available","2 out of 5 stars","-16"
"275",11,"Tua Tagovailoa",ATL,"QB31","11","Coach Upside rating–No rating available","Coach Bust rating–No rating available","4 out of 5 stars","-36"
"276",11,"Chris Brazzell II",CAR,"WR100","5","Coach Upside rating","Coach Bust rating","2 out of 5 stars","+6"
"277",11,"Samaje Perine",CIN,"RB81","6","Coach Upside rating–No rating available","Coach Bust rating–No rating available","2 out of 5 stars","+42"
"278",11,"Malachi Fields",NYG,"WR101","8","Coach Upside rating","Coach Bust rating","4 out of 5 stars","-61"
"279",11,"Will Reichard",MIN,"K17","6","Coach Upside rating–No rating available","Coach Bust rating–No rating available","2 out of 5 stars","-6"
"280",11,"Oscar Delp",NO,"TE34","8","Coach Upside rating","Coach Bust rating","2 out of 5 stars","-"
"281",11,"Atlanta Falcons",ATL,"DST17","11","Coach Upside rating–No rating available","Coach Bust rating–No rating available","4 out of 5 stars","-12"
"282",11,"Devaughn Vele",NO,"WR102","8","Coach Upside rating–No rating available","Coach Bust rating–No rating available","3 out of 5 stars","+19"
"283",11,"Xavier Legette",CAR,"WR103","5","Coach Upside rating–No rating available","Coach Bust rating–No rating available","2 out of 5 stars","-"
"284",11,"Michael Penix Jr.",ATL,"QB32","11","Coach Upside rating–No rating available","Coach Bust rating–No rating available","4 out of 5 stars","-48"
"285",11,"Mason Taylor",NYJ,"TE35","13","Coach Upside rating–No rating available","Coach Bust rating–No rating available","4 out of 5 stars","-1"
"286",11,"LeQuint Allen Jr.",JAC,"RB82","7","Coach Upside rating–No rating available","Coach Bust rating–No rating available","4 out of 5 stars","+1"
"287",11,"Theo Johnson",NYG,"TE36","8","Coach Upside rating–No rating available","Coach Bust rating–No rating available","3 out of 5 stars","-76"
"288",11,"Kendre Miller",NO,"RB83","8","Coach Upside rating–No rating available","Coach Bust rating–No rating available","3 out of 5 stars","-32"
"289",11,"Kyle Williams",NE,"WR104","11","Coach Upside rating–No rating available","Coach Bust rating–No rating available","2 out of 5 stars","-21"
"290",11,"Kaelon Black",SF,"RB84","8","Coach Upside rating","Coach Bust rating","2 out of 5 stars","+9"
"291",11,"Keenan Allen",LAC,"WR105","7","Coach Upside rating–No rating available","Coach Bust rating–No rating available","2 out of 5 stars","0"
"292",11,"San Francisco 49ers",SF,"DST18","8","Coach Upside rating–No rating available","Coach Bust rating–No rating available","3 out of 5 stars","-77"
"293",11,"Hollywood Brown",PHI,"WR106","10","Coach Upside rating–No rating available","Coach Bust rating–No rating available","4 out of 5 stars","+3"
"294",11,"Devin Singletary",NYG,"RB85","8","Coach Upside rating–No rating available","Coach Bust rating–No rating available","4 out of 5 stars","-4"
"295",11,"Najee Harris",LAC,"RB86","7","Coach Upside rating–No rating available","Coach Bust rating–No rating available","3 out of 5 stars","+17"
"296",11,"Shedeur Sanders",CLE,"QB33","11","Coach Upside rating–No rating available","Coach Bust rating–No rating available","4 out of 5 stars","-46"
"297",11,"Jerome Ford",WAS,"RB87","7","Coach Upside rating–No rating available","Coach Bust rating–No rating available","4 out of 5 stars","-"
"298",11,"Mack Hollins",NE,"WR107","11","Coach Upside rating–No rating available","Coach Bust rating–No rating available","2 out of 5 stars","-"
"299",11,"Brashard Smith",KC,"RB88","5","Coach Upside rating–No rating available","Coach Bust rating–No rating available","3 out of 5 stars","-37"
"300",11,"Emari Demercado",KC,"RB89","5","Coach Upside rating–No rating available","Coach Bust rating–No rating available","3 out of 5 stars","+17"
"301",11,"Mike Gesicki",CIN,"TE37","6","Coach Upside rating–No rating available","Coach Bust rating–No rating available","3 out of 5 stars","-8"
"302",11,"Deshaun Watson",CLE,"QB34","11","Coach Upside rating–No rating available","Coach Bust rating–No rating available","4 out of 5 stars","+4"
"303",11,"Adam Randall",BAL,"RB90","13","Coach Upside rating","Coach Bust rating","3 out of 5 stars","+13"
"304",11,"Kirk Cousins",LV,"QB35","13","Coach Upside rating–No rating available","Coach Bust rating–No rating available","1 out of 5 stars","+4"
"305",11,"Seth McGowan",IND,"RB91","13","Coach Upside rating","Coach Bust rating","4 out of 5 stars","-"
"306",11,"New Orleans Saints",NO,"DST19","8","Coach Upside rating–No rating available","Coach Bust rating–No rating available","5 out of 5 stars","-"
"307",11,"Charlie Smyth",NO,"K18","8","Coach Upside rating–No rating available","Coach Bust rating–No rating available","5 out of 5 stars","-"
"308",11,"Isaac Guerendo",SF,"RB92","8","Coach Upside rating–No rating available","Coach Bust rating–No rating available","2 out of 5 stars","-"
"309",11,"Isaiah Bond",CLE,"WR108","11","Coach Upside rating–No rating available","Coach Bust rating–No rating available","3 out of 5 stars","-"
"310",11,"Trevor Etienne",CAR,"RB93","5","Coach Upside rating–No rating available","Coach Bust rating–No rating available","1 out of 5 stars","-"
"311",11,"Tahj Brooks",CIN,"RB94","6","Coach Upside rating–No rating available","Coach Bust rating–No rating available","2 out of 5 stars","-"
"312",11,"Jaleel McLaughlin",DEN,"RB95","10","Coach Upside rating–No rating available","Coach Bust rating–No rating available","2 out of 5 stars","-"
"313",11,"Andrei Iosivas",CIN,"WR109","6","Coach Upside rating–No rating available","Coach Bust rating–No rating available","4 out of 5 stars","-"
"314",11,"Skyler Bell",BUF,"WR110","7","Coach Upside rating","Coach Bust rating","4 out of 5 stars","+12"
"315",11,"Jarquez Hunter",LAR,"RB96","11","Coach Upside rating–No rating available","Coach Bust rating–No rating available","5 out of 5 stars","-21"
"316",11,"Indianapolis Colts",IND,"DST20","13","Coach Upside rating–No rating available","Coach Bust rating–No rating available","5 out of 5 stars","-"
"317",11,"Ja'Kobi Lane",BAL,"WR111","13","Coach Upside rating","Coach Bust rating","4 out of 5 stars","-90"
"318",11,"Jake Tonges",SF,"TE38","8","Coach Upside rating–No rating available","Coach Bust rating–No rating available","3 out of 5 stars","-92"
"319",11,"Chicago Bears",CHI,"DST21","10","Coach Upside rating–No rating available","Coach Bust rating–No rating available","2 out of 5 stars","-103"
"320",12,"Joe Mixon",FA,"RB97","-","Coach Upside rating–No rating available","Coach Bust rating–No rating available","-","-32"
"321",12,"Audric Estime",NO,"RB98","8","Coach Upside rating–No rating available","Coach Bust rating–No rating available","3 out of 5 stars","-36"
"322",12,"Cedric Tillman",CLE,"WR112","11","Coach Upside rating–No rating available","Coach Bust rating–No rating available","3 out of 5 stars","-"
"323",12,"Will Shipley",PHI,"RB99","10","Coach Upside rating–No rating available","Coach Bust rating–No rating available","4 out of 5 stars","-"
"324",12,"Darnell Washington",PIT,"TE39","9","Coach Upside rating–No rating available","Coach Bust rating–No rating available","2 out of 5 stars","-2"
"325",12,"Konata Mumpfield",LAR,"WR113","11","Coach Upside rating–No rating available","Coach Bust rating–No rating available","1 out of 5 stars","-"
"326",12,"J.J. McCarthy",MIN,"QB36","6","Coach Upside rating–No rating available","Coach Bust rating–No rating available","5 out of 5 stars","-28"
"327",12,"Luke McCaffrey",WAS,"WR114","7","Coach Upside rating–No rating available","Coach Bust rating–No rating available","2 out of 5 stars","-"
"328",12,"Jalen Royals",KC,"WR115","5","Coach Upside rating–No rating available","Coach Bust rating–No rating available","2 out of 5 stars","-"
"329",12,"Tez Johnson",TB,"WR116","10","Coach Upside rating–No rating available","Coach Bust rating–No rating available","4 out of 5 stars","-"
"330",12,"Calvin Austin III",NYG,"WR117","8","Coach Upside rating–No rating available","Coach Bust rating–No rating available","4 out of 5 stars","-"
"331",12,"Kareem Hunt",FA,"RB100","-","Coach Upside rating–No rating available","Coach Bust rating–No rating available","-","-29"
"332",12,"Joshua Palmer",BUF,"WR118","7","Coach Upside rating–No rating available","Coach Bust rating–No rating available","4 out of 5 stars","-"
"333",12,"Jahan Dotson",ATL,"WR119","11","Coach Upside rating–No rating available","Coach Bust rating–No rating available","3 out of 5 stars","-36"
"334",12,"Jalen Tolbert",MIA,"WR120","6","Coach Upside rating–No rating available","Coach Bust rating–No rating available","3 out of 5 stars","-79"
"335",12,"Carolina Panthers",CAR,"DST22","5","Coach Upside rating–No rating available","Coach Bust rating–No rating available","3 out of 5 stars","-"
"336",12,"Bam Knight",ARI,"RB101","14","Coach Upside rating–No rating available","Coach Bust rating–No rating available","2 out of 5 stars","-"
"337",12,"Olamide Zaccheaus",ATL,"WR121","11","Coach Upside rating–No rating available","Coach Bust rating–No rating available","3 out of 5 stars","-"
"338",12,"Caleb Douglas",MIA,"WR122","6","Coach Upside rating","Coach Bust rating","3 out of 5 stars","-107"
"339",12,"Michael Mayer",LV,"TE40","13","Coach Upside rating–No rating available","Coach Bust rating–No rating available","3 out of 5 stars","-12"
"340",12,"Max Klare",LAR,"TE41","11","Coach Upside rating","Coach Bust rating","4 out of 5 stars","-35"
"341",12,"Elijah Arroyo",SEA,"TE42","11","Coach Upside rating–No rating available","Coach Bust rating–No rating available","3 out of 5 stars","-21"
"342",12,"Tyler Higbee",LAR,"TE43","11","Coach Upside rating–No rating available","Coach Bust rating–No rating available","4 out of 5 stars","-"
"343",12,"Dont'e Thornton Jr.",LV,"WR123","13","Coach Upside rating–No rating available","Coach Bust rating–No rating available","2 out of 5 stars","-"
"344",12,"Eli Heidenreich",PIT,"RB102","9","Coach Upside rating","Coach Bust rating","2 out of 5 stars","-"
"345",12,"DeMario Douglas",NE,"WR124","11","Coach Upside rating–No rating available","Coach Bust rating–No rating available","2 out of 5 stars","-"
"346",12,"Carson Beck",ARI,"QB37","14","Coach Upside rating","Coach Bust rating","2 out of 5 stars","-22"
"347",12,"Cole Kmet",CHI,"TE44","10","Coach Upside rating–No rating available","Coach Bust rating–No rating available","2 out of 5 stars","-22"
"348",12,"Bryce Lance",NO,"WR125","8","Coach Upside rating","Coach Bust rating","3 out of 5 stars","-"
"349",12,"Dallas Cowboys",DAL,"DST23","14","Coach Upside rating–No rating available","Coach Bust rating–No rating available","1 out of 5 stars","-137"
"350",12,"Kendrick Bourne",ARI,"WR126","14","Coach Upside rating–No rating available","Coach Bust rating–No rating available","2 out of 5 stars","-"
"351",12,"Treylon Burks",WAS,"WR127","7","Coach Upside rating–No rating available","Coach Bust rating–No rating available","2 out of 5 stars","-"
"352",12,"Mac Jones",SF,"QB38","8","Coach Upside rating–No rating available","Coach Bust rating–No rating available","1 out of 5 stars","-"
"353",12,"Noah Gray",KC,"TE45","5","Coach Upside rating–No rating available","Coach Bust rating–No rating available","4 out of 5 stars","-"
"354",12,"Jake Elliott",PHI,"K19","10","Coach Upside rating–No rating available","Coach Bust rating–No rating available","5 out of 5 stars","-149"
"355",12,"Xavier Hutchinson",HOU,"WR128","8","Coach Upside rating–No rating available","Coach Bust rating–No rating available","3 out of 5 stars","-"
"356",12,"Brenen Thompson",LAC,"WR129","7","Coach Upside rating","Coach Bust rating","2 out of 5 stars","-43"
"357",12,"Dawson Knox",BUF,"TE46","7","Coach Upside rating–No rating available","Coach Bust rating–No rating available","3 out of 5 stars","-54"
"358",12,"Ja'Tavion Sanders",CAR,"TE47","5","Coach Upside rating–No rating available","Coach Bust rating–No rating available","2 out of 5 stars","-"
"359",12,"Anthony Richardson Sr.",IND,"QB39","13","Coach Upside rating–No rating available","Coach Bust rating–No rating available","4 out of 5 stars","-"
"360",12,"Tyler Bass",BUF,"K20","7","Coach Upside rating–No rating available","Coach Bust rating–No rating available","2 out of 5 stars","-130"
"361",12,"Justin Fields",KC,"QB40","5","Coach Upside rating–No rating available","Coach Bust rating–No rating available","2 out of 5 stars","-"
"362",12,"Jaylin Lane",WAS,"WR130","7","Coach Upside rating–No rating available","Coach Bust rating–No rating available","2 out of 5 stars","-"
"363",12,"John Metchie III",CAR,"WR131","5","Coach Upside rating–No rating available","Coach Bust rating–No rating available","2 out of 5 stars","-"
"364",12,"Nick Chubb",FA,"RB103","-","Coach Upside rating–No rating available","Coach Bust rating–No rating available","-","-"
"365",12,"Raheim Sanders",CLE,"RB104","11","Coach Upside rating–No rating available","Coach Bust rating–No rating available","3 out of 5 stars","-"
"366",12,"Zane Gonzalez",MIA,"K21","6","Coach Upside rating–No rating available","Coach Bust rating–No rating available","2 out of 5 stars","-"
"367",12,"New York Giants",NYG,"DST24","8","Coach Upside rating–No rating available","Coach Bust rating–No rating available","1 out of 5 stars","-147"
"368",12,"Justin Joly",DEN,"TE48","10","Coach Upside rating","Coach Bust rating","4 out of 5 stars","-"
"369",12,"Erick All Jr.",CIN,"TE49","6","Coach Upside rating–No rating available","Coach Bust rating–No rating available","3 out of 5 stars","-"
"370",12,"Michael Carter",TEN,"RB105","9","Coach Upside rating–No rating available","Coach Bust rating–No rating available","3 out of 5 stars","-"
"371",12,"Jawhar Jordan",HOU,"RB106","8","Coach Upside rating–No rating available","Coach Bust rating–No rating available","4 out of 5 stars","-"
"372",12,"Cincinnati Bengals",CIN,"DST25","6","Coach Upside rating–No rating available","Coach Bust rating–No rating available","4 out of 5 stars","-"
"373",12,"Tampa Bay Buccaneers",TB,"DST26","10","Coach Upside rating–No rating available","Coach Bust rating–No rating available","4 out of 5 stars","-"
"374",12,"Ty Simpson",LAR,"QB41","11","Coach Upside rating","Coach Bust rating","3 out of 5 stars","-64"
"375",12,"Kalif Raymond",CHI,"WR132","10","Coach Upside rating–No rating available","Coach Bust rating–No rating available","3 out of 5 stars","-"
"376",12,"J'Mari Taylor",JAC,"RB107","7","Coach Upside rating","Coach Bust rating","4 out of 5 stars","-"
"377",12,"Kevin Coleman Jr.",MIA,"WR133","6","Coach Upside rating–No rating available","Coach Bust rating–No rating available","3 out of 5 stars","-"
"378",12,"Trey Smack",GB,"K22","11","Coach Upside rating–No rating available","Coach Bust rating–No rating available","4 out of 5 stars","-"
"379",12,"Nick Westbrook-Ikhine",IND,"WR134","13","Coach Upside rating–No rating available","Coach Bust rating–No rating available","4 out of 5 stars","-"
"380",12,"Savion Williams",GB,"WR135","11","Coach Upside rating–No rating available","Coach Bust rating–No rating available","5 out of 5 stars","-"
"381",12,"KaVontae Turpin",DAL,"WR136","14","Coach Upside rating–No rating available","Coach Bust rating–No rating available","2 out of 5 stars","-"
"382",13,"Noah Fant",NO,"TE50","8","Coach Upside rating–No rating available","Coach Bust rating–No rating available","2 out of 5 stars","-"
"383",13,"Tutu Atwell",MIA,"WR137","6","Coach Upside rating–No rating available","Coach Bust rating–No rating available","3 out of 5 stars","-60"
"384",13,"Tennessee Titans",TEN,"DST27","9","Coach Upside rating–No rating available","Coach Bust rating–No rating available","2 out of 5 stars","-"
"385",13,"Eli Raridon",NE,"TE51","11","Coach Upside rating","Coach Bust rating","4 out of 5 stars","-"
"386",13,"Phil Mafah",DAL,"RB108","14","Coach Upside rating–No rating available","Coach Bust rating–No rating available","4 out of 5 stars","-"
"387",13,"Nick Folk",ATL,"K23","11","Coach Upside rating–No rating available","Coach Bust rating–No rating available","0 out of 5 stars","-181"
"388",13,"Devontez Walker",BAL,"WR138","13","Coach Upside rating–No rating available","Coach Bust rating–No rating available","4 out of 5 stars","-"
"389",13,"Tommy Myers",FA,"TE52","-","Coach Upside rating–No rating available","Coach Bust rating–No rating available","-","-"
"390",13,"John Bates",WAS,"TE53","7","Coach Upside rating–No rating available","Coach Bust rating–No rating available","1 out of 5 stars","-"
"391",13,"Deion Burks",IND,"WR139","13","Coach Upside rating","Coach Bust rating","4 out of 5 stars","-"
"392",13,"Dameon Pierce",PHI,"RB109","10","Coach Upside rating–No rating available","Coach Bust rating–No rating available","4 out of 5 stars","-"
"393",13,"Jordan Whittington",LAR,"WR140","11","Coach Upside rating–No rating available","Coach Bust rating–No rating available","1 out of 5 stars","-"
"394",13,"Cyrus Allen",KC,"WR141","5","Coach Upside rating","Coach Bust rating","2 out of 5 stars","-"
"395",13,"Miami Dolphins",MIA,"DST28","6","Coach Upside rating–No rating available","Coach Bust rating–No rating available","3 out of 5 stars","-"
"396",13,"Washington Commanders",WAS,"DST29","7","Coach Upside rating–No rating available","Coach Bust rating–No rating available","2 out of 5 stars","-"
"397",13,"Zavion Thomas",CHI,"WR142","10","Coach Upside rating","Coach Bust rating","3 out of 5 stars","-"
"398",13,"Tommy Tremble",CAR,"TE54","5","Coach Upside rating–No rating available","Coach Bust rating–No rating available","2 out of 5 stars","-"
"399",13,"Blake Grupe",IND,"K24","13","Coach Upside rating–No rating available","Coach Bust rating–No rating available","4 out of 5 stars","-"
"400",13,"Kyle Juszczyk",SF,"RB110","8","Coach Upside rating–No rating available","Coach Bust rating–No rating available","2 out of 5 stars","-"
"401",13,"Antonio Gibson",FA,"RB111","-","Coach Upside rating–No rating available","Coach Bust rating–No rating available","-","-"
"402",13,"Luke Musgrave",GB,"TE55","11","Coach Upside rating–No rating available","Coach Bust rating–No rating available","2 out of 5 stars","-"
"403",13,"Spencer Shrader",IND,"K25","13","Coach Upside rating–No rating available","Coach Bust rating–No rating available","4 out of 5 stars","-"
"404",13,"Joe Milton III",DAL,"QB42","14","Coach Upside rating–No rating available","Coach Bust rating–No rating available","2 out of 5 stars","-"
"405",13,"Rasheen Ali",BAL,"RB112","13","Coach Upside rating–No rating available","Coach Bust rating–No rating available","3 out of 5 stars","-"
"406",13,"Terrell Jennings",NE,"RB113","11","Coach Upside rating–No rating available","Coach Bust rating–No rating available","2 out of 5 stars","-"
"407",13,"Sione Vaki",DET,"RB114","6","Coach Upside rating–No rating available","Coach Bust rating–No rating available","5 out of 5 stars","-"
"408",13,"Jeremy McNichols",WAS,"RB115","7","Coach Upside rating–No rating available","Coach Bust rating–No rating available","4 out of 5 stars","-"
"409",13,"Roschon Johnson",CHI,"RB116","10","Coach Upside rating–No rating available","Coach Bust rating–No rating available","2 out of 5 stars","-"
"410",13,"Ben Sinnott",WAS,"TE56","7","Coach Upside rating–No rating available","Coach Bust rating–No rating available","1 out of 5 stars","-"
"411",13,"Austin Ekeler",FA,"RB117","-","Coach Upside rating–No rating available","Coach Bust rating–No rating available","-","-189"
"412",13,"Dyami Brown",WAS,"WR143","7","Coach Upside rating–No rating available","Coach Bust rating–No rating available","2 out of 5 stars","-"
"413",13,"Dylan Laube",LV,"RB118","13","Coach Upside rating–No rating available","Coach Bust rating–No rating available","2 out of 5 stars","-"
"414",13,"Ben Sauls",NYG,"K26","8","Coach Upside rating–No rating available","Coach Bust rating–No rating available","2 out of 5 stars","-"
"415",13,"Jam Miller",NE,"RB119","11","Coach Upside rating","Coach Bust rating","2 out of 5 stars","-"
"416",13,"Greg Dortch",DET,"WR144","6","Coach Upside rating–No rating available","Coach Bust rating–No rating available","4 out of 5 stars","-"
"417",13,"Las Vegas Raiders",LV,"DST30","13","Coach Upside rating–No rating available","Coach Bust rating–No rating available","4 out of 5 stars","-"
"418",13,"New York Jets",NYJ,"DST31","13","Coach Upside rating–No rating available","Coach Bust rating–No rating available","4 out of 5 stars","-"
"419",13,"Charlie Kolar",LAC,"TE57","7","Coach Upside rating–No rating available","Coach Bust rating–No rating available","4 out of 5 stars","-"
"420",13,"Jake Moody",WAS,"K27","7","Coach Upside rating–No rating available","Coach Bust rating–No rating available","5 out of 5 stars","-"
"421",13,"Taysom Hill",FA,"TE58","-","Coach Upside rating–No rating available","Coach Bust rating–No rating available","-","-"
"422",13,"Jameis Winston",NYG,"QB43","8","Coach Upside rating–No rating available","Coach Bust rating–No rating available","4 out of 5 stars","-"
"423",13,"Darren Waller",FA,"TE59","-","Coach Upside rating–No rating available","Coach Bust rating–No rating available","-","-"
"424",13,"Zach Ertz",FA,"TE60","-","Coach Upside rating–No rating available","Coach Bust rating–No rating available","-","-"
"425",13,"DeAndre Hopkins",BAL,"WR145","13","Coach Upside rating–No rating available","Coach Bust rating–No rating available","4 out of 5 stars","-"
"426",13,"Colbie Young",CIN,"WR146","6","Coach Upside rating","Coach Bust rating","4 out of 5 stars","-"
"427",13,"Jahdae Walker",CHI,"WR147","10","Coach Upside rating–No rating available","Coach Bust rating–No rating available","3 out of 5 stars","-"
"428",13,"Tyler Lockett",LV,"WR148","13","Coach Upside rating–No rating available","Coach Bust rating–No rating available","2 out of 5 stars","-"
"429",13,"Joey Slye",TEN,"K28","9","Coach Upside rating–No rating available","Coach Bust rating–No rating available","4 out of 5 stars","-"
"430",13,"Xavier Restrepo",TEN,"WR149","9","Coach Upside rating–No rating available","Coach Bust rating–No rating available","3 out of 5 stars","-"
"431",13,"Drew Sample",CIN,"TE61","6","Coach Upside rating–No rating available","Coach Bust rating–No rating available","3 out of 5 stars","-"
"432",13,"Malik Benson",LV,"WR150","13","Coach Upside rating","Coach Bust rating","2 out of 5 stars","-"
"433",13,"Daniel Bellinger",TEN,"TE62","9","Coach Upside rating–No rating available","Coach Bust rating–No rating available","3 out of 5 stars","-"
"434",13,"Odell Beckham Jr.",NYG,"WR151","8","Coach Upside rating–No rating available","Coach Bust rating–No rating available","4 out of 5 stars","-"
"435",13,"Robert Henry Jr.",WAS,"RB120","7","Coach Upside rating","Coach Bust rating","4 out of 5 stars","-"
"436",13,"Marquez Valdes-Scantling",DAL,"WR152","14","Coach Upside rating–No rating available","Coach Bust rating–No rating available","2 out of 5 stars","-"
"437",13,"Ashton Dulin",IND,"WR153","13","Coach Upside rating–No rating available","Coach Bust rating–No rating available","4 out of 5 stars","-"
"438",13,"Mitchell Evans",CAR,"TE63","5","Coach Upside rating–No rating available","Coach Bust rating–No rating available","2 out of 5 stars","-"
"439",13,"CJ Daniels",LAR,"WR154","11","Coach Upside rating","Coach Bust rating","1 out of 5 stars","-"
"440",13,"Ty Chandler",NO,"RB121","8","Coach Upside rating–No rating available","Coach Bust rating–No rating available","3 out of 5 stars","-"
"441",13,"Marcus Mariota",WAS,"QB44","7","Coach Upside rating–No rating available","Coach Bust rating–No rating available","2 out of 5 stars","-"
"442",13,"Jonnu Smith",FA,"TE64","-","Coach Upside rating–No rating available","Coach Bust rating–No rating available","-","-"
"443",13,"Elijah Higgins",ARI,"TE65","14","Coach Upside rating–No rating available","Coach Bust rating–No rating available","2 out of 5 stars","-"
"444",13,"Joe Flacco",CIN,"QB45","6","Coach Upside rating–No rating available","Coach Bust rating–No rating available","3 out of 5 stars","-"
"445",13,"Josh Oliver",MIN,"TE66","6","Coach Upside rating–No rating available","Coach Bust rating–No rating available","4 out of 5 stars","-"
"446",13,"Marlin Klein",HOU,"TE67","8","Coach Upside rating","Coach Bust rating","4 out of 5 stars","-"
"447",13,"Tim Patrick",NYJ,"WR155","13","Coach Upside rating–No rating available","Coach Bust rating–No rating available","4 out of 5 stars","-"
"448",13,"Luke Schoonmaker",DAL,"TE68","14","Coach Upside rating–No rating available","Coach Bust rating–No rating available","2 out of 5 stars","-"
"449",13,"Hunter Luepke",DAL,"RB122","14","Coach Upside rating–No rating available","Coach Bust rating–No rating available","4 out of 5 stars","-"
"450",13,"Austin Hooper",ATL,"TE69","11","Coach Upside rating–No rating available","Coach Bust rating–No rating available","3 out of 5 stars","-"
"451",13,"Miles Sanders",FA,"RB123","-","Coach Upside rating–No rating available","Coach Bust rating–No rating available","-","-"
"452",13,"Noah Whittington",HOU,"RB124","8","Coach Upside rating","Coach Bust rating","4 out of 5 stars","-"
"453",13,"Mitch Tinsley",CIN,"WR156","6","Coach Upside rating–No rating available","Coach Bust rating–No rating available","4 out of 5 stars","-"
"454",13,"Elijah Mitchell",PHI,"RB125","10","Coach Upside rating–No rating available","Coach Bust rating–No rating available","4 out of 5 stars","-"
"455",13,"Jake Bobo",SEA,"WR157","11","Coach Upside rating–No rating available","Coach Bust rating–No rating available","3 out of 5 stars","-"
"456",13,"Elijah Moore",PHI,"WR158","10","Coach Upside rating–No rating available","Coach Bust rating–No rating available","4 out of 5 stars","-"
"457",13,"Jaret Patterson",LAC,"RB126","7","Coach Upside rating–No rating available","Coach Bust rating–No rating available","3 out of 5 stars","-"
"458",13,"Jamari Thrash",CLE,"WR159","11","Coach Upside rating–No rating available","Coach Bust rating–No rating available","3 out of 5 stars","-"
"459",13,"Tyler Goodson",ATL,"RB127","11","Coach Upside rating–No rating available","Coach Bust rating–No rating available","2 out of 5 stars","-"
"460",13,"Will Dissly",FA,"TE70","-","Coach Upside rating–No rating available","Coach Bust rating–No rating available","-","-"
"461",13,"Alexander Mattison",FA,"RB128","-","Coach Upside rating–No rating available","Coach Bust rating–No rating available","-","-195"
"462",13,"Zavier Scott",MIN,"RB129","6","Coach Upside rating–No rating available","Coach Bust rating–No rating available","4 out of 5 stars","-"
"463",13,"Frank Gore Jr.",BUF,"RB130","7","Coach Upside rating–No rating available","Coach Bust rating–No rating available","2 out of 5 stars","-"
"464",13,"Brandin Cooks",FA,"WR160","-","Coach Upside rating–No rating available","Coach Bust rating–No rating available","-","-"
"465",14,"Tai Felton",MIN,"WR161","6","Coach Upside rating–No rating available","Coach Bust rating–No rating available","5 out of 5 stars","-"
"466",14,"Theo Wease Jr.",MIA,"WR162","6","Coach Upside rating–No rating available","Coach Bust rating–No rating available","3 out of 5 stars","-"
"467",14,"Devonte Boyd",FA,"WR163","-","Coach Upside rating–No rating available","Coach Bust rating–No rating available","-","-"
"468",14,"Adam Trautman",DEN,"TE71","10","Coach Upside rating–No rating available","Coach Bust rating–No rating available","4 out of 5 stars","-"
"469",14,"Kenny McIntosh",SEA,"RB131","11","Coach Upside rating–No rating available","Coach Bust rating–No rating available","4 out of 5 stars","-"
"470",14,"Demarcus Robinson",SF,"WR164","8","Coach Upside rating–No rating available","Coach Bust rating–No rating available","2 out of 5 stars","-"
"471",14,"Cash Jones",ATL,"RB132","11","Coach Upside rating","Coach Bust rating","2 out of 5 stars","-"
"472",14,"Jacob Saylors",DET,"RB133","6","Coach Upside rating–No rating available","Coach Bust rating–No rating available","5 out of 5 stars","-"
"473",14,"Riley Leonard",IND,"QB46","13","Coach Upside rating–No rating available","Coach Bust rating–No rating available","4 out of 5 stars","-152"
"474",14,"Alec Ingold",LAC,"RB134","7","Coach Upside rating–No rating available","Coach Bust rating–No rating available","3 out of 5 stars","-"
"475",14,"Roman Hemby",LV,"RB135","13","Coach Upside rating","Coach Bust rating","2 out of 5 stars","-"
"476",14,"Roman Wilson",PIT,"WR165","9","Coach Upside rating–No rating available","Coach Bust rating–No rating available","3 out of 5 stars","-"
"477",14,"AJ Dillon",CAR,"RB136","5","Coach Upside rating–No rating available","Coach Bust rating–No rating available","1 out of 5 stars","-"
"478",14,"Cade Klubnik",NYJ,"QB47","13","Coach Upside rating","Coach Bust rating","4 out of 5 stars","-"
"479",14,"Damien Martinez",GB,"RB137","11","Coach Upside rating–No rating available","Coach Bust rating–No rating available","4 out of 5 stars","-"
"480",14,"Ronnie Rivers",LAR,"RB138","11","Coach Upside rating–No rating available","Coach Bust rating–No rating available","5 out of 5 stars","-"
"481",14,"Patrick Ricard",NYG,"RB139","8","Coach Upside rating–No rating available","Coach Bust rating–No rating available","4 out of 5 stars","-"
"482",14,"Khalil Herbert",FA,"RB140","-","Coach Upside rating–No rating available","Coach Bust rating–No rating available","-","-"
"483",14,"Jaydn Ott",KC,"RB141","5","Coach Upside rating","Coach Bust rating","3 out of 5 stars","-"
"484",14,"Durham Smythe",BAL,"TE72","13","Coach Upside rating–No rating available","Coach Bust rating–No rating available","4 out of 5 stars","-"
"485",14,"Michael Trigg",DAL,"TE73","14","Coach Upside rating","Coach Bust rating","2 out of 5 stars","-178"
"486",14,"Reggie Virgil",ARI,"WR166","14","Coach Upside rating","Coach Bust rating","2 out of 5 stars","-"
"487",14,"Lil'Jordan Humphrey",DEN,"WR167","10","Coach Upside rating–No rating available","Coach Bust rating–No rating available","2 out of 5 stars","-"
"488",14,"Van Jefferson",WAS,"WR168","7","Coach Upside rating–No rating available","Coach Bust rating–No rating available","2 out of 5 stars","-"
"489",14,"Diontae Johnson",FA,"WR169","-","Coach Upside rating–No rating available","Coach Bust rating–No rating available","-","-"
"490",14,"Xavier Smith",LAR,"WR170","11","Coach Upside rating–No rating available","Coach Bust rating–No rating available","1 out of 5 stars","-"
"491",14,"Miles Davis",CAR,"RB142","5","Coach Upside rating–No rating available","Coach Bust rating–No rating available","1 out of 5 stars","-"
"492",14,"Cade Stover",HOU,"TE74","8","Coach Upside rating–No rating available","Coach Bust rating–No rating available","4 out of 5 stars","-"
"493",14,"Matt Hibner",BAL,"TE75","13","Coach Upside rating","Coach Bust rating","4 out of 5 stars","-"
"494",14,"Mecole Hardman Jr.",BUF,"WR171","7","Coach Upside rating–No rating available","Coach Bust rating–No rating available","4 out of 5 stars","-"
"495",14,"Scotty Miller",CHI,"WR172","10","Coach Upside rating–No rating available","Coach Bust rating–No rating available","3 out of 5 stars","-"
"496",14,"Dontae McMillan",BAL,"RB143","13","Coach Upside rating–No rating available","Coach Bust rating–No rating available","3 out of 5 stars","-"
"497",14,"Elijah Tau-Tolliver",BAL,"RB144","13","Coach Upside rating–No rating available","Coach Bust rating–No rating available","3 out of 5 stars","-"
"498",14,"Max Bredeson",MIN,"RB145","6","Coach Upside rating","Coach Bust rating","4 out of 5 stars","-"
"499",14,"Adam Prentice",DEN,"RB146","10","Coach Upside rating–No rating available","Coach Bust rating–No rating available","2 out of 5 stars","-"
"500",14,"Nate Boerkircher",JAC,"TE76","7","Coach Upside rating","Coach Bust rating","3 out of 5 stars","-"
"501",14,"Pierre Strong Jr.",GB,"RB147","11","Coach Upside rating–No rating available","Coach Bust rating–No rating available","4 out of 5 stars","-"
"502",14,"Kye Robichaux",DET,"RB148","6","Coach Upside rating–No rating available","Coach Bust rating–No rating available","5 out of 5 stars","-"
"503",14,"Myles Montgomery",NE,"RB149","11","Coach Upside rating–No rating available","Coach Bust rating–No rating available","2 out of 5 stars","-"
"504",14,"Michael Woods II",DEN,"WR173","10","Coach Upside rating–No rating available","Coach Bust rating–No rating available","2 out of 5 stars","-"
"505",14,"Reggie Gilliam",NE,"RB150","11","Coach Upside rating–No rating available","Coach Bust rating–No rating available","2 out of 5 stars","-"
"506",14,"Jabari Small",DET,"RB151","6","Coach Upside rating–No rating available","Coach Bust rating–No rating available","5 out of 5 stars","-"
"507",14,"Michael Bandy",DEN,"WR174","10","Coach Upside rating–No rating available","Coach Bust rating–No rating available","2 out of 5 stars","-"
"508",14,"Gardner Minshew II",ARI,"QB48","14","Coach Upside rating–No rating available","Coach Bust rating–No rating available","2 out of 5 stars","-"
"509",14,"Kalel Mullings",TEN,"RB152","9","Coach Upside rating–No rating available","Coach Bust rating–No rating available","3 out of 5 stars","-"
"510",14,"Nathan Carter",ATL,"RB153","11","Coach Upside rating–No rating available","Coach Bust rating–No rating available","2 out of 5 stars","-"
"511",14,"Derius Davis",LAC,"WR175","7","Coach Upside rating–No rating available","Coach Bust rating–No rating available","2 out of 5 stars","-"
"512",14,"Kendrick Law",DET,"WR176","6","Coach Upside rating","Coach Bust rating","4 out of 5 stars","-"
"513",14,"Harrison Bryant",FA,"TE77","-","Coach Upside rating–No rating available","Coach Bust rating–No rating available","-","-"
"514",14,"Raheem Mostert",LV,"RB154","13","Coach Upside rating–No rating available","Coach Bust rating–No rating available","2 out of 5 stars","-"
"515",14,"British Brooks",HOU,"RB155","8","Coach Upside rating–No rating available","Coach Bust rating–No rating available","4 out of 5 stars","-"
"516",14,"Donovan Edwards",MIA,"RB156","6","Coach Upside rating–No rating available","Coach Bust rating–No rating available","3 out of 5 stars","-"
"517",14,"Jermaine Burton",FA,"WR177","-","Coach Upside rating–No rating available","Coach Bust rating–No rating available","-","-"
"518",14,"Isaiah Williams",FA,"WR178","-","Coach Upside rating–No rating available","Coach Bust rating–No rating available","-","-"
"519",14,"Zamir White",LV,"RB157","13","Coach Upside rating–No rating available","Coach Bust rating–No rating available","2 out of 5 stars","-"
"520",14,"Graig Cooper",FA,"RB158","-","Coach Upside rating–No rating available","Coach Bust rating–No rating available","-","-"
"521",14,"Lew Nichols III",PIT,"RB159","9","Coach Upside rating–No rating available","Coach Bust rating–No rating available","2 out of 5 stars","-"
"522",14,"Braxton Berrios",NYG,"WR179","8","Coach Upside rating–No rating available","Coach Bust rating–No rating available","4 out of 5 stars","-"
"523",14,"Travis Homer",PIT,"RB160","9","Coach Upside rating–No rating available","Coach Bust rating–No rating available","2 out of 5 stars","-"
"524",14,"Jeremy Ruckert",NYJ,"TE78","13","Coach Upside rating–No rating available","Coach Bust rating–No rating available","4 out of 5 stars","-"
"525",14,"Tyler Conklin",DET,"TE79","6","Coach Upside rating–No rating available","Coach Bust rating–No rating available","3 out of 5 stars","-"
"526",14,"Sterling Shepard",FA,"WR180","-","Coach Upside rating–No rating available","Coach Bust rating–No rating available","-","-"
"527",14,"Ja'Lynn Polk",NO,"WR181","8","Coach Upside rating–No rating available","Coach Bust rating–No rating available","3 out of 5 stars","-"
"528",14,"Myles Price",MIN,"WR182","6","Coach Upside rating–No rating available","Coach Bust rating–No rating available","5 out of 5 stars","-"
"529",14,"Montorie Foster Jr.",SEA,"WR183","11","Coach Upside rating–No rating available","Coach Bust rating–No rating available","3 out of 5 stars","-"
"530",14,"Cedrick Wilson Jr.",DET,"WR184","6","Coach Upside rating–No rating available","Coach Bust rating–No rating available","4 out of 5 stars","-"
"531",14,"Barion Brown",NO,"WR185","8","Coach Upside rating","Coach Bust rating","3 out of 5 stars","-"
"532",14,"Mo Alie-Cox",IND,"TE80","13","Coach Upside rating–No rating available","Coach Bust rating–No rating available","3 out of 5 stars","-"
"533",14,"Michael Briscoe",MIN,"WR186","6","Coach Upside rating–No rating available","Coach Bust rating–No rating available","5 out of 5 stars","-"
"534",14,"Quinn Ewers",MIA,"QB49","6","Coach Upside rating–No rating available","Coach Bust rating–No rating available","3 out of 5 stars","-"
"535",14,"Will Kacmarek",MIA,"TE81","6","Coach Upside rating","Coach Bust rating","5 out of 5 stars","-"
"536",14,"Gabe Davis",FA,"WR187","-","Coach Upside rating–No rating available","Coach Bust rating–No rating available","-","-"
"537",14,"Tanner Hudson",CIN,"TE82","6","Coach Upside rating–No rating available","Coach Bust rating–No rating available","3 out of 5 stars","-"
"538",14,"Jonathan Mingo",DAL,"WR188","14","Coach Upside rating–No rating available","Coach Bust rating–No rating available","2 out of 5 stars","-"
"539",14,"Kevin Austin Jr.",NO,"WR189","8","Coach Upside rating–No rating available","Coach Bust rating–No rating available","3 out of 5 stars","-"
"540",14,"Anthony Gould",IND,"WR190","13","Coach Upside rating–No rating available","Coach Bust rating–No rating available","4 out of 5 stars","-"
"541",14,"Ray-Ray McCloud III",FA,"WR191","-","Coach Upside rating–No rating available","Coach Bust rating–No rating available","-","-"
"542",14,"Nate Adkins",DEN,"TE83","10","Coach Upside rating–No rating available","Coach Bust rating–No rating available","4 out of 5 stars","-"
"543",14,"Miles Kitselman",DET,"TE84","6","Coach Upside rating–No rating available","Coach Bust rating–No rating available","3 out of 5 stars","-"
"544",14,"Jackson Hawes",BUF,"TE85","7","Coach Upside rating–No rating available","Coach Bust rating–No rating available","3 out of 5 stars","-"
"545",14,"Xavier Weaver",ARI,"WR192","14","Coach Upside rating–No rating available","Coach Bust rating–No rating available","2 out of 5 stars","-"
"546",14,"Noah Brown",FA,"WR193","-","Coach Upside rating–No rating available","Coach Bust rating–No rating available","-","-"
"547",14,"Brock Wright",DET,"TE86","6","Coach Upside rating–No rating available","Coach Bust rating–No rating available","3 out of 5 stars","-"
"548",14,"Ja'Quinden Jackson",FA,"RB161","-","Coach Upside rating–No rating available","Coach Bust rating–No rating available","-","-"
"549",14,"Josh Reynolds",FA,"WR194","-","Coach Upside rating–No rating available","Coach Bust rating–No rating available","-","-"
"550",15,"Moliki Matavao",NO,"TE87","8","Coach Upside rating–No rating available","Coach Bust rating–No rating available","2 out of 5 stars","-"
"551",15,"Johnny Wilson",PHI,"WR195","10","Coach Upside rating–No rating available","Coach Bust rating–No rating available","4 out of 5 stars","-"
"552",15,"David Sills V",TB,"WR196","10","Coach Upside rating–No rating available","Coach Bust rating–No rating available","4 out of 5 stars","-"
"553",15,"Corey Kiner",ARI,"RB162","14","Coach Upside rating–No rating available","Coach Bust rating–No rating available","2 out of 5 stars","-"
"554",15,"Velus Jones Jr.",SEA,"WR197","11","Coach Upside rating–No rating available","Coach Bust rating–No rating available","3 out of 5 stars","-"
"555",15,"Spencer Rattler",NO,"QB50","8","Coach Upside rating–No rating available","Coach Bust rating–No rating available","3 out of 5 stars","-"
"556",15,"Jordan Watkins",SF,"WR198","8","Coach Upside rating–No rating available","Coach Bust rating–No rating available","2 out of 5 stars","-"
"557",15,"Jacardia Wright",SEA,"RB163","11","Coach Upside rating–No rating available","Coach Bust rating–No rating available","4 out of 5 stars","-"
"558",15,"JuJu Smith-Schuster",NYG,"WR199","8","Coach Upside rating–No rating available","Coach Bust rating–No rating available","4 out of 5 stars","-"
"559",15,"Skyy Moore",GB,"WR200","11","Coach Upside rating–No rating available","Coach Bust rating–No rating available","5 out of 5 stars","-"
"560",15,"Michael Wortham",JAC,"WR201","7","Coach Upside rating–No rating available","Coach Bust rating–No rating available","4 out of 5 stars","-"
"561",15,"Trey Palmer",NO,"WR202","8","Coach Upside rating–No rating available","Coach Bust rating–No rating available","3 out of 5 stars","-"
"562",15,"Tyler Johnson",DAL,"WR203","14","Coach Upside rating–No rating available","Coach Bust rating–No rating available","2 out of 5 stars","-"
"563",15,"Devin Duvernay",ARI,"WR204","14","Coach Upside rating–No rating available","Coach Bust rating–No rating available","2 out of 5 stars","-"
"564",15,"Foster Moreau",HOU,"TE88","8","Coach Upside rating–No rating available","Coach Bust rating–No rating available","4 out of 5 stars","-"
"565",15,"Desmond Reid",FA,"RB164","-","Coach Upside rating","Coach Bust rating","-","-"
"566",15,"Davis Allen",LAR,"TE89","11","Coach Upside rating–No rating available","Coach Bust rating–No rating available","4 out of 5 stars","-"
"567",15,"Cam Akers",FA,"RB165","-","Coach Upside rating–No rating available","Coach Bust rating–No rating available","-","-"
"568",15,"Michael Burton",CLE,"RB166","11","Coach Upside rating–No rating available","Coach Bust rating–No rating available","3 out of 5 stars","-"
"569",15,"Joshua Pitsenberger",HOU,"RB167","8","Coach Upside rating–No rating available","Coach Bust rating–No rating available","4 out of 5 stars","-"
"570",15,"Arian Smith",NYJ,"WR205","13","Coach Upside rating–No rating available","Coach Bust rating–No rating available","4 out of 5 stars","-"
"571",15,"Montrell Johnson Jr.",FA,"RB168","-","Coach Upside rating–No rating available","Coach Bust rating–No rating available","-","-"
"572",15,"Khalil Dinkins",FA,"TE90","-","Coach Upside rating–No rating available","Coach Bust rating–No rating available","-","-"
"573",15,"Jeshaun Jones",MIN,"WR206","6","Coach Upside rating–No rating available","Coach Bust rating–No rating available","5 out of 5 stars","-"
"574",15,"KeAndre Lambert-Smith",LAC,"WR207","7","Coach Upside rating–No rating available","Coach Bust rating–No rating available","2 out of 5 stars","-"
"575",15,"Patrick Taylor Jr.",SF,"RB169","8","Coach Upside rating–No rating available","Coach Bust rating–No rating available","2 out of 5 stars","-"