projection_source,sleeper_player_id,mfl_id,player_name,position,query_position,team,season,season_type,company,gp,pass_att,pass_cmp,pass_yd,pass_td,pass_int,pass_2pt,cmp_pct,rush_att,rush_yd,rush_td,rush_2pt,rec,rec_yd,rec_td,rec_2pt,fum_lost,pts_std,pts_half_ppr,pts_ppr,source_last_modified,source_updated_at,as_of_date,retrieved_at,ingested_at
sleeper_rotowire,10215,16156,Jake Haener,QB,QB,,2026,regular,rotowire,18.0,,,,,,,,,,,,,,,,,,,,1785311409344,1785311409344,2026-07-29,2026-07-29T21:50:38.683290+00:00,2026-07-29T21:50:38.683290+00:00
sleeper_rotowire,10217,16160,Clayton Tune,QB,QB,,2026,regular,rotowire,18.0,31.0,19.0,195.0,1.0,1.0,,61.29,4.0,16.0,,,,,,,,12.4,12.4,12.4,1785311410545,1785311410545,2026-07-29,2026-07-29T21:50:38.683290+00:00,2026-07-29T21:50:38.683290+00:00
sleeper_rotowire,10233,16155,Max Duggan,QB,QB,,2026,regular,rotowire,18.0,,,,,,,,,,,,,,,,,,,,1785311409351,1785311409351,2026-07-29,2026-07-29T21:50:38.683290+00:00,2026-07-29T21:50:38.683290+00:00
sleeper_rotowire,1029,10699,Nick Foles,QB,QB,,2026,regular,rotowire,18.0,,,,,,,,,,,,,,,,,,,,1785311419425,1785311419425,2026-07-29,2026-07-29T21:50:38.683290+00:00,2026-07-29T21:50:38.683290+00:00
sleeper_rotowire,1049,10697,Ryan Tannehill,QB,QB,,2026,regular,rotowire,18.0,,,,,,,,,,,,,,,,,,,,1785311411823,1785311411823,2026-07-29,2026-07-29T21:50:38.683290+00:00,2026-07-29T21:50:38.683290+00:00
sleeper_rotowire,10857,16153,Stetson Bennett,QB,QB,LAR,2026,regular,rotowire,18.0,,,,,,,,,,,,,,,,,,,,1785311411824,1785311411824,2026-07-29,2026-07-29T21:50:38.683290+00:00,2026-07-29T21:50:38.683290+00:00
sleeper_rotowire,10862,16158,Dorian Thompson-Robinson,QB,QB,,2026,regular,rotowire,18.0,,,,,,,,,,,,,,,,,,,,1785311419431,1785311419431,2026-07-29,2026-07-29T21:50:38.683290+00:00,2026-07-29T21:50:38.683290+00:00
sleeper_rotowire,10866,16159,Aidan O'Connell,QB,QB,LV,2026,regular,rotowire,18.0,,,,,,,,,,,,,,,,,,,,1785311420728,1785311420728,2026-07-29,2026-07-29T21:50:38.683290+00:00,2026-07-29T21:50:38.683290+00:00
sleeper_rotowire,10983,16313,Sean Clifford,QB,QB,CIN,2026,regular,rotowire,18.0,,,,,,,,,,,,,,,,,,,,1785311419449,1785311419449,2026-07-29,2026-07-29T21:50:38.683290+00:00,2026-07-29T21:50:38.683290+00:00
sleeper_rotowire,11065,16868,Adrian Martinez,QB,QB,SF,2026,regular,rotowire,18.0,,,,,,,,,,,,,,,,,,,,1785311411850,1785311411850,2026-07-29,2026-07-29T21:50:38.683290+00:00,2026-07-29T21:50:38.683290+00:00
sleeper_rotowire,11169,16526,Dresser Winn,QB,QB,,2026,regular,rotowire,18.0,,,,,,,,,,,,,,,,,,,,1785311409394,1785311409394,2026-07-29,2026-07-29T21:50:38.683290+00:00,2026-07-29T21:50:38.683290+00:00
sleeper_rotowire,11214,16378,Tanner Morgan,QB,QB,,2026,regular,rotowire,18.0,,,,,,,,,,,,,,,,,,,,1785311413166,1785311413166,2026-07-29,2026-07-29T21:50:38.683290+00:00,2026-07-29T21:50:38.683290+00:00
sleeper_rotowire,11216,16417,Holton Ahlers,QB,QB,,2026,regular,rotowire,18.0,,,,,,,,,,,,,,,,,,,,1785311410611,1785311410611,2026-07-29,2026-07-29T21:50:38.683290+00:00,2026-07-29T21:50:38.683290+00:00
sleeper_rotowire,11256,16384,Tyson Bagent,QB,QB,CHI,2026,regular,rotowire,18.0,31.0,19.0,195.0,1.0,1.0,,61.29,4.0,17.0,,,,,,,,12.5,12.5,12.5,1785311409409,1785311409409,2026-07-29,2026-07-29T21:50:38.683290+00:00,2026-07-29T21:50:38.683290+00:00
sleeper_rotowire,11292,16441,Tommy DeVito,QB,QB,NE,2026,regular,rotowire,18.0,30.0,19.0,202.0,1.0,1.0,,63.33,4.0,13.0,,,,,,,,12.38,12.38,12.38,1785311411880,1785311411880,2026-07-29,2026-07-29T21:50:38.683290+00:00,2026-07-29T21:50:38.683290+00:00
sleeper_rotowire,11556,16591,Devin Leary,QB,QB,,2026,regular,rotowire,18.0,,,,,,,,,,,,,,,,,,,,1785311411916,1785311411916,2026-07-29,2026-07-29T21:50:38.683290+00:00,2026-07-29T21:50:38.683290+00:00
sleeper_rotowire,11557,16585,Joe Milton,QB,QB,DAL,2026,regular,rotowire,18.0,31.0,19.0,195.0,1.0,1.0,,61.29,4.0,16.0,,,,,,,,12.4,12.4,12.4,1785311417009,1785311417009,2026-07-29,2026-07-29T21:50:38.683290+00:00,2026-07-29T21:50:38.683290+00:00
sleeper_rotowire,11559,16583,Michael Penix,QB,QB,ATL,2026,regular,rotowire,18.0,221.0,137.0,1567.0,10.0,5.0,1.0,61.99,20.0,67.0,1.0,,,,,,2.0,108.38,108.38,108.38,1785311417011,1785311417011,2026-07-29,2026-07-29T21:50:38.683290+00:00,2026-07-29T21:50:38.683290+00:00
sleeper_rotowire,11560,16579,Caleb Williams,QB,QB,CHI,2026,regular,rotowire,18.0,514.0,316.0,3651.0,28.0,10.0,1.0,61.48,75.0,373.0,3.0,,,,,,3.0,299.34,299.34,299.34,1785311418252,1785311418252,2026-07-29,2026-07-29T21:50:38.683290+00:00,2026-07-29T21:50:38.683290+00:00
sleeper_rotowire,11561,16588,Michael Pratt,QB,QB,,2026,regular,rotowire,18.0,,,,,,,,,,,,,,,,,,,,1785311414443,1785311414443,2026-07-29,2026-07-29T21:50:38.683290+00:00,2026-07-29T21:50:38.683290+00:00
sleeper_rotowire,11562,16586,Spencer Rattler,QB,QB,NO,2026,regular,rotowire,18.0,32.0,20.0,202.0,1.0,1.0,,62.5,4.0,16.0,,,,,,,,12.68,12.68,12.68,1785311414445,1785311414445,2026-07-29,2026-07-29T21:50:38.683290+00:00,2026-07-29T21:50:38.683290+00:00
sleeper_rotowire,11563,16582,Bo Nix,QB,QB,DEN,2026,regular,rotowire,18.0,555.0,366.0,3768.0,26.0,12.0,1.0,65.95,76.0,330.0,4.0,,,,,,3.0,295.72,295.72,295.72,1785311414446,1785311414446,2026-07-29,2026-07-29T21:50:38.683290+00:00,2026-07-29T21:50:38.683290+00:00
sleeper_rotowire,11564,16580,Drake Maye,QB,QB,NE,2026,regular,rotowire,18.0,505.0,344.0,3854.0,29.0,11.0,1.0,68.12,85.0,416.0,4.0,,,,,,3.0,320.76,320.76,320.76,1785311414448,1785311414448,2026-07-29,2026-07-29T21:50:38.683290+00:00,2026-07-29T21:50:38.683290+00:00
sleeper_rotowire,11565,16584,J.J. McCarthy,QB,QB,MIN,2026,regular,rotowire,18.0,32.0,20.0,213.0,1.0,1.0,,62.5,5.0,21.0,1.0,,,,,,,19.62,19.62,19.62,1785311420838,1785311420838,2026-07-29,2026-07-29T21:50:38.683290+00:00,2026-07-29T21:50:38.683290+00:00
sleeper_rotowire,11566,16581,Jayden Daniels,QB,QB,WAS,2026,regular,rotowire,18.0,479.0,316.0,3353.0,22.0,9.0,1.0,65.97,126.0,686.0,6.0,,,,,,3.0,313.72,313.72,313.72,1785311420840,1785311420840,2026-07-29,2026-07-29T21:50:38.683290+00:00,2026-07-29T21:50:38.683290+00:00
sleeper_rotowire,11567,16589,Jordan Travis,QB,QB,,2026,regular,rotowire,18.0,,,,,,,,,,,,,,,,,,,,1785311418254,1785311418254,2026-07-29,2026-07-29T21:50:38.683290+00:00,2026-07-29T21:50:38.683290+00:00
sleeper_rotowire,11648,16682,Kedon Slovis,QB,QB,ARI,2026,regular,rotowire,18.0,,,,,,,,,,,,,,,,,,,,1785311413225,1785311413225,2026-07-29,2026-07-29T21:50:38.683290+00:00,2026-07-29T21:50:38.683290+00:00
sleeper_rotowire,1166,10700,Kirk Cousins,QB,QB,LV,2026,regular,rotowire,18.0,98.0,63.0,639.0,5.0,3.0,,64.29,5.0,6.0,,,,,,,2.0,39.16,39.16,39.16,1785311411928,1785311411928,2026-07-29,2026-07-29T21:50:38.683290+00:00,2026-07-29T21:50:38.683290+00:00
sleeper_rotowire,1169,10696,Robert Griffin,QB,QB,,2026,regular,rotowire,18.0,,,,,,,,,,,,,,,,,,,,1785311410678,1785311410678,2026-07-29,2026-07-29T21:50:38.683290+00:00,2026-07-29T21:50:38.683290+00:00
sleeper_rotowire,11851,16882,Carter Bradley,QB,QB,JAX,2026,regular,rotowire,18.0,,,,,,,,,,,,,,,,,,,,1785311413252,1785311413252,2026-07-29,2026-07-29T21:50:38.683290+00:00,2026-07-29T21:50:38.683290+00:00
sleeper_rotowire,11924,16814,Tanner Mordecai,QB,QB,,2026,regular,rotowire,18.0,,,,,,,,,,,,,,,,,,,,1785311419590,1785311419590,2026-07-29,2026-07-29T21:50:38.683290+00:00,2026-07-29T21:50:38.683290+00:00
sleeper_rotowire,11931,16804,Austin Reed,QB,QB,,2026,regular,rotowire,18.0,,,,,,,,,,,,,,,,,,,,1785311415783,1785311415783,2026-07-29,2026-07-29T21:50:38.683290+00:00,2026-07-29T21:50:38.683290+00:00
sleeper_rotowire,12009,16592,Jack Plummer,QB,QB,,2026,regular,rotowire,18.0,,,,,,,,,,,,,,,,,,,,1785311414516,1785311414516,2026-07-29,2026-07-29T21:50:38.683290+00:00,2026-07-29T21:50:38.683290+00:00
sleeper_rotowire,12190,16876,Jason Bean,QB,QB,,2026,regular,rotowire,18.0,,,,,,,,,,,,,,,,,,,,1785311415812,1785311415812,2026-07-29,2026-07-29T21:50:38.683290+00:00,2026-07-29T21:50:38.683290+00:00
sleeper_rotowire,12259,16590,Taulia Tagovailoa,QB,QB,,2026,regular,rotowire,18.0,,,,,,,,,,,,,,,,,,,,1785311413321,1785311413321,2026-07-29,2026-07-29T21:50:38.683290+00:00,2026-07-29T21:50:38.683290+00:00
sleeper_rotowire,12270,16867,Andrew Peasley,QB,QB,,2026,regular,rotowire,18.0,,,,,,,,,,,,,,,,,,,,1785311418344,1785311418344,2026-07-29,2026-07-29T21:50:38.683290+00:00,2026-07-29T21:50:38.683290+00:00
sleeper_rotowire,1234,10703,Russell Wilson,QB,QB,,2026,regular,rotowire,18.0,,,,,,,,,,,,,,,,,,,,1785311410756,1785311410756,2026-07-29,2026-07-29T21:50:38.683290+00:00,2026-07-29T21:50:38.683290+00:00
sleeper_rotowire,12470,17035,Riley Leonard,QB,QB,IND,2026,regular,rotowire,18.0,29.0,18.0,196.0,1.0,1.0,,62.07,4.0,16.0,,,,,,,,12.44,12.44,12.44,1785311419649,1785311419649,2026-07-29,2026-07-29T21:50:38.683290+00:00,2026-07-29T21:50:38.683290+00:00
sleeper_rotowire,12477,17041,Kurtis Rourke,QB,QB,SF,2026,regular,rotowire,18.0,,,,,,,,,,,,,,,,,,,,1785311415845,1785311415845,2026-07-29,2026-07-29T21:50:38.683290+00:00,2026-07-29T21:50:38.683290+00:00
sleeper_rotowire,12486,17037,Dillon Gabriel,QB,QB,CLE,2026,regular,rotowire,18.0,30.0,19.0,189.0,1.0,1.0,,63.33,2.0,13.0,,,,,,,,11.86,11.86,11.86,1785311414592,1785311414592,2026-07-29,2026-07-29T21:50:38.683290+00:00,2026-07-29T21:50:38.683290+00:00
sleeper_rotowire,12494,17038,Kyle McCord,QB,QB,GB,2026,regular,rotowire,18.0,,,,,,,,,,,,,,,,,,,,1785311412061,1785311412061,2026-07-29,2026-07-29T21:50:38.683290+00:00,2026-07-29T21:50:38.683290+00:00
sleeper_rotowire,12500,17034,Quinn Ewers,QB,QB,MIA,2026,regular,rotowire,18.0,31.0,19.0,195.0,1.0,1.0,,61.29,4.0,16.0,,,,,,,,12.4,12.4,12.4,1785311414595,1785311414595,2026-07-29,2026-07-29T21:50:38.683290+00:00,2026-07-29T21:50:38.683290+00:00
sleeper_rotowire,12508,17032,Jaxson Dart,QB,QB,NYG,2026,regular,rotowire,18.0,495.0,322.0,3366.0,22.0,12.0,1.0,65.05,106.0,539.0,6.0,,,,,,3.0,296.54,296.54,296.54,1785311410781,1785311410781,2026-07-29,2026-07-29T21:50:38.683290+00:00,2026-07-29T21:50:38.683290+00:00
sleeper_rotowire,12510,17033,Jalen Milroe,QB,QB,SEA,2026,regular,rotowire,18.0,26.0,16.0,164.0,1.0,1.0,,61.54,8.0,43.0,,,,,,,,13.86,13.86,13.86,1785311415851,1785311415851,2026-07-29,2026-07-29T21:50:38.683290+00:00,2026-07-29T21:50:38.683290+00:00
sleeper_rotowire,12511,17036,Will Howard,QB,QB,PIT,2026,regular,rotowire,18.0,64.0,40.0,410.0,2.0,2.0,,62.5,5.0,21.0,,,,,,,1.0,22.5,22.5,22.5,1785311417121,1785311417121,2026-07-29,2026-07-29T21:50:38.683290+00:00,2026-07-29T21:50:38.683290+00:00
sleeper_rotowire,12522,17030,Cam Ward,QB,QB,TEN,2026,regular,rotowire,18.0,541.0,341.0,3516.0,19.0,13.0,1.0,63.03,46.0,182.0,2.0,,,,,,4.0,227.84,227.84,227.84,1785311420984,1785311420984,2026-07-29,2026-07-29T21:50:38.683290+00:00,2026-07-29T21:50:38.683290+00:00
sleeper_rotowire,12524,17031,Shedeur Sanders,QB,QB,CLE,2026,regular,rotowire,18.0,226.0,142.0,1433.0,7.0,5.0,,62.83,26.0,88.0,2.0,,,,,,2.0,97.12,97.12,97.12,1785311412062,1785311412062,2026-07-29,2026-07-29T21:50:38.683290+00:00,2026-07-29T21:50:38.683290+00:00
sleeper_rotowire,12538,17040,Brady Cook,QB,QB,NYJ,2026,regular,rotowire,18.0,,,,,,,,,,,,,,,,,,,,1785311418385,1785311418385,2026-07-29,2026-07-29T21:50:38.683290+00:00,2026-07-29T21:50:38.683290+00:00
sleeper_rotowire,12545,17039,Tyler Shough,QB,QB,NO,2026,regular,rotowire,18.0,539.0,354.0,3666.0,22.0,12.0,1.0,65.68,84.0,343.0,3.0,,,,,,3.0,270.94,270.94,270.94,1785311418386,1785311418386,2026-07-29,2026-07-29T21:50:38.683290+00:00,2026-07-29T21:50:38.683290+00:00
sleeper_rotowire,1262,10935,Alex Tanney,QB,QB,,2026,regular,rotowire,18.0,,,,,,,,,,,,,,,,,,,,1785311418402,1785311418402,2026-07-29,2026-07-29T21:50:38.683290+00:00,2026-07-29T21:50:38.683290+00:00
sleeper_rotowire,12688,17240,Cam Miller,QB,QB,MIA,2026,regular,rotowire,18.0,,,,,,,,,,,,,,,,,,,,1785311414622,1785311414622,2026-07-29,2026-07-29T21:50:38.683290+00:00,2026-07-29T21:50:38.683290+00:00
sleeper_rotowire,12705,17227,Graham Mertz,QB,QB,HOU,2026,regular,rotowire,18.0,,,,,,,,,,,,,,,,,,,,1785311409584,1785311409584,2026-07-29,2026-07-29T21:50:38.683290+00:00,2026-07-29T21:50:38.683290+00:00
sleeper_rotowire,12773,17308,DJ Uiagalelei,QB,QB,LAC,2026,regular,rotowire,18.0,,,,,,,,,,,,,,,,,,,,1785311417165,1785311417165,2026-07-29,2026-07-29T21:50:38.683290+00:00,2026-07-29T21:50:38.683290+00:00
sleeper_rotowire,12775,17282,Max Brosmer,QB,QB,MIN,2026,regular,rotowire,18.0,,,,,,,,,,,,,,,,,,,,1785311418428,1785311418428,2026-07-29,2026-07-29T21:50:38.683290+00:00,2026-07-29T21:50:38.683290+00:00
sleeper_rotowire,12898,17283,Seth Henigan,QB,QB,,2026,regular,rotowire,18.0,,,,,,,,,,,,,,,,,,,,1785311412119,1785311412119,2026-07-29,2026-07-29T21:50:38.683290+00:00,2026-07-29T21:50:38.683290+00:00
sleeper_rotowire,13065,17338,Ben Wooldridge,QB,QB,,2026,regular,rotowire,18.0,,,,,,,,,,,,,,,,,,,,1785311412152,1785311412152,2026-07-29,2026-07-29T21:50:38.683290+00:00,2026-07-29T21:50:38.683290+00:00
sleeper_rotowire,13217,17294,Hunter Dekkers,QB,QB,NO,2026,regular,rotowire,18.0,,,,,,,,,,,,,,,,,,,,1785311418491,1785311418491,2026-07-29,2026-07-29T21:50:38.683290+00:00,2026-07-29T21:50:38.683290+00:00
sleeper_rotowire,13269,17462,Fernando Mendoza,QB,QB,LV,2026,regular,rotowire,18.0,434.0,277.0,2894.0,19.0,11.0,1.0,63.82,53.0,234.0,2.0,,,,,,3.0,212.16,212.16,212.16,1785311417222,1785311417222,2026-07-29,2026-07-29T21:50:38.683290+00:00,2026-07-29T21:50:38.683290+00:00
sleeper_rotowire,13275,17463,Ty Simpson,QB,QB,LAR,2026,regular,rotowire,18.0,32.0,20.0,218.0,1.0,1.0,,62.5,5.0,19.0,,,,,,,,13.62,13.62,13.62,1785311412190,1785311412190,2026-07-29,2026-07-29T21:50:38.683290+00:00,2026-07-29T21:50:38.683290+00:00
sleeper_rotowire,13289,17468,Drew Allar,QB,QB,PIT,2026,regular,rotowire,18.0,62.0,39.0,398.0,2.0,2.0,,62.9,5.0,21.0,,,,,,,1.0,22.02,22.02,22.02,1785311413440,1785311413440,2026-07-29,2026-07-29T21:50:38.683290+00:00,2026-07-29T21:50:38.683290+00:00
sleeper_rotowire,13295,17702,Behren Morton,QB,QB,NE,2026,regular,rotowire,18.0,,,,,,,,,,,,,,,,,,,,1785311413442,1785311413442,2026-07-29,2026-07-29T21:50:38.683290+00:00,2026-07-29T21:50:38.683290+00:00
sleeper_rotowire,13303,17467,Cade Klubnik,QB,QB,NYJ,2026,regular,rotowire,18.0,61.0,38.0,400.0,2.0,2.0,,62.3,5.0,20.0,,,,,,,,24.0,24.0,24.0,1785311417230,1785311417230,2026-07-29,2026-07-29T21:50:38.683290+00:00,2026-07-29T21:50:38.683290+00:00
sleeper_rotowire,13306,17657,Taylen Green,QB,QB,CLE,2026,regular,rotowire,18.0,53.0,32.0,335.0,2.0,2.0,,60.38,15.0,69.0,1.0,,,,,,1.0,30.3,30.3,30.3,1785311413443,1785311413443,2026-07-29,2026-07-29T21:50:38.683290+00:00,2026-07-29T21:50:38.683290+00:00
sleeper_rotowire,13314,17470,Luke Altmyer,QB,QB,DET,2026,regular,rotowire,18.0,,,,,,,,,,,,,,,,,,,,1785311410875,1785311410875,2026-07-29,2026-07-29T21:50:38.683290+00:00,2026-07-29T21:50:38.683290+00:00
sleeper_rotowire,13335,17654,Cole Payton,QB,QB,PHI,2026,regular,rotowire,18.0,,,,,,,,,,,,,,,,,,,,1785311419767,1785311419767,2026-07-29,2026-07-29T21:50:38.683290+00:00,2026-07-29T21:50:38.683290+00:00
sleeper_rotowire,1338,11151,Matt Barkley,QB,QB,,2026,regular,rotowire,18.0,,,,,,,,,,,,,,,,,,,,1785311412204,1785311412204,2026-07-29,2026-07-29T21:50:38.683290+00:00,2026-07-29T21:50:38.683290+00:00
sleeper_rotowire,13404,17465,Garrett Nussmeier,QB,QB,KC,2026,regular,rotowire,18.0,,,,,,,,,,,,,,,,,,,,1785311410888,1785311410888,2026-07-29,2026-07-29T21:50:38.683290+00:00,2026-07-29T21:50:38.683290+00:00
sleeper_rotowire,13415,17713,Haynes King,QB,QB,CAR,2026,regular,rotowire,18.0,,,,,,,,,,,,,,,,,,,,1785311414735,1785311414735,2026-07-29,2026-07-29T21:50:38.683290+00:00,2026-07-29T21:50:38.683290+00:00
sleeper_rotowire,13425,17469,Jalon Daniels,QB,QB,TB,2026,regular,rotowire,18.0,,,,,,,,,,,,,,,,,,,,1785311417252,1785311417252,2026-07-29,2026-07-29T21:50:38.683290+00:00,2026-07-29T21:50:38.683290+00:00
sleeper_rotowire,13427,17471,Diego Pavia,QB,QB,,2026,regular,rotowire,18.0,29.0,18.0,183.0,1.0,1.0,,62.07,4.0,22.0,,,,,,,,12.52,12.52,12.52,1785311413475,1785311413475,2026-07-29,2026-07-29T21:50:38.683290+00:00,2026-07-29T21:50:38.683290+00:00
sleeper_rotowire,13557,17679,Athan Kaliakmanis,QB,QB,WAS,2026,regular,rotowire,18.0,,,,,,,,,,,,,,,,,,,,1785311409694,1785311409694,2026-07-29,2026-07-29T21:50:38.683290+00:00,2026-07-29T21:50:38.683290+00:00
sleeper_rotowire,1373,11150,Geno Smith,QB,QB,NYJ,2026,regular,rotowire,18.0,489.0,325.0,3372.0,22.0,14.0,,66.46,45.0,156.0,1.0,,,,,,4.0,222.48,222.48,222.48,1785311410935,1785311410935,2026-07-29,2026-07-29T21:50:38.683290+00:00,2026-07-29T21:50:38.683290+00:00
sleeper_rotowire,138,7401,Ben Roethlisberger,QB,QB,PIT,2026,regular,rotowire,18.0,,,,,,,,,,,,,,,,,,,,1785311418571,1785311418571,2026-07-29,2026-07-29T21:50:38.683290+00:00,2026-07-29T21:50:38.683290+00:00
sleeper_rotowire,1550,11441,Ryan Griffin,QB,QB,,2026,regular,rotowire,18.0,,,,,,,,,,,,,,,,,,,,1785311417349,1785311417349,2026-07-29,2026-07-29T21:50:38.683290+00:00,2026-07-29T21:50:38.683290+00:00
sleeper_rotowire,1559,11152,Mike Glennon,QB,QB,,2026,regular,rotowire,18.0,,,,,,,,,,,,,,,,,,,,1785311412313,1785311412313,2026-07-29,2026-07-29T21:50:38.683290+00:00,2026-07-29T21:50:38.683290+00:00
sleeper_rotowire,1612,11170,Tyler Bray,QB,QB,,2026,regular,rotowire,18.0,,,,,,,,,,,,,,,,,,,,1785311418619,1785311418619,2026-07-29,2026-07-29T21:50:38.683290+00:00,2026-07-29T21:50:38.683290+00:00
sleeper_rotowire,167,5848,Tom Brady,QB,QB,,2026,regular,rotowire,18.0,,,,,,,,,,,,,,,,,,,,1785311419892,1785311419892,2026-07-29,2026-07-29T21:50:38.683290+00:00,2026-07-29T21:50:38.683290+00:00
sleeper_rotowire,1737,10948,Case Keenum,QB,QB,CHI,2026,regular,rotowire,18.0,,,,,,,,,,,,,,,,,,,,1785311411004,1785311411004,2026-07-29,2026-07-29T21:50:38.683290+00:00,2026-07-29T21:50:38.683290+00:00
sleeper_rotowire,178,7480,Matt Schaub,QB,QB,,2026,regular,rotowire,18.0,,,,,,,,,,,,,,,,,,,,1785311417364,1785311417364,2026-07-29,2026-07-29T21:50:38.683290+00:00,2026-07-29T21:50:38.683290+00:00
sleeper_rotowire,181,8712,Drew Stanton,QB,QB,,2026,regular,rotowire,18.0,,,,,,,,,,,,,,,,,,,,1785311411006,1785311411006,2026-07-29,2026-07-29T21:50:38.683290+00:00,2026-07-29T21:50:38.683290+00:00
sleeper_rotowire,1837,11760,Jimmy Garoppolo,QB,QB,,2026,regular,rotowire,18.0,33.0,21.0,218.0,1.0,1.0,,63.64,2.0,6.0,,,,,,,,12.32,12.32,12.32,1785311418630,1785311418630,2026-07-29,2026-07-29T21:50:38.683290+00:00,2026-07-29T21:50:38.683290+00:00
sleeper_rotowire,1895,11643,AJ McCarron,QB,QB,,2026,regular,rotowire,18.0,,,,,,,,,,,,,,,,,,,,1785311418635,1785311418635,2026-07-29,2026-07-29T21:50:38.683290+00:00,2026-07-29T21:50:38.683290+00:00
sleeper_rotowire,19,9064,Joe Flacco,QB,QB,CIN,2026,regular,rotowire,18.0,69.0,44.0,448.0,3.0,2.0,,63.77,4.0,8.0,,,,,,,,28.72,28.72,28.72,1785311414853,1785311414853,2026-07-29,2026-07-29T21:50:38.683290+00:00,2026-07-29T21:50:38.683290+00:00
sleeper_rotowire,1979,11642,Blake Bortles,QB,QB,NO,2026,regular,rotowire,18.0,,,,,,,,,,,,,,,,,,,,1785311409786,1785311409786,2026-07-29,2026-07-29T21:50:38.683290+00:00,2026-07-29T21:50:38.683290+00:00
sleeper_rotowire,2028,11644,Derek Carr,QB,QB,,2026,regular,rotowire,18.0,66.0,43.0,447.0,3.0,2.0,,65.15,4.0,13.0,,,,,,,1.0,27.18,27.18,27.18,1785311416110,1785311416110,2026-07-29,2026-07-29T21:50:38.683290+00:00,2026-07-29T21:50:38.683290+00:00
sleeper_rotowire,208,6589,Josh McCown,QB,QB,,2026,regular,rotowire,18.0,,,,,,,,,,,,,,,,,,,,1785311421232,1785311421232,2026-07-29,2026-07-29T21:50:38.683290+00:00,2026-07-29T21:50:38.683290+00:00
sleeper_rotowire,2106,11835,David Fales,QB,QB,,2026,regular,rotowire,18.0,,,,,,,,,,,,,,,,,,,,1785311416119,1785311416119,2026-07-29,2026-07-29T21:50:38.683290+00:00,2026-07-29T21:50:38.683290+00:00
sleeper_rotowire,2119,11913,James Franklin,QB,QB,,2026,regular,rotowire,18.0,,,,,,,,,,,,,,,,,,,,1785311417399,1785311417399,2026-07-29,2026-07-29T21:50:38.683290+00:00,2026-07-29T21:50:38.683290+00:00
sleeper_rotowire,2152,11640,Teddy Bridgewater,QB,QB,DET,2026,regular,rotowire,18.0,32.0,20.0,202.0,1.0,1.0,,62.5,2.0,5.0,,,,,,,,11.58,11.58,11.58,1785311414877,1785311414877,2026-07-29,2026-07-29T21:50:38.683290+00:00,2026-07-29T21:50:38.683290+00:00
sleeper_rotowire,2229,11854,Garrett Gilbert,QB,QB,,2026,regular,rotowire,18.0,,,,,,,,,,,,,,,,,,,,1785311413604,1785311413604,2026-07-29,2026-07-29T21:50:38.683290+00:00,2026-07-29T21:50:38.683290+00:00
sleeper_rotowire,2306,12140,Jameis Winston,QB,QB,NYG,2026,regular,rotowire,18.0,32.0,20.0,214.0,1.0,1.0,,62.5,3.0,13.0,,,,,,,,12.86,12.86,12.86,1785311411030,1785311411030,2026-07-29,2026-07-29T21:50:38.683290+00:00,2026-07-29T21:50:38.683290+00:00
sleeper_rotowire,2307,12141,Marcus Mariota,QB,QB,WAS,2026,regular,rotowire,18.0,29.0,19.0,188.0,1.0,1.0,,65.52,4.0,26.0,,,,,,,,13.12,13.12,13.12,1785311414886,1785311414886,2026-07-29,2026-07-29T21:50:38.683290+00:00,2026-07-29T21:50:38.683290+00:00
sleeper_rotowire,233,8944,Matt Moore,QB,QB,,2026,regular,rotowire,18.0,,,,,,,,,,,,,,,,,,,,1785311413611,1785311413611,2026-07-29,2026-07-29T21:50:38.683290+00:00,2026-07-29T21:50:38.683290+00:00
sleeper_rotowire,2394,12145,Sean Mannion,QB,QB,,2026,regular,rotowire,18.0,,,,,,,,,,,,,,,,,,,,1785311419932,1785311419932,2026-07-29,2026-07-29T21:50:38.683290+00:00,2026-07-29T21:50:38.683290+00:00
sleeper_rotowire,24,9099,Matt Ryan,QB,QB,,2026,regular,rotowire,18.0,,,,,,,,,,,,,,,,,,,,1785311411043,1785311411043,2026-07-29,2026-07-29T21:50:38.683290+00:00,2026-07-29T21:50:38.683290+00:00
sleeper_rotowire,2450,12142,Brett Hundley,QB,QB,,2026,regular,rotowire,18.0,,,,,,,,,,,,,,,,,,,,1785311417424,1785311417424,2026-07-29,2026-07-29T21:50:38.683290+00:00,2026-07-29T21:50:38.683290+00:00
sleeper_rotowire,2549,12381,Trevor Siemian,QB,QB,ATL,2026,regular,rotowire,18.0,,,,,,,,,,,,,,,,,,,,1785311419943,1785311419943,2026-07-29,2026-07-29T21:50:38.683290+00:00,2026-07-29T21:50:38.683290+00:00
sleeper_rotowire,2576,12148,Cody Fajardo,QB,QB,,2026,regular,rotowire,18.0,,,,,,,,,,,,,,,,,,,,1785311417428,1785311417428,2026-07-29,2026-07-29T21:50:38.683290+00:00,2026-07-29T21:50:38.683290+00:00
sleeper_rotowire,260,9207,Josh Johnson,QB,QB,CIN,2026,regular,rotowire,18.0,28.0,17.0,176.0,1.0,1.0,,60.71,2.0,13.0,,,,,,,,11.34,11.34,11.34,1785311412366,1785311412366,2026-07-29,2026-07-29T21:50:38.683290+00:00,2026-07-29T21:50:38.683290+00:00
sleeper_rotowire,268,7813,Alex Smith,QB,QB,,2026,regular,rotowire,18.0,,,,,,,,,,,,,,,,,,,,1785311419961,1785311419961,2026-07-29,2026-07-29T21:50:38.683290+00:00,2026-07-29T21:50:38.683290+00:00
sleeper_rotowire,2711,12476,Taylor Heinicke,QB,QB,,2026,regular,rotowire,18.0,,,,,,,,,,,,,,,,,,,,1785311409833,1785311409833,2026-07-29,2026-07-29T21:50:38.683290+00:00,2026-07-29T21:50:38.683290+00:00
sleeper_rotowire,289,4925,Drew Brees,QB,QB,,2026,regular,rotowire,18.0,,,,,,,,,,,,,,,,,,,,1785311414928,1785311414928,2026-07-29,2026-07-29T21:50:38.683290+00:00,2026-07-29T21:50:38.683290+00:00
sleeper_rotowire,2903,12149,Shane Carden,QB,QB,,2026,regular,rotowire,18.0,,,,,,,,,,,,,,,,,,,,1785311418695,1785311418695,2026-07-29,2026-07-29T21:50:38.683290+00:00,2026-07-29T21:50:38.683290+00:00
sleeper_rotowire,3161,12610,Carson Wentz,QB,QB,MIN,2026,regular,rotowire,18.0,32.0,20.0,221.0,1.0,1.0,,62.5,2.0,6.0,,,,,,,,12.44,12.44,12.44,1785311418713,1785311418713,2026-07-29,2026-07-29T21:50:38.683290+00:00,2026-07-29T21:50:38.683290+00:00
sleeper_rotowire,3163,12611,Jared Goff,QB,QB,DET,2026,regular,rotowire,18.0,533.0,362.0,4104.0,30.0,10.0,2.0,67.92,29.0,53.0,1.0,,,,,,3.0,283.46,283.46,283.46,1785311413662,1785311413662,2026-07-29,2026-07-29T21:50:38.683290+00:00,2026-07-29T21:50:38.683290+00:00
sleeper_rotowire,3170,12612,Paxton Lynch,QB,QB,,2026,regular,rotowire,18.0,,,,,,,,,,,,,,,,,,,,1785311421295,1785311421295,2026-07-29,2026-07-29T21:50:38.683290+00:00,2026-07-29T21:50:38.683290+00:00
sleeper_rotowire,3205,12617,Cody Kessler,QB,QB,,2026,regular,rotowire,18.0,,,,,,,,,,,,,,,,,,,,1785311411094,1785311411094,2026-07-29,2026-07-29T21:50:38.683290+00:00,2026-07-29T21:50:38.683290+00:00
sleeper_rotowire,3257,12616,Jacoby Brissett,QB,QB,ARI,2026,regular,rotowire,18.0,355.0,225.0,2400.0,15.0,7.0,,63.38,35.0,110.0,1.0,,,,,,3.0,160.0,160.0,160.0,1785311418718,1785311418718,2026-07-29,2026-07-29T21:50:38.683290+00:00,2026-07-29T21:50:38.683290+00:00
sleeper_rotowire,3294,12620,Dak Prescott,QB,QB,DAL,2026,regular,rotowire,18.0,580.0,389.0,4292.0,31.0,13.0,2.0,67.07,44.0,152.0,1.0,,,,,,2.0,303.88,303.88,303.88,1785311409875,1785311409875,2026-07-29,2026-07-29T21:50:38.683290+00:00,2026-07-29T21:50:38.683290+00:00
sleeper_rotowire,331,7394,Philip Rivers,QB,QB,,2026,regular,rotowire,18.0,,,,,,,,,,,,,,,,,,,,1785311413679,1785311413679,2026-07-29,2026-07-29T21:50:38.683290+00:00,2026-07-29T21:50:38.683290+00:00
sleeper_rotowire,3318,12618,Kevin Hogan,QB,QB,,2026,regular,rotowire,18.0,,,,,,,,,,,,,,,,,,,,1785311417477,1785311417477,2026-07-29,2026-07-29T21:50:38.683290+00:00,2026-07-29T21:50:38.683290+00:00
sleeper_rotowire,333,8062,Ryan Fitzpatrick,QB,QB,,2026,regular,rotowire,18.0,,,,,,,,,,,,,,,,,,,,1785311421313,1785311421313,2026-07-29,2026-07-29T21:50:38.683290+00:00,2026-07-29T21:50:38.683290+00:00
sleeper_rotowire,3343,12815,Nate Sudfeld,QB,QB,,2026,regular,rotowire,18.0,,,,,,,,,,,,,,,,,,,,1785311418726,1785311418726,2026-07-29,2026-07-29T21:50:38.683290+00:00,2026-07-29T21:50:38.683290+00:00
sleeper_rotowire,3347,12819,Jake Rudock,QB,QB,,2026,regular,rotowire,18.0,,,,,,,,,,,,,,,,,,,,1785311421316,1785311421316,2026-07-29,2026-07-29T21:50:38.683290+00:00,2026-07-29T21:50:38.683290+00:00
sleeper_rotowire,3357,12621,Brandon Allen,QB,QB,NYG,2026,regular,rotowire,18.0,,,,,,,,,,,,,,,,,,,,1785311416244,1785311416244,2026-07-29,2026-07-29T21:50:38.683290+00:00,2026-07-29T21:50:38.683290+00:00
sleeper_rotowire,3362,12623,Jeff Driskel,QB,QB,,2026,regular,rotowire,18.0,,,,,,,,,,,,,,,,,,,,1785311418728,1785311418728,2026-07-29,2026-07-29T21:50:38.683290+00:00,2026-07-29T21:50:38.683290+00:00
sleeper_rotowire,3410,12619,Jake Coker,QB,QB,,2026,regular,rotowire,18.0,,,,,,,,,,,,,,,,,,,,1785311414958,1785311414958,2026-07-29,2026-07-29T21:50:38.683290+00:00,2026-07-29T21:50:38.683290+00:00
sleeper_rotowire,3440,13422,Josh Woodrum,QB,QB,,2026,regular,rotowire,18.0,,,,,,,,,,,,,,,,,,,,1785311416254,1785311416254,2026-07-29,2026-07-29T21:50:38.683290+00:00,2026-07-29T21:50:38.683290+00:00
sleeper_rotowire,345,9714,Brian Hoyer,QB,QB,,2026,regular,rotowire,18.0,,,,,,,,,,,,,,,,,,,,1785311411115,1785311411115,2026-07-29,2026-07-29T21:50:38.683290+00:00,2026-07-29T21:50:38.683290+00:00
sleeper_rotowire,3456,12943,Joel Stave,QB,QB,,2026,regular,rotowire,18.0,,,,,,,,,,,,,,,,,,,,1785311411117,1785311411117,2026-07-29,2026-07-29T21:50:38.683290+00:00,2026-07-29T21:50:38.683290+00:00
sleeper_rotowire,3495,12875,Mike Bercovici,QB,QB,,2026,regular,rotowire,18.0,,,,,,,,,,,,,,,,,,,,1785311412439,1785311412439,2026-07-29,2026-07-29T21:50:38.683290+00:00,2026-07-29T21:50:38.683290+00:00
sleeper_rotowire,3957,12143,Blake Sims,QB,QB,,2026,regular,rotowire,18.0,,,,,,,,,,,,,,,,,,,,1785311412471,1785311412471,2026-07-29,2026-07-29T21:50:38.683290+00:00,2026-07-29T21:50:38.683290+00:00
sleeper_rotowire,3976,13115,Mitchell Trubisky,QB,QB,TEN,2026,regular,rotowire,18.0,29.0,18.0,186.0,1.0,1.0,,62.07,4.0,15.0,,,,,,,,11.94,11.94,11.94,1785311417521,1785311417521,2026-07-29,2026-07-29T21:50:38.683290+00:00,2026-07-29T21:50:38.683290+00:00
sleeper_rotowire,4017,13113,Deshaun Watson,QB,QB,CLE,2026,regular,rotowire,18.0,215.0,137.0,1374.0,8.0,6.0,,63.72,30.0,131.0,2.0,,,,,,2.0,102.06,102.06,102.06,1785311417523,1785311417523,2026-07-29,2026-07-29T21:50:38.683290+00:00,2026-07-29T21:50:38.683290+00:00
sleeper_rotowire,4026,13114,DeShone Kizer,QB,QB,,2026,regular,rotowire,18.0,,,,,,,,,,,,,,,,,,,,1785311409942,1785311409942,2026-07-29,2026-07-29T21:50:38.683290+00:00,2026-07-29T21:50:38.683290+00:00
sleeper_rotowire,4046,13116,Patrick Mahomes,QB,QB,KC,2026,regular,rotowire,18.0,555.0,370.0,3962.0,29.0,12.0,1.0,66.67,47.0,202.0,1.0,,,,,,2.0,286.68,286.68,286.68,1785311421357,1785311421357,2026-07-29,2026-07-29T21:50:38.683290+00:00,2026-07-29T21:50:38.683290+00:00
sleeper_rotowire,4051,13121,Chad Kelly,QB,QB,,2026,regular,rotowire,18.0,,,,,,,,,,,,,,,,,,,,1785311411151,1785311411151,2026-07-29,2026-07-29T21:50:38.683290+00:00,2026-07-29T21:50:38.683290+00:00
sleeper_rotowire,4061,13120,Davis Webb,QB,QB,,2026,regular,rotowire,18.0,,,,,,,,,,,,,,,,,,,,1785311409945,1785311409945,2026-07-29,2026-07-29T21:50:38.683290+00:00,2026-07-29T21:50:38.683290+00:00
sleeper_rotowire,4127,13125,C.J. Beathard,QB,QB,,2026,regular,rotowire,18.0,,,,,,,,,,,,,,,,,,,,1785311418797,1785311418797,2026-07-29,2026-07-29T21:50:38.683290+00:00,2026-07-29T21:50:38.683290+00:00
sleeper_rotowire,4179,13119,Joshua Dobbs,QB,QB,,2026,regular,rotowire,18.0,31.0,19.0,195.0,1.0,1.0,,61.29,4.0,16.0,,,,,,,,12.4,12.4,12.4,1785311409958,1785311409958,2026-07-29,2026-07-29T21:50:38.683290+00:00,2026-07-29T21:50:38.683290+00:00
sleeper_rotowire,4183,13127,Nathan Peterman,QB,QB,,2026,regular,rotowire,18.0,,,,,,,,,,,,,,,,,,,,1785311418808,1785311418808,2026-07-29,2026-07-29T21:50:38.683290+00:00,2026-07-29T21:50:38.683290+00:00
sleeper_rotowire,421,9431,Matthew Stafford,QB,QB,LAR,2026,regular,rotowire,18.0,528.0,343.0,4033.0,32.0,11.0,2.0,64.96,27.0,19.0,,,,,,,2.0,280.22,280.22,280.22,1785311417550,1785311417550,2026-07-29,2026-07-29T21:50:38.683290+00:00,2026-07-29T21:50:38.683290+00:00
sleeper_rotowire,4335,13416,P.J. Walker,QB,QB,,2026,regular,rotowire,18.0,,,,,,,,,,,,,,,,,,,,1785311415039,1785311415039,2026-07-29,2026-07-29T21:50:38.683290+00:00,2026-07-29T21:50:38.683290+00:00
sleeper_rotowire,4464,13968,Nick Mullens,QB,QB,JAX,2026,regular,rotowire,18.0,33.0,20.0,211.0,1.0,1.0,,60.61,2.0,6.0,,,,,,,,12.04,12.04,12.04,1785311421403,1785311421403,2026-07-29,2026-07-29T21:50:38.683290+00:00,2026-07-29T21:50:38.683290+00:00
sleeper_rotowire,4475,13405,Sefo Liufau,QB,QB,,2026,regular,rotowire,18.0,,,,,,,,,,,,,,,,,,,,1785311411196,1785311411196,2026-07-29,2026-07-29T21:50:38.683290+00:00,2026-07-29T21:50:38.683290+00:00
sleeper_rotowire,4528,13401,Trevor Knight,QB,QB,,2026,regular,rotowire,18.0,,,,,,,,,,,,,,,,,,,,1785311416343,1785311416343,2026-07-29,2026-07-29T21:50:38.683290+00:00,2026-07-29T21:50:38.683290+00:00
sleeper_rotowire,4574,13124,Cooper Rush,QB,QB,ATL,2026,regular,rotowire,18.0,,,,,,,,,,,,,,,,,,,,1785311420134,1785311420134,2026-07-29,2026-07-29T21:50:38.683290+00:00,2026-07-29T21:50:38.683290+00:00
sleeper_rotowire,4588,13389,Kyle Sloter,QB,QB,,2026,regular,rotowire,18.0,,,,,,,,,,,,,,,,,,,,1785311411214,1785311411214,2026-07-29,2026-07-29T21:50:38.683290+00:00,2026-07-29T21:50:38.683290+00:00
sleeper_rotowire,4839,13123,Mitch Leidner,QB,QB,,2026,regular,rotowire,18.0,,,,,,,,,,,,,,,,,,,,1785311410033,1785311410033,2026-07-29,2026-07-29T21:50:38.683290+00:00,2026-07-29T21:50:38.683290+00:00
sleeper_rotowire,4853,13118,Jerod Evans,QB,QB,,2026,regular,rotowire,18.0,,,,,,,,,,,,,,,,,,,,1785311413827,1785311413827,2026-07-29,2026-07-29T21:50:38.683290+00:00,2026-07-29T21:50:38.683290+00:00
sleeper_rotowire,4863,13591,Josh Rosen,QB,QB,,2026,regular,rotowire,18.0,,,,,,,,,,,,,,,,,,,,1785311413829,1785311413829,2026-07-29,2026-07-29T21:50:38.683290+00:00,2026-07-29T21:50:38.683290+00:00
sleeper_rotowire,4881,13593,Lamar Jackson,QB,QB,BAL,2026,regular,rotowire,18.0,415.0,270.0,3380.0,27.0,8.0,1.0,65.06,119.0,668.0,5.0,,,,,,4.0,326.0,326.0,326.0,1785311416398,1785311416398,2026-07-29,2026-07-29T21:50:38.683290+00:00,2026-07-29T21:50:38.683290+00:00
sleeper_rotowire,4892,13590,Baker Mayfield,QB,QB,TB,2026,regular,rotowire,18.0,526.0,343.0,3682.0,26.0,13.0,1.0,65.21,63.0,306.0,2.0,,,,,,4.0,274.88,274.88,274.88,1785311411248,1785311411248,2026-07-29,2026-07-29T21:50:38.683290+00:00,2026-07-29T21:50:38.683290+00:00
sleeper_rotowire,490,9706,Chase Daniel,QB,QB,,2026,regular,rotowire,18.0,,,,,,,,,,,,,,,,,,,,1785311412575,1785311412575,2026-07-29,2026-07-29T21:50:38.683290+00:00,2026-07-29T21:50:38.683290+00:00
sleeper_rotowire,4943,13592,Sam Darnold,QB,QB,SEA,2026,regular,rotowire,18.0,478.0,317.0,3676.0,26.0,12.0,1.0,66.32,44.0,157.0,2.0,,,,,,3.0,262.74,262.74,262.74,1785311420180,1785311420180,2026-07-29,2026-07-29T21:50:38.683290+00:00,2026-07-29T21:50:38.683290+00:00
sleeper_rotowire,4972,13595,Mason Rudolph,QB,QB,PIT,2026,regular,rotowire,18.0,32.0,20.0,202.0,1.0,1.0,,62.5,2.0,6.0,,,,,,,,11.68,11.68,11.68,1785311410044,1785311410044,2026-07-29,2026-07-29T21:50:38.683290+00:00,2026-07-29T21:50:38.683290+00:00
sleeper_rotowire,4984,13589,Josh Allen,QB,QB,BUF,2026,regular,rotowire,18.0,474.0,313.0,3650.0,27.0,10.0,1.0,66.03,110.0,535.0,11.0,1.0,,,,,3.0,361.5,361.5,361.5,1785311421446,1785311421446,2026-07-29,2026-07-29T21:50:38.683290+00:00,2026-07-29T21:50:38.683290+00:00
sleeper_rotowire,4996,13601,Kyle Lauletta,QB,QB,,2026,regular,rotowire,18.0,,,,,,,,,,,,,,,,,,,,1785311415096,1785311415096,2026-07-29,2026-07-29T21:50:38.683290+00:00,2026-07-29T21:50:38.683290+00:00
sleeper_rotowire,5089,13598,Mike White,QB,QB,,2026,regular,rotowire,18.0,,,,,,,,,,,,,,,,,,,,1785311412601,1785311412601,2026-07-29,2026-07-29T21:50:38.683290+00:00,2026-07-29T21:50:38.683290+00:00
sleeper_rotowire,5108,13594,Luke Falk,QB,QB,,2026,regular,rotowire,18.0,,,,,,,,,,,,,,,,,,,,1785311413848,1785311413848,2026-07-29,2026-07-29T21:50:38.683290+00:00,2026-07-29T21:50:38.683290+00:00
sleeper_rotowire,5120,13824,Danny Etling,QB,QB,,2026,regular,rotowire,18.0,,,,,,,,,,,,,,,,,,,,1785311411286,1785311411286,2026-07-29,2026-07-29T21:50:38.683290+00:00,2026-07-29T21:50:38.683290+00:00
sleeper_rotowire,5124,13825,Alex McGough,QB,QB,,2026,regular,rotowire,18.0,,,,,,,,,,,,,,,,,,,,1785311410065,1785311410065,2026-07-29,2026-07-29T21:50:38.683290+00:00,2026-07-29T21:50:38.683290+00:00
sleeper_rotowire,5127,13879,Kyle Allen,QB,QB,BUF,2026,regular,rotowire,18.0,31.0,19.0,195.0,1.0,1.0,,61.29,2.0,12.0,,,,,,,,12.0,12.0,12.0,1785311417651,1785311417651,2026-07-29,2026-07-29T21:50:38.683290+00:00,2026-07-29T21:50:38.683290+00:00
sleeper_rotowire,5128,13846,Logan Woodside,QB,QB,,2026,regular,rotowire,18.0,,,,,,,,,,,,,,,,,,,,1785311410066,1785311410066,2026-07-29,2026-07-29T21:50:38.683290+00:00,2026-07-29T21:50:38.683290+00:00
sleeper_rotowire,5142,13600,Kurt Benkert,QB,QB,,2026,regular,rotowire,18.0,,,,,,,,,,,,,,,,,,,,1785311413854,1785311413854,2026-07-29,2026-07-29T21:50:38.683290+00:00,2026-07-29T21:50:38.683290+00:00
sleeper_rotowire,5228,13596,J.T. Barrett,QB,QB,,2026,regular,rotowire,18.0,,,,,,,,,,,,,,,,,,,,1785311412621,1785311412621,2026-07-29,2026-07-29T21:50:38.683290+00:00,2026-07-29T21:50:38.683290+00:00
sleeper_rotowire,5257,13873,Tim Boyle,QB,QB,,2026,regular,rotowire,18.0,,,,,,,,,,,,,,,,,,,,1785311416442,1785311416442,2026-07-29,2026-07-29T21:50:38.683290+00:00,2026-07-29T21:50:38.683290+00:00
sleeper_rotowire,5263,13892,Chase Litton,QB,QB,,2026,regular,rotowire,18.0,,,,,,,,,,,,,,,,,,,,1785311421489,1785311421489,2026-07-29,2026-07-29T21:50:38.683290+00:00,2026-07-29T21:50:38.683290+00:00
sleeper_rotowire,533,9899,Colt McCoy,QB,QB,,2026,regular,rotowire,18.0,,,,,,,,,,,,,,,,,,,,1785311412631,1785311412631,2026-07-29,2026-07-29T21:50:38.683290+00:00,2026-07-29T21:50:38.683290+00:00
sleeper_rotowire,5709,14196,Luis Perez,QB,QB,,2026,regular,rotowire,18.0,,,,,,,,,,,,,,,,,,,,1785311413920,1785311413920,2026-07-29,2026-07-29T21:50:38.683290+00:00,2026-07-29T21:50:38.683290+00:00
sleeper_rotowire,5745,13602,Nick Stevens,QB,QB,,2026,regular,rotowire,18.0,,,,,,,,,,,,,,,,,,,,1785311415188,1785311415188,2026-07-29,2026-07-29T21:50:38.683290+00:00,2026-07-29T21:50:38.683290+00:00
sleeper_rotowire,5806,15035,John Wolford,QB,QB,,2026,regular,rotowire,18.0,,,,,,,,,,,,,,,,,,,,1785311418996,1785311418996,2026-07-29,2026-07-29T21:50:38.683290+00:00,2026-07-29T21:50:38.683290+00:00
sleeper_rotowire,5849,14056,Kyler Murray,QB,QB,MIN,2026,regular,rotowire,18.0,465.0,311.0,3285.0,20.0,9.0,1.0,66.88,83.0,488.0,3.0,,,,,,3.0,265.2,265.2,265.2,1785311420295,1785311420295,2026-07-29,2026-07-29T21:50:38.683290+00:00,2026-07-29T21:50:38.683290+00:00
sleeper_rotowire,5854,14057,Drew Lock,QB,QB,SEA,2026,regular,rotowire,18.0,,,,,,,,,,,,,,,,,,,,1785311412712,1785311412712,2026-07-29,2026-07-29T21:50:38.683290+00:00,2026-07-29T21:50:38.683290+00:00
sleeper_rotowire,5870,14059,Daniel Jones,QB,QB,IND,2026,regular,rotowire,18.0,469.0,312.0,3286.0,19.0,11.0,1.0,66.52,47.0,191.0,2.0,,,,,,3.0,223.54,223.54,223.54,1785311415201,1785311415201,2026-07-29,2026-07-29T21:50:38.683290+00:00,2026-07-29T21:50:38.683290+00:00
sleeper_rotowire,5885,14068,Ryan Finley,QB,QB,,2026,regular,rotowire,18.0,,,,,,,,,,,,,,,,,,,,1785311413939,1785311413939,2026-07-29,2026-07-29T21:50:38.683290+00:00,2026-07-29T21:50:38.683290+00:00
sleeper_rotowire,5903,14062,Will Grier,QB,QB,,2026,regular,rotowire,18.0,,,,,,,,,,,,,,,,,,,,1785311412719,1785311412719,2026-07-29,2026-07-29T21:50:38.683290+00:00,2026-07-29T21:50:38.683290+00:00
sleeper_rotowire,5974,14061,Trace McSorley,QB,QB,,2026,regular,rotowire,18.0,,,,,,,,,,,,,,,,,,,,1785311421586,1785311421586,2026-07-29,2026-07-29T21:50:38.683290+00:00,2026-07-29T21:50:38.683290+00:00
sleeper_rotowire,6011,14067,Gardner Minshew,QB,QB,ARI,2026,regular,rotowire,18.0,60.0,38.0,394.0,3.0,2.0,,63.33,6.0,22.0,,,,,,,,27.96,27.96,27.96,1785311417765,1785311417765,2026-07-29,2026-07-29T21:50:38.683290+00:00,2026-07-29T21:50:38.683290+00:00
sleeper_rotowire,6037,14065,Brett Rypien,QB,QB,,2026,regular,rotowire,18.0,,,,,,,,,,,,,,,,,,,,1785311421596,1785311421596,2026-07-29,2026-07-29T21:50:38.683290+00:00,2026-07-29T21:50:38.683290+00:00
sleeper_rotowire,606,9992,Joe Webb,QB,QB,,2026,regular,rotowire,18.0,,,,,,,,,,,,,,,,,,,,1785311417775,1785311417775,2026-07-29,2026-07-29T21:50:38.683290+00:00,2026-07-29T21:50:38.683290+00:00
sleeper_rotowire,6111,14358,Jake Browning,QB,QB,TB,2026,regular,rotowire,18.0,,,,,,,,,,,,,,,,,,,,1785311420342,1785311420342,2026-07-29,2026-07-29T21:50:38.683290+00:00,2026-07-29T21:50:38.683290+00:00
sleeper_rotowire,6136,14063,Jarrett Stidham,QB,QB,DEN,2026,regular,rotowire,18.0,31.0,19.0,198.0,1.0,1.0,,61.29,2.0,13.0,,,,,,,,12.22,12.22,12.22,1785311420347,1785311420347,2026-07-29,2026-07-29T21:50:38.683290+00:00,2026-07-29T21:50:38.683290+00:00
sleeper_rotowire,6147,14064,Clayton Thorson,QB,QB,NYG,2026,regular,rotowire,18.0,,,,,,,,,,,,,,,,,,,,1785311416532,1785311416532,2026-07-29,2026-07-29T21:50:38.683290+00:00,2026-07-29T21:50:38.683290+00:00
sleeper_rotowire,6185,14069,Easton Stick,QB,QB,IND,2026,regular,rotowire,18.0,,,,,,,,,,,,,,,,,,,,1785311419044,1785311419044,2026-07-29,2026-07-29T21:50:38.683290+00:00,2026-07-29T21:50:38.683290+00:00
sleeper_rotowire,6269,14066,Kyle Shurmur,QB,QB,,2026,regular,rotowire,18.0,,,,,,,,,,,,,,,,,,,,1785311420368,1785311420368,2026-07-29,2026-07-29T21:50:38.683290+00:00,2026-07-29T21:50:38.683290+00:00
sleeper_rotowire,6317,14344,Jacob Dolegala,QB,QB,,2026,regular,rotowire,18.0,,,,,,,,,,,,,,,,,,,,1785311420373,1785311420373,2026-07-29,2026-07-29T21:50:38.683290+00:00,2026-07-29T21:50:38.683290+00:00
sleeper_rotowire,6371,14510,Drew Anderson,QB,QB,,2026,regular,rotowire,18.0,,,,,,,,,,,,,,,,,,,,1785311420382,1785311420382,2026-07-29,2026-07-29T21:50:38.683290+00:00,2026-07-29T21:50:38.683290+00:00
sleeper_rotowire,6450,14070,David Blough,QB,QB,,2026,regular,rotowire,18.0,,,,,,,,,,,,,,,,,,,,1785311410229,1785311410229,2026-07-29,2026-07-29T21:50:38.683290+00:00,2026-07-29T21:50:38.683290+00:00
sleeper_rotowire,6595,14618,Devlin Hodges,QB,QB,,2026,regular,rotowire,18.0,,,,,,,,,,,,,,,,,,,,1785311419089,1785311419089,2026-07-29,2026-07-29T21:50:38.683290+00:00,2026-07-29T21:50:38.683290+00:00
sleeper_rotowire,6730,14622,Jordan Ta'amu,QB,QB,,2026,regular,rotowire,18.0,,,,,,,,,,,,,,,,,,,,1785311417869,1785311417869,2026-07-29,2026-07-29T21:50:38.683290+00:00,2026-07-29T21:50:38.683290+00:00
sleeper_rotowire,6768,14778,Tua Tagovailoa,QB,QB,ATL,2026,regular,rotowire,18.0,308.0,209.0,2141.0,14.0,8.0,4.0,67.86,20.0,43.0,,,,,,,4.0,137.94,137.94,137.94,1785311419106,1785311419106,2026-07-29,2026-07-29T21:50:38.683290+00:00,2026-07-29T21:50:38.683290+00:00
sleeper_rotowire,6770,14777,Joe Burrow,QB,QB,CIN,2026,regular,rotowire,18.0,549.0,377.0,4008.0,33.0,10.0,2.0,68.67,46.0,138.0,2.0,,,,,,3.0,306.12,306.12,306.12,1785311414048,1785311414048,2026-07-29,2026-07-29T21:50:38.683290+00:00,2026-07-29T21:50:38.683290+00:00
sleeper_rotowire,6778,15060,Chris Streveler,QB,QB,,2026,regular,rotowire,18.0,,,,,,,,,,,,,,,,,,,,1785311421692,1785311421692,2026-07-29,2026-07-29T21:50:38.683290+00:00,2026-07-29T21:50:38.683290+00:00
sleeper_rotowire,6797,14779,Justin Herbert,QB,QB,LAC,2026,regular,rotowire,18.0,533.0,355.0,3842.0,26.0,10.0,1.0,66.6,70.0,338.0,3.0,,,,,,3.0,295.48,295.48,295.48,1785311419112,1785311419112,2026-07-29,2026-07-29T21:50:38.683290+00:00,2026-07-29T21:50:38.683290+00:00
sleeper_rotowire,6804,14782,Jordan Love,QB,QB,GB,2026,regular,rotowire,18.0,501.0,328.0,3808.0,27.0,10.0,1.0,65.47,51.0,202.0,2.0,,,,,,3.0,278.52,278.52,278.52,1785311415344,1785311415344,2026-07-29,2026-07-29T21:50:38.683290+00:00,2026-07-29T21:50:38.683290+00:00
sleeper_rotowire,6822,14781,Jake Fromm,QB,QB,,2026,regular,rotowire,18.0,,,,,,,,,,,,,,,,,,,,1785311416617,1785311416617,2026-07-29,2026-07-29T21:50:38.683290+00:00,2026-07-29T21:50:38.683290+00:00
sleeper_rotowire,6823,14780,Jacob Eason,QB,QB,,2026,regular,rotowire,18.0,,,,,,,,,,,,,,,,,,,,1785311415353,1785311415353,2026-07-29,2026-07-29T21:50:38.683290+00:00,2026-07-29T21:50:38.683290+00:00
sleeper_rotowire,6892,14785,Nate Stanley,QB,QB,,2026,regular,rotowire,18.0,,,,,,,,,,,,,,,,,,,,1785311412831,1785311412831,2026-07-29,2026-07-29T21:50:38.683290+00:00,2026-07-29T21:50:38.683290+00:00
sleeper_rotowire,6898,14787,Anthony Gordon,QB,QB,,2026,regular,rotowire,18.0,,,,,,,,,,,,,,,,,,,,1785311410292,1785311410292,2026-07-29,2026-07-29T21:50:38.683290+00:00,2026-07-29T21:50:38.683290+00:00
sleeper_rotowire,6904,14783,Jalen Hurts,QB,QB,PHI,2026,regular,rotowire,18.0,462.0,300.0,3326.0,21.0,8.0,1.0,64.94,120.0,515.0,9.0,,,,,,3.0,310.54,310.54,310.54,1785311419127,1785311419127,2026-07-29,2026-07-29T21:50:38.683290+00:00,2026-07-29T21:50:38.683290+00:00
sleeper_rotowire,6954,14794,Cole McDonald,QB,QB,,2026,regular,rotowire,18.0,,,,,,,,,,,,,,,,,,,,1785311415365,1785311415365,2026-07-29,2026-07-29T21:50:38.683290+00:00,2026-07-29T21:50:38.683290+00:00
sleeper_rotowire,7008,14788,Brian Lewerke,QB,QB,,2026,regular,rotowire,18.0,,,,,,,,,,,,,,,,,,,,1785311421712,1785311421712,2026-07-29,2026-07-29T21:50:38.683290+00:00,2026-07-29T21:50:38.683290+00:00
sleeper_rotowire,7013,14784,Steven Montez,QB,QB,,2026,regular,rotowire,18.0,,,,,,,,,,,,,,,,,,,,1785311410302,1785311410302,2026-07-29,2026-07-29T21:50:38.683290+00:00,2026-07-29T21:50:38.683290+00:00
sleeper_rotowire,7063,14786,Shea Patterson,QB,QB,,2026,regular,rotowire,18.0,,,,,,,,,,,,,,,,,,,,1785311410309,1785311410309,2026-07-29,2026-07-29T21:50:38.683290+00:00,2026-07-29T21:50:38.683290+00:00
sleeper_rotowire,7081,14790,James Morgan,QB,QB,,2026,regular,rotowire,18.0,,,,,,,,,,,,,,,,,,,,1785311415378,1785311415378,2026-07-29,2026-07-29T21:50:38.683290+00:00,2026-07-29T21:50:38.683290+00:00
sleeper_rotowire,7083,14789,Tyler Huntley,QB,QB,BAL,2026,regular,rotowire,18.0,28.0,18.0,182.0,1.0,1.0,,64.29,4.0,24.0,,,,,,,,12.68,12.68,12.68,1785311421720,1785311421720,2026-07-29,2026-07-29T21:50:38.683290+00:00,2026-07-29T21:50:38.683290+00:00
sleeper_rotowire,7084,14793,Jake Luton,QB,QB,,2026,regular,rotowire,18.0,,,,,,,,,,,,,,,,,,,,1785311421721,1785311421721,2026-07-29,2026-07-29T21:50:38.683290+00:00,2026-07-29T21:50:38.683290+00:00
sleeper_rotowire,7143,15008,Ben DiNucci,QB,QB,,2026,regular,rotowire,18.0,,,,,,,,,,,,,,,,,,,,1785311412864,1785311412864,2026-07-29,2026-07-29T21:50:38.683290+00:00,2026-07-29T21:50:38.683290+00:00
sleeper_rotowire,7149,15017,Tommy Stevens,TE,QB,NYG,2026,regular,rotowire,18.0,,,,,,,,,,,,,,,,,,,,1785311411547,1785311411547,2026-07-29,2026-07-29T21:50:38.683290+00:00,2026-07-29T21:50:38.683290+00:00
sleeper_rotowire,7156,15036,J'Mar Smith,QB,QB,,2026,regular,rotowire,18.0,,,,,,,,,,,,,,,,,,,,1785311421730,1785311421730,2026-07-29,2026-07-29T21:50:38.683290+00:00,2026-07-29T21:50:38.683290+00:00
sleeper_rotowire,7158,14796,Riley Neal,QB,QB,,2026,regular,rotowire,18.0,,,,,,,,,,,,,,,,,,,,1785311412866,1785311412866,2026-07-29,2026-07-29T21:50:38.683290+00:00,2026-07-29T21:50:38.683290+00:00
sleeper_rotowire,7159,15581,Reid Sinnett,QB,QB,,2026,regular,rotowire,18.0,,,,,,,,,,,,,,,,,,,,1785311419174,1785311419174,2026-07-29,2026-07-29T21:50:38.683290+00:00,2026-07-29T21:50:38.683290+00:00
sleeper_rotowire,7335,14792,Bryce Perkins,QB,QB,,2026,regular,rotowire,18.0,,,,,,,,,,,,,,,,,,,,1785311416682,1785311416682,2026-07-29,2026-07-29T21:50:38.683290+00:00,2026-07-29T21:50:38.683290+00:00
sleeper_rotowire,7523,15237,Trevor Lawrence,QB,QB,JAX,2026,regular,rotowire,18.0,522.0,329.0,3788.0,26.0,12.0,1.0,63.03,79.0,339.0,5.0,,,,,,3.0,303.42,303.42,303.42,1785311417984,1785311417984,2026-07-29,2026-07-29T21:50:38.683290+00:00,2026-07-29T21:50:38.683290+00:00
sleeper_rotowire,7527,15241,Mac Jones,QB,QB,SF,2026,regular,rotowire,18.0,62.0,41.0,423.0,3.0,2.0,,66.13,5.0,18.0,,,,,,,1.0,26.72,26.72,26.72,1785311415445,1785311415445,2026-07-29,2026-07-29T21:50:38.683290+00:00,2026-07-29T21:50:38.683290+00:00
sleeper_rotowire,7538,15239,Zach Wilson,QB,QB,NO,2026,regular,rotowire,18.0,,,,,,,,,,,,,,,,,,,,1785311417988,1785311417988,2026-07-29,2026-07-29T21:50:38.683290+00:00,2026-07-29T21:50:38.683290+00:00
sleeper_rotowire,7555,15245,Jamie Newman,QB,QB,,2026,regular,rotowire,18.0,,,,,,,,,,,,,,,,,,,,1785311411603,1785311411603,2026-07-29,2026-07-29T21:50:38.683290+00:00,2026-07-29T21:50:38.683290+00:00
sleeper_rotowire,7581,15243,Kellen Mond,QB,QB,,2026,regular,rotowire,18.0,,,,,,,,,,,,,,,,,,,,1785311417992,1785311417992,2026-07-29,2026-07-29T21:50:38.683290+00:00,2026-07-29T21:50:38.683290+00:00
sleeper_rotowire,7583,15250,Sam Ehlinger,QB,QB,DEN,2026,regular,rotowire,18.0,,,,,,,,,,,,,,,,,,,,1785311420520,1785311420520,2026-07-29,2026-07-29T21:50:38.683290+00:00,2026-07-29T21:50:38.683290+00:00
sleeper_rotowire,7585,15252,Davis Mills,QB,QB,HOU,2026,regular,rotowire,18.0,33.0,20.0,211.0,1.0,1.0,,60.61,2.0,6.0,,,,,,,,12.04,12.04,12.04,1785311415453,1785311415453,2026-07-29,2026-07-29T21:50:38.683290+00:00,2026-07-29T21:50:38.683290+00:00
sleeper_rotowire,7589,15246,Ian Book,QB,QB,,2026,regular,rotowire,18.0,,,,,,,,,,,,,,,,,,,,1785311420521,1785311420521,2026-07-29,2026-07-29T21:50:38.683290+00:00,2026-07-29T21:50:38.683290+00:00
sleeper_rotowire,7591,15238,Justin Fields,QB,QB,KC,2026,regular,rotowire,18.0,55.0,34.0,363.0,2.0,2.0,,61.82,18.0,102.0,1.0,,,,,,1.0,34.72,34.72,34.72,1785311414141,1785311414141,2026-07-29,2026-07-29T21:50:38.683290+00:00,2026-07-29T21:50:38.683290+00:00
sleeper_rotowire,7605,15242,Kyle Trask,QB,QB,,2026,regular,rotowire,18.0,,,,,,,,,,,,,,,,,,,,1785311412925,1785311412925,2026-07-29,2026-07-29T21:50:38.683290+00:00,2026-07-29T21:50:38.683290+00:00
sleeper_rotowire,7610,15240,Trey Lance,QB,QB,LAC,2026,regular,rotowire,18.0,29.0,18.0,183.0,1.0,1.0,,62.07,8.0,43.0,,,,,,,,14.62,14.62,14.62,1785311414144,1785311414144,2026-07-29,2026-07-29T21:50:38.683290+00:00,2026-07-29T21:50:38.683290+00:00
sleeper_rotowire,8002,15248,Shane Buechele,QB,QB,BUF,2026,regular,rotowire,18.0,,,,,,,,,,,,,,,,,,,,1785311412978,1785311412978,2026-07-29,2026-07-29T21:50:38.683290+00:00,2026-07-29T21:50:38.683290+00:00
sleeper_rotowire,8087,15251,K.J. Costello,QB,QB,,2026,regular,rotowire,18.0,,,,,,,,,,,,,,,,,,,,1785311412996,1785311412996,2026-07-29,2026-07-29T21:50:38.683290+00:00,2026-07-29T21:50:38.683290+00:00
sleeper_rotowire,8157,15696,Bailey Zappe,QB,QB,NYJ,2026,regular,rotowire,18.0,,,,,,,,,,,,,,,,,,,,1785311421837,1785311421837,2026-07-29,2026-07-29T21:50:38.683290+00:00,2026-07-29T21:50:38.683290+00:00
sleeper_rotowire,8158,15695,Carson Strong,QB,QB,,2026,regular,rotowire,18.0,,,,,,,,,,,,,,,,,,,,1785311419302,1785311419302,2026-07-29,2026-07-29T21:50:38.683290+00:00,2026-07-29T21:50:38.683290+00:00
sleeper_rotowire,8159,15697,Desmond Ridder,QB,QB,,2026,regular,rotowire,18.0,,,,,,,,,,,,,,,,,,,,1785311416793,1785311416793,2026-07-29,2026-07-29T21:50:38.683290+00:00,2026-07-29T21:50:38.683290+00:00
sleeper_rotowire,8160,15692,Kenny Pickett,QB,QB,CAR,2026,regular,rotowire,18.0,,,,,,,,,,,,,,,,,,,,1785311413005,1785311413005,2026-07-29,2026-07-29T21:50:38.683290+00:00,2026-07-29T21:50:38.683290+00:00
sleeper_rotowire,8161,15694,Malik Willis,QB,QB,MIA,2026,regular,rotowire,18.0,419.0,271.0,2848.0,17.0,9.0,,64.68,125.0,712.0,5.0,,,,,,2.0,270.12,270.12,270.12,1785311410449,1785311410449,2026-07-29,2026-07-29T21:50:38.683290+00:00,2026-07-29T21:50:38.683290+00:00
sleeper_rotowire,8162,15693,Sam Howell,QB,QB,DAL,2026,regular,rotowire,18.0,,,,,,,,,,,,,,,,,,,,1785311414224,1785311414224,2026-07-29,2026-07-29T21:50:38.683290+00:00,2026-07-29T21:50:38.683290+00:00
sleeper_rotowire,8164,15691,Matt Corral,QB,QB,,2026,regular,rotowire,18.0,,,,,,,,,,,,,,,,,,,,1785311411699,1785311411699,2026-07-29,2026-07-29T21:50:38.683290+00:00,2026-07-29T21:50:38.683290+00:00
sleeper_rotowire,8183,15698,Brock Purdy,QB,QB,SF,2026,regular,rotowire,18.0,494.0,333.0,3900.0,30.0,13.0,2.0,67.41,64.0,242.0,3.0,,,,,,3.0,303.2,303.2,303.2,1785311413007,1785311413007,2026-07-29,2026-07-29T21:50:38.683290+00:00,2026-07-29T21:50:38.683290+00:00
sleeper_rotowire,8193,15707,E.J. Perry,QB,QB,,2026,regular,rotowire,18.0,,,,,,,,,,,,,,,,,,,,1785311418067,1785311418067,2026-07-29,2026-07-29T21:50:38.683290+00:00,2026-07-29T21:50:38.683290+00:00
sleeper_rotowire,8199,15705,D'Eriq King,QB,QB,,2026,regular,rotowire,18.0,,,,,,,,,,,,,,,,,,,,1785311421845,1785311421845,2026-07-29,2026-07-29T21:50:38.683290+00:00,2026-07-29T21:50:38.683290+00:00
sleeper_rotowire,8201,15704,Jack Coan,QB,QB,,2026,regular,rotowire,18.0,,,,,,,,,,,,,,,,,,,,1785311410454,1785311410454,2026-07-29,2026-07-29T21:50:38.683290+00:00,2026-07-29T21:50:38.683290+00:00
sleeper_rotowire,8206,15699,Skylar Thompson,QB,QB,BAL,2026,regular,rotowire,18.0,,,,,,,,,,,,,,,,,,,,1785311411707,1785311411707,2026-07-29,2026-07-29T21:50:38.683290+00:00,2026-07-29T21:50:38.683290+00:00
sleeper_rotowire,8212,15706,Dustin Crum,QB,QB,,2026,regular,rotowire,18.0,,,,,,,,,,,,,,,,,,,,1785311414234,1785311414234,2026-07-29,2026-07-29T21:50:38.683290+00:00,2026-07-29T21:50:38.683290+00:00
sleeper_rotowire,8224,15963,Cole Kelley,QB,QB,,2026,regular,rotowire,18.0,,,,,,,,,,,,,,,,,,,,1785311413008,1785311413008,2026-07-29,2026-07-29T21:50:38.683290+00:00,2026-07-29T21:50:38.683290+00:00
sleeper_rotowire,8241,16022,Anthony Brown,QB,QB,,2026,regular,rotowire,18.0,,,,,,,,,,,,,,,,,,,,1785311411712,1785311411712,2026-07-29,2026-07-29T21:50:38.683290+00:00,2026-07-29T21:50:38.683290+00:00
sleeper_rotowire,827,10413,Tyrod Taylor,QB,QB,GB,2026,regular,rotowire,18.0,32.0,20.0,205.0,1.0,1.0,,62.5,4.0,17.0,,,,,,,,12.9,12.9,12.9,1785311418075,1785311418075,2026-07-29,2026-07-29T21:50:38.683290+00:00,2026-07-29T21:50:38.683290+00:00
sleeper_rotowire,829,10313,Andy Dalton,QB,QB,PHI,2026,regular,rotowire,18.0,33.0,21.0,208.0,1.0,1.0,,63.64,2.0,5.0,,,,,,,,11.82,11.82,11.82,1785311421854,1785311421854,2026-07-29,2026-07-29T21:50:38.683290+00:00,2026-07-29T21:50:38.683290+00:00
sleeper_rotowire,8413,15948,Chris Oladokun,QB,QB,KC,2026,regular,rotowire,18.0,,,,,,,,,,,,,,,,,,,,1785311421870,1785311421870,2026-07-29,2026-07-29T21:50:38.683290+00:00,2026-07-29T21:50:38.683290+00:00
sleeper_rotowire,8429,15962,Levi Lewis,QB,QB,,2026,regular,rotowire,18.0,,,,,,,,,,,,,,,,,,,,1785311419340,1785311419340,2026-07-29,2026-07-29T21:50:38.683290+00:00,2026-07-29T21:50:38.683290+00:00
sleeper_rotowire,8431,15701,Chase Garbers,QB,QB,,2026,regular,rotowire,18.0,,,,,,,,,,,,,,,,,,,,1785311415568,1785311415568,2026-07-29,2026-07-29T21:50:38.683290+00:00,2026-07-29T21:50:38.683290+00:00
sleeper_rotowire,862,10262,Blaine Gabbert,QB,QB,,2026,regular,rotowire,18.0,,,,,,,,,,,,,,,,,,,,1785311420669,1785311420669,2026-07-29,2026-07-29T21:50:38.683290+00:00,2026-07-29T21:50:38.683290+00:00
sleeper_rotowire,89,9073,Chad Henne,QB,QB,,2026,regular,rotowire,18.0,,,,,,,,,,,,,,,,,,,,1785311418142,1785311418142,2026-07-29,2026-07-29T21:50:38.683290+00:00,2026-07-29T21:50:38.683290+00:00
sleeper_rotowire,8915,15703,Drew Plitt,QB,QB,,2026,regular,rotowire,18.0,,,,,,,,,,,,,,,,,,,,1785311420701,1785311420701,2026-07-29,2026-07-29T21:50:38.683290+00:00,2026-07-29T21:50:38.683290+00:00
sleeper_rotowire,8938,16412,Nathan Rourke,QB,QB,,2026,regular,rotowire,18.0,,,,,,,,,,,,,,,,,,,,1785311420707,1785311420707,2026-07-29,2026-07-29T21:50:38.683290+00:00,2026-07-29T21:50:38.683290+00:00
sleeper_rotowire,9228,16148,Bryce Young,QB,QB,CAR,2026,regular,rotowire,18.0,493.0,311.0,3202.0,20.0,11.0,1.0,63.08,51.0,245.0,3.0,,,,,,3.0,235.58,235.58,235.58,1785311415627,1785311415627,2026-07-29,2026-07-29T21:50:38.683290+00:00,2026-07-29T21:50:38.683290+00:00
sleeper_rotowire,9229,16152,Anthony Richardson,QB,QB,IND,2026,regular,rotowire,18.0,28.0,16.0,193.0,1.0,1.0,,57.14,8.0,46.0,1.0,,,,,,,21.32,21.32,21.32,1785311413098,1785311413098,2026-07-29,2026-07-29T21:50:38.683290+00:00,2026-07-29T21:50:38.683290+00:00
sleeper_rotowire,9230,15702,Tanner McKee,QB,QB,PHI,2026,regular,rotowire,18.0,31.0,19.0,198.0,1.0,1.0,,61.29,4.0,15.0,,,,,,,,12.42,12.42,12.42,1785311421938,1785311421938,2026-07-29,2026-07-29T21:50:38.683290+00:00,2026-07-29T21:50:38.683290+00:00
sleeper_rotowire,9231,16154,Jaren Hall,QB,QB,,2026,regular,rotowire,18.0,,,,,,,,,,,,,,,,,,,,1785311421940,1785311421940,2026-07-29,2026-07-29T21:50:38.683290+00:00,2026-07-29T21:50:38.683290+00:00
sleeper_rotowire,954,10273,Cam Newton,QB,QB,,2026,regular,rotowire,18.0,,,,,,,,,,,,,,,,,,,,1785311410543,1785311410543,2026-07-29,2026-07-29T21:50:38.683290+00:00,2026-07-29T21:50:38.683290+00:00
sleeper_rotowire,96,7836,Aaron Rodgers,QB,QB,PIT,2026,regular,rotowire,18.0,403.0,261.0,2700.0,18.0,7.0,1.0,64.76,21.0,60.0,,,,,,,2.0,177.0,177.0,177.0,1785311419418,1785311419418,2026-07-29,2026-07-29T21:50:38.683290+00:00,2026-07-29T21:50:38.683290+00:00
sleeper_rotowire,9758,16150,C.J. Stroud,QB,QB,HOU,2026,regular,rotowire,18.0,481.0,302.0,3405.0,21.0,12.0,1.0,62.79,54.0,220.0,2.0,,,,,,3.0,238.2,238.2,238.2,1785311421952,1785311421952,2026-07-29,2026-07-29T21:50:38.683290+00:00,2026-07-29T21:50:38.683290+00:00
sleeper_rotowire,9998,16151,Hendon Hooker,QB,QB,TEN,2026,regular,rotowire,18.0,,,,,,,,,,,,,,,,,,,,1785311419421,1785311419421,2026-07-29,2026-07-29T21:50:38.683290+00:00,2026-07-29T21:50:38.683290+00:00
sleeper_rotowire,9999,16149,Will Levis,QB,QB,TEN,2026,regular,rotowire,18.0,32.0,20.0,205.0,1.0,1.0,,62.5,4.0,15.0,,,,,,,,12.7,12.7,12.7,1785311411817,1785311411817,2026-07-29,2026-07-29T21:50:38.683290+00:00,2026-07-29T21:50:38.683290+00:00
