adp_source,mfl_id,player_name,position,team,rank,average_pick,min_pick,max_pick,drafts_selected_in,draft_sel_pct,fcount,is_ppr,is_keeper,is_mock,cutoff,period,total_drafts_in_sample,mfl_timestamp,retrieved_at,ingested_at
mfl_proxy,0528,St. Louis Rams,DT,STL,203,109.0,27,147,5,11.0,10,1,0,0,10,2026,43,1785315790,2026-07-29T15:38:52.563594+00:00,2026-07-29T15:38:52.563594+00:00
mfl_proxy,0532,Houston Texans,DT,HOU,172,82.8,25,152,5,11.0,10,1,0,0,10,2026,43,1785315790,2026-07-29T15:38:52.563594+00:00,2026-07-29T15:38:52.563594+00:00
mfl_proxy,11244,Travis Kelce,TE,KCC,171,82.8,32,125,5,11.0,10,1,0,0,10,2026,43,1785315790,2026-07-29T15:38:52.563594+00:00,2026-07-29T15:38:52.563594+00:00
mfl_proxy,11671,Mike Evans,WR,SFO,173,82.83,60,103,6,13.0,10,1,0,0,10,2026,43,1785315790,2026-07-29T15:38:52.563594+00:00,2026-07-29T15:38:52.563594+00:00
mfl_proxy,11675,Davante Adams,WR,LAR,132,54.14,14,72,7,16.0,10,1,0,0,10,2026,43,1785315790,2026-07-29T15:38:52.563594+00:00,2026-07-29T15:38:52.563594+00:00
mfl_proxy,12611,Jared Goff,QB,DET,135,55.83,18,98,6,13.0,10,1,0,0,10,2026,43,1785315790,2026-07-29T15:38:52.563594+00:00,2026-07-29T15:38:52.563594+00:00
mfl_proxy,12616,Jacoby Brissett,QB,ARI,215,118.2,95,140,5,11.0,10,1,0,0,10,2026,43,1785315790,2026-07-29T15:38:52.563594+00:00,2026-07-29T15:38:52.563594+00:00
mfl_proxy,12620,Dak Prescott,QB,DAL,89,41.17,19,73,6,13.0,10,1,0,0,10,2026,43,1785315790,2026-07-29T15:38:52.563594+00:00,2026-07-29T15:38:52.563594+00:00
mfl_proxy,12626,Derrick Henry,RB,BAL,35,22.5,12,43,6,13.0,10,1,0,0,10,2026,43,1785315790,2026-07-29T15:38:52.563594+00:00,2026-07-29T15:38:52.563594+00:00
mfl_proxy,12676,Hunter Henry,TE,NEP,195,105.33,52,143,6,13.0,10,1,0,0,10,2026,43,1785315790,2026-07-29T15:38:52.563594+00:00,2026-07-29T15:38:52.563594+00:00
mfl_proxy,13116,Patrick Mahomes,QB,KCC,103,46.29,27,72,7,16.0,10,1,0,0,10,2026,43,1785315790,2026-07-29T15:38:52.563594+00:00,2026-07-29T15:38:52.563594+00:00
mfl_proxy,13130,Christian McCaffrey,RB,SFO,11,11.29,5,18,7,16.0,10,1,0,0,10,2026,43,1785315790,2026-07-29T15:38:52.563594+00:00,2026-07-29T15:38:52.563594+00:00
mfl_proxy,13132,Alvin Kamara,RB,NOS,222,136.2,37,170,5,11.0,10,1,0,0,10,2026,43,1785315790,2026-07-29T15:38:52.563594+00:00,2026-07-29T15:38:52.563594+00:00
mfl_proxy,13163,Chris Godwin,WR,TBB,196,106.17,86,117,6,13.0,10,1,0,0,10,2026,43,1785315790,2026-07-29T15:38:52.563594+00:00,2026-07-29T15:38:52.563594+00:00
mfl_proxy,13299,George Kittle,TE,SFO,160,72.43,46,95,7,16.0,10,1,0,0,10,2026,43,1785315790,2026-07-29T15:38:52.563594+00:00,2026-07-29T15:38:52.563594+00:00
mfl_proxy,13319,Aaron Jones,RB,MIN,200,108.4,41,141,5,11.0,10,1,0,0,10,2026,43,1785315790,2026-07-29T15:38:52.563594+00:00,2026-07-29T15:38:52.563594+00:00
mfl_proxy,13589,Josh Allen,QB,BUF,4,3.29,1,8,7,16.0,10,1,0,0,10,2026,43,1785315790,2026-07-29T15:38:52.563594+00:00,2026-07-29T15:38:52.563594+00:00
mfl_proxy,13590,Baker Mayfield,QB,TBB,158,69.83,41,97,6,13.0,10,1,0,0,10,2026,43,1785315790,2026-07-29T15:38:52.563594+00:00,2026-07-29T15:38:52.563594+00:00
mfl_proxy,13592,Sam Darnold,QB,SEA,191,101.6,79,124,5,11.0,10,1,0,0,10,2026,43,1785315790,2026-07-29T15:38:52.563594+00:00,2026-07-29T15:38:52.563594+00:00
mfl_proxy,13593,Lamar Jackson,QB,BAL,8,9.86,2,27,7,16.0,10,1,0,0,10,2026,43,1785315790,2026-07-29T15:38:52.563594+00:00,2026-07-29T15:38:52.563594+00:00
mfl_proxy,13604,Saquon Barkley,RB,PHI,40,24.14,11,51,7,16.0,10,1,0,0,10,2026,43,1785315790,2026-07-29T15:38:52.563594+00:00,2026-07-29T15:38:52.563594+00:00
mfl_proxy,13630,Courtland Sutton,WR,DEN,181,91.5,75,112,6,13.0,10,1,0,0,10,2026,43,1785315790,2026-07-29T15:38:52.563594+00:00,2026-07-29T15:38:52.563594+00:00
mfl_proxy,13635,D.J. Moore,WR,BUF,149,62.88,16,83,8,18.0,10,1,0,0,10,2026,43,1785315790,2026-07-29T15:38:52.563594+00:00,2026-07-29T15:38:52.563594+00:00
mfl_proxy,13671,Mark Andrews,TE,BAL,194,105.29,63,131,7,16.0,10,1,0,0,10,2026,43,1785315790,2026-07-29T15:38:52.563594+00:00,2026-07-29T15:38:52.563594+00:00
mfl_proxy,13674,Dallas Goedert,TE,PHI,204,112.0,69,139,6,13.0,10,1,0,0,10,2026,43,1785315790,2026-07-29T15:38:52.563594+00:00,2026-07-29T15:38:52.563594+00:00
mfl_proxy,14056,Kyler Murray,QB,MIN,174,83.5,45,115,6,13.0,10,1,0,0,10,2026,43,1785315790,2026-07-29T15:38:52.563594+00:00,2026-07-29T15:38:52.563594+00:00
mfl_proxy,14059,Daniel Jones,QB,IND,214,117.8,93,143,5,11.0,10,1,0,0,10,2026,43,1785315790,2026-07-29T15:38:52.563594+00:00,2026-07-29T15:38:52.563594+00:00
mfl_proxy,14071,David Montgomery,RB,HOU,155,68.17,59,85,6,13.0,10,1,0,0,10,2026,43,1785315790,2026-07-29T15:38:52.563594+00:00,2026-07-29T15:38:52.563594+00:00
mfl_proxy,14073,Josh Jacobs,RB,GBP,78,38.0,30,54,5,11.0,10,1,0,0,10,2026,43,1785315790,2026-07-29T15:38:52.563594+00:00,2026-07-29T15:38:52.563594+00:00
mfl_proxy,14085,Tony Pollard,RB,TEN,178,88.0,55,108,6,13.0,10,1,0,0,10,2026,43,1785315790,2026-07-29T15:38:52.563594+00:00,2026-07-29T15:38:52.563594+00:00
mfl_proxy,14102,DK Metcalf,WR,PIT,182,91.71,61,120,7,16.0,10,1,0,0,10,2026,43,1785315790,2026-07-29T15:38:52.563594+00:00,2026-07-29T15:38:52.563594+00:00
mfl_proxy,14104,A.J. Brown,WR,NEP,51,28.57,21,37,7,16.0,10,1,0,0,10,2026,43,1785315790,2026-07-29T15:38:52.563594+00:00,2026-07-29T15:38:52.563594+00:00
mfl_proxy,14109,Terry McLaurin,WR,WAS,152,64.6,45,78,5,11.0,10,1,0,0,10,2026,43,1785315790,2026-07-29T15:38:52.563594+00:00,2026-07-29T15:38:52.563594+00:00
mfl_proxy,14127,Jakobi Meyers,WR,JAC,198,106.67,91,122,6,13.0,10,1,0,0,10,2026,43,1785315790,2026-07-29T15:38:52.563594+00:00,2026-07-29T15:38:52.563594+00:00
mfl_proxy,14777,Joe Burrow,QB,CIN,29,20.71,8,32,7,16.0,10,1,0,0,10,2026,43,1785315790,2026-07-29T15:38:52.563594+00:00,2026-07-29T15:38:52.563594+00:00
mfl_proxy,14779,Justin Herbert,QB,LAC,60,31.83,15,46,6,13.0,10,1,0,0,10,2026,43,1785315790,2026-07-29T15:38:52.563594+00:00,2026-07-29T15:38:52.563594+00:00
mfl_proxy,14782,Jordan Love,QB,GBP,161,73.0,36,114,6,13.0,10,1,0,0,10,2026,43,1785315790,2026-07-29T15:38:52.563594+00:00,2026-07-29T15:38:52.563594+00:00
mfl_proxy,14783,Jalen Hurts,QB,PHI,57,31.29,12,71,7,16.0,10,1,0,0,10,2026,43,1785315790,2026-07-29T15:38:52.563594+00:00,2026-07-29T15:38:52.563594+00:00
mfl_proxy,14797,D'Andre Swift,RB,CHI,147,62.29,52,77,7,16.0,10,1,0,0,10,2026,43,1785315790,2026-07-29T15:38:52.563594+00:00,2026-07-29T15:38:52.563594+00:00
mfl_proxy,14800,J.K. Dobbins,RB,DEN,188,99.83,60,132,6,13.0,10,1,0,0,10,2026,43,1785315790,2026-07-29T15:38:52.563594+00:00,2026-07-29T15:38:52.563594+00:00
mfl_proxy,14802,Jonathan Taylor,RB,IND,20,16.5,10,26,6,13.0,10,1,0,0,10,2026,43,1785315790,2026-07-29T15:38:52.563594+00:00,2026-07-29T15:38:52.563594+00:00
mfl_proxy,14823,Rico Dowdle,RB,PIT,184,92.83,74,121,6,13.0,10,1,0,0,10,2026,43,1785315790,2026-07-29T15:38:52.563594+00:00,2026-07-29T15:38:52.563594+00:00
mfl_proxy,14832,CeeDee Lamb,WR,DAL,13,13.0,3,22,7,16.0,10,1,0,0,10,2026,43,1785315790,2026-07-29T15:38:52.563594+00:00,2026-07-29T15:38:52.563594+00:00
mfl_proxy,14833,Jerry Jeudy,WR,CLE,217,123.5,36,166,6,13.0,10,1,0,0,10,2026,43,1785315790,2026-07-29T15:38:52.563594+00:00,2026-07-29T15:38:52.563594+00:00
mfl_proxy,14835,Tee Higgins,WR,CIN,144,59.5,49,73,6,13.0,10,1,0,0,10,2026,43,1785315790,2026-07-29T15:38:52.563594+00:00,2026-07-29T15:38:52.563594+00:00
mfl_proxy,14836,Justin Jefferson,WR,MIN,22,18.0,11,26,7,16.0,10,1,0,0,10,2026,43,1785315790,2026-07-29T15:38:52.563594+00:00,2026-07-29T15:38:52.563594+00:00
mfl_proxy,14842,Michael Pittman,WR,PIT,209,114.83,73,137,6,13.0,10,1,0,0,10,2026,43,1785315790,2026-07-29T15:38:52.563594+00:00,2026-07-29T15:38:52.563594+00:00
mfl_proxy,15237,Trevor Lawrence,QB,JAC,90,41.2,16,77,5,11.0,10,1,0,0,10,2026,43,1785315790,2026-07-29T15:38:52.563594+00:00,2026-07-29T15:38:52.563594+00:00
mfl_proxy,15253,Travis Etienne,RB,NOS,124,51.67,29,67,6,13.0,10,1,0,0,10,2026,43,1785315790,2026-07-29T15:38:52.563594+00:00,2026-07-29T15:38:52.563594+00:00
mfl_proxy,15255,Kenneth Gainwell,RB,TBB,212,116.5,93,136,6,13.0,10,1,0,0,10,2026,43,1785315790,2026-07-29T15:38:52.563594+00:00,2026-07-29T15:38:52.563594+00:00
mfl_proxy,15256,Javonte Williams,RB,DAL,98,44.71,34,66,7,16.0,10,1,0,0,10,2026,43,1785315790,2026-07-29T15:38:52.563594+00:00,2026-07-29T15:38:52.563594+00:00
mfl_proxy,15259,Rhamondre Stevenson,RB,NEP,175,84.5,64,130,6,13.0,10,1,0,0,10,2026,43,1785315790,2026-07-29T15:38:52.563594+00:00,2026-07-29T15:38:52.563594+00:00
mfl_proxy,15261,Chuba Hubbard,RB,CAR,168,78.83,56,107,6,13.0,10,1,0,0,10,2026,43,1785315790,2026-07-29T15:38:52.563594+00:00,2026-07-29T15:38:52.563594+00:00
mfl_proxy,15281,Ja'Marr Chase,WR,CIN,1,2.86,1,4,7,16.0,10,1,0,0,10,2026,43,1785315790,2026-07-29T15:38:52.563594+00:00,2026-07-29T15:38:52.563594+00:00
mfl_proxy,15282,DeVonta Smith,WR,PHI,100,45.5,35,59,6,13.0,10,1,0,0,10,2026,43,1785315790,2026-07-29T15:38:52.563594+00:00,2026-07-29T15:38:52.563594+00:00
mfl_proxy,15284,Jaylen Waddle,WR,DEN,145,60.57,37,73,7,16.0,10,1,0,0,10,2026,43,1785315790,2026-07-29T15:38:52.563594+00:00,2026-07-29T15:38:52.563594+00:00
mfl_proxy,15287,Amon-Ra St. Brown,WR,DET,9,9.86,6,17,7,16.0,10,1,0,0,10,2026,43,1785315790,2026-07-29T15:38:52.563594+00:00,2026-07-29T15:38:52.563594+00:00
mfl_proxy,15290,Nico Collins,WR,HOU,56,31.29,22,44,7,16.0,10,1,0,0,10,2026,43,1785315790,2026-07-29T15:38:52.563594+00:00,2026-07-29T15:38:52.563594+00:00
mfl_proxy,15329,Kyle Pitts,TE,ATL,151,64.33,27,94,6,13.0,10,1,0,0,10,2026,43,1785315790,2026-07-29T15:38:52.563594+00:00,2026-07-29T15:38:52.563594+00:00
mfl_proxy,15694,Malik Willis,QB,MIA,193,102.86,46,139,7,16.0,10,1,0,0,10,2026,43,1785315790,2026-07-29T15:38:52.563594+00:00,2026-07-29T15:38:52.563594+00:00
mfl_proxy,15698,Brock Purdy,QB,SFO,120,50.4,32,88,5,11.0,10,1,0,0,10,2026,43,1785315790,2026-07-29T15:38:52.563594+00:00,2026-07-29T15:38:52.563594+00:00
mfl_proxy,15708,Breece Hall,RB,NYJ,93,41.86,30,63,7,16.0,10,1,0,0,10,2026,43,1785315790,2026-07-29T15:38:52.563594+00:00,2026-07-29T15:38:52.563594+00:00
mfl_proxy,15710,Kyren Williams,RB,LAR,59,31.67,23,43,6,13.0,10,1,0,0,10,2026,43,1785315790,2026-07-29T15:38:52.563594+00:00,2026-07-29T15:38:52.563594+00:00
mfl_proxy,15711,Kenneth Walker III,RB,KCC,75,37.33,20,53,6,13.0,10,1,0,0,10,2026,43,1785315790,2026-07-29T15:38:52.563594+00:00,2026-07-29T15:38:52.563594+00:00
mfl_proxy,15712,Tyler Allgeier,RB,ARI,220,131.2,33,169,5,11.0,10,1,0,0,10,2026,43,1785315790,2026-07-29T15:38:52.563594+00:00,2026-07-29T15:38:52.563594+00:00
mfl_proxy,15715,James Cook,RB,BUF,25,19.83,15,25,6,13.0,10,1,0,0,10,2026,43,1785315790,2026-07-29T15:38:52.563594+00:00,2026-07-29T15:38:52.563594+00:00
mfl_proxy,15721,Rachaad White,RB,WAS,219,131.0,100,171,5,11.0,10,1,0,0,10,2026,43,1785315790,2026-07-29T15:38:52.563594+00:00,2026-07-29T15:38:52.563594+00:00
mfl_proxy,15742,Jaylen Warren,RB,PIT,165,76.33,53,105,6,13.0,10,1,0,0,10,2026,43,1785315790,2026-07-29T15:38:52.563594+00:00,2026-07-29T15:38:52.563594+00:00
mfl_proxy,15751,Drake London,WR,ATL,43,25.67,22,31,6,13.0,10,1,0,0,10,2026,43,1785315790,2026-07-29T15:38:52.563594+00:00,2026-07-29T15:38:52.563594+00:00
mfl_proxy,15753,Garrett Wilson,WR,NYJ,80,38.57,19,50,7,16.0,10,1,0,0,10,2026,43,1785315790,2026-07-29T15:38:52.563594+00:00,2026-07-29T15:38:52.563594+00:00
mfl_proxy,15754,Chris Olave,WR,NOS,92,41.67,15,61,6,13.0,10,1,0,0,10,2026,43,1785315790,2026-07-29T15:38:52.563594+00:00,2026-07-29T15:38:52.563594+00:00
mfl_proxy,15756,Jameson Williams,WR,DET,146,61.86,42,94,7,16.0,10,1,0,0,10,2026,43,1785315790,2026-07-29T15:38:52.563594+00:00,2026-07-29T15:38:52.563594+00:00
mfl_proxy,15757,Wan'Dale Robinson,WR,TEN,218,127.2,120,137,5,11.0,10,1,0,0,10,2026,43,1785315790,2026-07-29T15:38:52.563594+00:00,2026-07-29T15:38:52.563594+00:00
mfl_proxy,15761,Khalil Shakir,WR,BUF,199,108.0,15,164,6,13.0,10,1,0,0,10,2026,43,1785315790,2026-07-29T15:38:52.563594+00:00,2026-07-29T15:38:52.563594+00:00
mfl_proxy,15762,George Pickens,WR,DAL,45,26.83,9,41,6,13.0,10,1,0,0,10,2026,43,1785315790,2026-07-29T15:38:52.563594+00:00,2026-07-29T15:38:52.563594+00:00
mfl_proxy,15768,Alec Pierce,WR,IND,166,77.2,31,123,5,11.0,10,1,0,0,10,2026,43,1785315790,2026-07-29T15:38:52.563594+00:00,2026-07-29T15:38:52.563594+00:00
mfl_proxy,15789,Christian Watson,WR,GBP,154,66.33,55,84,6,13.0,10,1,0,0,10,2026,43,1785315790,2026-07-29T15:38:52.563594+00:00,2026-07-29T15:38:52.563594+00:00
mfl_proxy,15794,Trey McBride,TE,ARI,23,18.6,6,28,5,11.0,10,1,0,0,10,2026,43,1785315790,2026-07-29T15:38:52.563594+00:00,2026-07-29T15:38:52.563594+00:00
mfl_proxy,15797,Greg Dulcich,TE,MIA,208,114.71,28,217,7,16.0,10,1,0,0,10,2026,43,1785315790,2026-07-29T15:38:52.563594+00:00,2026-07-29T15:38:52.563594+00:00
mfl_proxy,15798,Isaiah Likely,TE,NYG,197,106.29,35,142,7,16.0,10,1,0,0,10,2026,43,1785315790,2026-07-29T15:38:52.563594+00:00,2026-07-29T15:38:52.563594+00:00
mfl_proxy,15799,Jake Ferguson,TE,DAL,187,99.67,50,117,6,13.0,10,1,0,0,10,2026,43,1785315790,2026-07-29T15:38:52.563594+00:00,2026-07-29T15:38:52.563594+00:00
mfl_proxy,16148,Bryce Young,QB,CAR,186,95.67,57,115,6,13.0,10,1,0,0,10,2026,43,1785315790,2026-07-29T15:38:52.563594+00:00,2026-07-29T15:38:52.563594+00:00
mfl_proxy,16150,C.J. Stroud,QB,HOU,169,80.83,51,113,6,13.0,10,1,0,0,10,2026,43,1785315790,2026-07-29T15:38:52.563594+00:00,2026-07-29T15:38:52.563594+00:00
mfl_proxy,16161,Bijan Robinson,RB,ATL,3,3.29,1,7,7,16.0,10,1,0,0,10,2026,43,1785315790,2026-07-29T15:38:52.563594+00:00,2026-07-29T15:38:52.563594+00:00
mfl_proxy,16162,Jahmyr Gibbs,RB,DET,2,3.14,1,6,7,16.0,10,1,0,0,10,2026,43,1785315790,2026-07-29T15:38:52.563594+00:00,2026-07-29T15:38:52.563594+00:00
mfl_proxy,16167,De'Von Achane,RB,MIA,18,16.0,12,28,7,16.0,10,1,0,0,10,2026,43,1785315790,2026-07-29T15:38:52.563594+00:00,2026-07-29T15:38:52.563594+00:00
mfl_proxy,16181,Chase Brown,RB,CIN,33,21.6,13,33,5,11.0,10,1,0,0,10,2026,43,1785315790,2026-07-29T15:38:52.563594+00:00,2026-07-29T15:38:52.563594+00:00
mfl_proxy,16184,Jayden Reed,WR,GBP,223,136.67,116,150,6,13.0,10,1,0,0,10,2026,43,1785315790,2026-07-29T15:38:52.563594+00:00,2026-07-29T15:38:52.563594+00:00
mfl_proxy,16185,Jaxon Smith-Njigba,WR,SEA,7,7.5,5,10,6,13.0,10,1,0,0,10,2026,43,1785315790,2026-07-29T15:38:52.563594+00:00,2026-07-29T15:38:52.563594+00:00
mfl_proxy,16186,Jordan Addison,WR,MIN,206,113.83,79,136,6,13.0,10,1,0,0,10,2026,43,1785315790,2026-07-29T15:38:52.563594+00:00,2026-07-29T15:38:52.563594+00:00
mfl_proxy,16187,Josh Downs,WR,IND,207,114.33,89,151,6,13.0,10,1,0,0,10,2026,43,1785315790,2026-07-29T15:38:52.563594+00:00,2026-07-29T15:38:52.563594+00:00
mfl_proxy,16188,Quentin Johnston,WR,LAC,192,102.67,81,117,6,13.0,10,1,0,0,10,2026,43,1785315790,2026-07-29T15:38:52.563594+00:00,2026-07-29T15:38:52.563594+00:00
mfl_proxy,16190,Zay Flowers,WR,BAL,97,44.0,36,54,7,16.0,10,1,0,0,10,2026,43,1785315790,2026-07-29T15:38:52.563594+00:00,2026-07-29T15:38:52.563594+00:00
mfl_proxy,16192,Parker Washington,WR,JAC,202,108.6,61,127,5,11.0,10,1,0,0,10,2026,43,1785315790,2026-07-29T15:38:52.563594+00:00,2026-07-29T15:38:52.563594+00:00
mfl_proxy,16194,Rashee Rice,WR,KCC,73,36.86,28,55,7,16.0,10,1,0,0,10,2026,43,1785315790,2026-07-29T15:38:52.563594+00:00,2026-07-29T15:38:52.563594+00:00
mfl_proxy,16206,Michael Wilson,WR,ARI,180,89.83,82,115,6,13.0,10,1,0,0,10,2026,43,1785315790,2026-07-29T15:38:52.563594+00:00,2026-07-29T15:38:52.563594+00:00
mfl_proxy,16211,Puka Nacua,WR,LAR,6,6.71,4,11,7,16.0,10,1,0,0,10,2026,43,1785315790,2026-07-29T15:38:52.563594+00:00,2026-07-29T15:38:52.563594+00:00
mfl_proxy,16213,Dalton Kincaid,TE,BUF,189,100.71,14,140,7,16.0,10,1,0,0,10,2026,43,1785315790,2026-07-29T15:38:52.563594+00:00,2026-07-29T15:38:52.563594+00:00
mfl_proxy,16214,Sam LaPorta,TE,DET,150,63.0,43,94,7,16.0,10,1,0,0,10,2026,43,1785315790,2026-07-29T15:38:52.563594+00:00,2026-07-29T15:38:52.563594+00:00
mfl_proxy,16222,Tucker Kraft,TE,GBP,156,68.83,31,99,6,13.0,10,1,0,0,10,2026,43,1785315790,2026-07-29T15:38:52.563594+00:00,2026-07-29T15:38:52.563594+00:00
mfl_proxy,16579,Caleb Williams,QB,CHI,34,22.17,6,39,6,13.0,10,1,0,0,10,2026,43,1785315790,2026-07-29T15:38:52.563594+00:00,2026-07-29T15:38:52.563594+00:00
mfl_proxy,16580,Drake Maye,QB,NEP,15,14.86,3,36,7,16.0,10,1,0,0,10,2026,43,1785315790,2026-07-29T15:38:52.563594+00:00,2026-07-29T15:38:52.563594+00:00
mfl_proxy,16581,Jayden Daniels,QB,WAS,37,22.83,10,64,6,13.0,10,1,0,0,10,2026,43,1785315790,2026-07-29T15:38:52.563594+00:00,2026-07-29T15:38:52.563594+00:00
mfl_proxy,16582,Bo Nix,QB,DEN,114,48.5,28,84,6,13.0,10,1,0,0,10,2026,43,1785315790,2026-07-29T15:38:52.563594+00:00,2026-07-29T15:38:52.563594+00:00
mfl_proxy,16593,Blake Corum,RB,LAR,205,112.2,87,138,5,11.0,10,1,0,0,10,2026,43,1785315790,2026-07-29T15:38:52.563594+00:00,2026-07-29T15:38:52.563594+00:00
mfl_proxy,16597,Jonathon Brooks,RB,CAR,201,108.6,84,134,5,11.0,10,1,0,0,10,2026,43,1785315790,2026-07-29T15:38:52.563594+00:00,2026-07-29T15:38:52.563594+00:00
mfl_proxy,16598,Bucky Irving,RB,TBB,130,53.43,30,80,7,16.0,10,1,0,0,10,2026,43,1785315790,2026-07-29T15:38:52.563594+00:00,2026-07-29T15:38:52.563594+00:00
mfl_proxy,16614,Marvin Harrison Jr.,WR,ARI,176,86.43,66,105,7,16.0,10,1,0,0,10,2026,43,1785315790,2026-07-29T15:38:52.563594+00:00,2026-07-29T15:38:52.563594+00:00
mfl_proxy,16615,Malik Nabers,WR,NYG,82,39.0,13,70,7,16.0,10,1,0,0,10,2026,43,1785315790,2026-07-29T15:38:52.563594+00:00,2026-07-29T15:38:52.563594+00:00
mfl_proxy,16616,Rome Odunze,WR,CHI,162,73.14,45,90,7,16.0,10,1,0,0,10,2026,43,1785315790,2026-07-29T15:38:52.563594+00:00,2026-07-29T15:38:52.563594+00:00
mfl_proxy,16618,Brian Thomas Jr.,WR,JAC,163,75.0,57,95,6,13.0,10,1,0,0,10,2026,43,1785315790,2026-07-29T15:38:52.563594+00:00,2026-07-29T15:38:52.563594+00:00
mfl_proxy,16622,Ricky Pearsall,WR,SFO,213,117.4,85,130,5,11.0,10,1,0,0,10,2026,43,1785315790,2026-07-29T15:38:52.563594+00:00,2026-07-29T15:38:52.563594+00:00
mfl_proxy,16627,Ladd McConkey,WR,LAC,143,59.33,39,77,6,13.0,10,1,0,0,10,2026,43,1785315790,2026-07-29T15:38:52.563594+00:00,2026-07-29T15:38:52.563594+00:00
mfl_proxy,16641,Brock Bowers,TE,LVR,31,21.0,5,46,6,13.0,10,1,0,0,10,2026,43,1785315790,2026-07-29T15:38:52.563594+00:00,2026-07-29T15:38:52.563594+00:00
mfl_proxy,16684,Malik Washington,WR,MIA,179,89.44,7,161,9,20.0,10,1,0,0,10,2026,43,1785315790,2026-07-29T15:38:52.563594+00:00,2026-07-29T15:38:52.563594+00:00
mfl_proxy,16809,Jalen Coker,WR,CAR,224,138.0,28,179,5,11.0,10,1,0,0,10,2026,43,1785315790,2026-07-29T15:38:52.563594+00:00,2026-07-29T15:38:52.563594+00:00
mfl_proxy,17030,Cam Ward,QB,TEN,190,101.17,64,158,6,13.0,10,1,0,0,10,2026,43,1785315790,2026-07-29T15:38:52.563594+00:00,2026-07-29T15:38:52.563594+00:00
mfl_proxy,17032,Jaxson Dart,QB,NYG,129,53.2,23,96,5,11.0,10,1,0,0,10,2026,43,1785315790,2026-07-29T15:38:52.563594+00:00,2026-07-29T15:38:52.563594+00:00
mfl_proxy,17039,Tyler Shough,QB,NOS,177,86.67,49,108,6,13.0,10,1,0,0,10,2026,43,1785315790,2026-07-29T15:38:52.563594+00:00,2026-07-29T15:38:52.563594+00:00
mfl_proxy,17042,Ashton Jeanty,RB,LVR,26,20.0,10,29,7,16.0,10,1,0,0,10,2026,43,1785315790,2026-07-29T15:38:52.563594+00:00,2026-07-29T15:38:52.563594+00:00
mfl_proxy,17043,TreVeyon Henderson,RB,NEP,153,65.33,47,78,6,13.0,10,1,0,0,10,2026,43,1785315790,2026-07-29T15:38:52.563594+00:00,2026-07-29T15:38:52.563594+00:00
mfl_proxy,17044,Omarion Hampton,RB,LAC,46,27.33,16,40,6,13.0,10,1,0,0,10,2026,43,1785315790,2026-07-29T15:38:52.563594+00:00,2026-07-29T15:38:52.563594+00:00
mfl_proxy,17047,Dylan Sampson,RB,CLE,225,139.6,32,201,5,11.0,10,1,0,0,10,2026,43,1785315790,2026-07-29T15:38:52.563594+00:00,2026-07-29T15:38:52.563594+00:00
mfl_proxy,17051,Quinshon Judkins,RB,CLE,157,69.5,54,87,6,13.0,10,1,0,0,10,2026,43,1785315790,2026-07-29T15:38:52.563594+00:00,2026-07-29T15:38:52.563594+00:00
mfl_proxy,17052,Bhayshul Tuten,RB,JAC,164,75.67,53,101,6,13.0,10,1,0,0,10,2026,43,1785315790,2026-07-29T15:38:52.563594+00:00,2026-07-29T15:38:52.563594+00:00
mfl_proxy,17055,Jordan James,RB,SFO,183,92.38,35,202,8,18.0,10,1,0,0,10,2026,43,1785315790,2026-07-29T15:38:52.563594+00:00,2026-07-29T15:38:52.563594+00:00
mfl_proxy,17066,Kyle Monangai,RB,CHI,185,95.6,73,118,5,11.0,10,1,0,0,10,2026,43,1785315790,2026-07-29T15:38:52.563594+00:00,2026-07-29T15:38:52.563594+00:00
mfl_proxy,17068,RJ Harvey,RB,DEN,170,81.2,58,102,5,11.0,10,1,0,0,10,2026,43,1785315790,2026-07-29T15:38:52.563594+00:00,2026-07-29T15:38:52.563594+00:00
mfl_proxy,17070,Luther Burden,WR,CHI,159,70.71,57,86,7,16.0,10,1,0,0,10,2026,43,1785315790,2026-07-29T15:38:52.563594+00:00,2026-07-29T15:38:52.563594+00:00
mfl_proxy,17071,Tetairoa McMillan,WR,CAR,139,57.33,45,74,6,13.0,10,1,0,0,10,2026,43,1785315790,2026-07-29T15:38:52.563594+00:00,2026-07-29T15:38:52.563594+00:00
mfl_proxy,17075,Matthew Golden,WR,GBP,221,132.0,97,185,5,11.0,10,1,0,0,10,2026,43,1785315790,2026-07-29T15:38:52.563594+00:00,2026-07-29T15:38:52.563594+00:00
mfl_proxy,17081,Emeka Egbuka,WR,TBB,111,47.67,39,58,6,13.0,10,1,0,0,10,2026,43,1785315790,2026-07-29T15:38:52.563594+00:00,2026-07-29T15:38:52.563594+00:00
mfl_proxy,17099,Oronde Gadsden,TE,LAC,216,122.0,60,177,6,13.0,10,1,0,0,10,2026,43,1785315790,2026-07-29T15:38:52.563594+00:00,2026-07-29T15:38:52.563594+00:00
mfl_proxy,17102,Tyler Warren,TE,IND,110,47.14,18,75,7,16.0,10,1,0,0,10,2026,43,1785315790,2026-07-29T15:38:52.563594+00:00,2026-07-29T15:38:52.563594+00:00
mfl_proxy,17103,Harold Fannin,TE,CLE,142,58.0,26,85,7,16.0,10,1,0,0,10,2026,43,1785315790,2026-07-29T15:38:52.563594+00:00,2026-07-29T15:38:52.563594+00:00
mfl_proxy,17104,Colston Loveland,TE,CHI,81,38.71,14,68,7,16.0,10,1,0,0,10,2026,43,1785315790,2026-07-29T15:38:52.563594+00:00,2026-07-29T15:38:52.563594+00:00
mfl_proxy,17256,Jacory Croskey-Merritt,RB,WAS,211,115.67,91,148,6,13.0,10,1,0,0,10,2026,43,1785315790,2026-07-29T15:38:52.563594+00:00,2026-07-29T15:38:52.563594+00:00
mfl_proxy,17462,Fernando Mendoza,QB,LVR,17,15.82,1,143,44,102.0,10,1,0,0,10,2026,43,1785315790,2026-07-29T15:38:52.563594+00:00,2026-07-29T15:38:52.563594+00:00
mfl_proxy,17463,Ty Simpson,QB,LAR,55,30.8,7,232,40,93.0,10,1,0,0,10,2026,43,1785315790,2026-07-29T15:38:52.563594+00:00,2026-07-29T15:38:52.563594+00:00
mfl_proxy,17465,Garrett Nussmeier,QB,KCC,123,51.25,39,64,8,18.0,10,1,0,0,10,2026,43,1785315790,2026-07-29T15:38:52.563594+00:00,2026-07-29T15:38:52.563594+00:00
mfl_proxy,17466,Carson Beck,QB,ARI,68,35.58,10,207,33,76.0,10,1,0,0,10,2026,43,1785315790,2026-07-29T15:38:52.563594+00:00,2026-07-29T15:38:52.563594+00:00
mfl_proxy,17467,Cade Klubnik,QB,NYJ,115,48.74,20,226,27,62.0,10,1,0,0,10,2026,43,1785315790,2026-07-29T15:38:52.563594+00:00,2026-07-29T15:38:52.563594+00:00
mfl_proxy,17468,Drew Allar,QB,PIT,67,35.07,6,59,28,65.0,10,1,0,0,10,2026,43,1785315790,2026-07-29T15:38:52.563594+00:00,2026-07-29T15:38:52.563594+00:00
mfl_proxy,17472,Jeremiyah Love,RB,ARI,5,5.19,1,40,48,111.0,10,1,0,0,10,2026,43,1785315790,2026-07-29T15:38:52.563594+00:00,2026-07-29T15:38:52.563594+00:00
mfl_proxy,17473,Jadarian Price,RB,SEA,14,13.7,2,100,47,109.0,10,1,0,0,10,2026,43,1785315790,2026-07-29T15:38:52.563594+00:00,2026-07-29T15:38:52.563594+00:00
mfl_proxy,17474,Emmett Johnson,RB,KCC,74,37.26,7,206,43,100.0,10,1,0,0,10,2026,43,1785315790,2026-07-29T15:38:52.563594+00:00,2026-07-29T15:38:52.563594+00:00
mfl_proxy,17475,Seth McGowan,RB,IND,133,54.37,37,200,19,44.0,10,1,0,0,10,2026,43,1785315790,2026-07-29T15:38:52.563594+00:00,2026-07-29T15:38:52.563594+00:00
mfl_proxy,17476,Nicholas Singleton,RB,TEN,58,31.59,9,231,44,102.0,10,1,0,0,10,2026,43,1785315790,2026-07-29T15:38:52.563594+00:00,2026-07-29T15:38:52.563594+00:00
mfl_proxy,17477,Jonah Coleman,RB,DEN,44,26.09,5,198,45,104.0,10,1,0,0,10,2026,43,1785315790,2026-07-29T15:38:52.563594+00:00,2026-07-29T15:38:52.563594+00:00
mfl_proxy,17478,Kaytron Allen,RB,WAS,72,36.63,11,224,43,100.0,10,1,0,0,10,2026,43,1785315790,2026-07-29T15:38:52.563594+00:00,2026-07-29T15:38:52.563594+00:00
mfl_proxy,17481,Demond Claiborne,RB,MIN,71,36.31,19,113,42,97.0,10,1,0,0,10,2026,43,1785315790,2026-07-29T15:38:52.563594+00:00,2026-07-29T15:38:52.563594+00:00
mfl_proxy,17482,Mike Washington Jr.,RB,LVR,70,36.11,7,239,44,102.0,10,1,0,0,10,2026,43,1785315790,2026-07-29T15:38:52.563594+00:00,2026-07-29T15:38:52.563594+00:00
mfl_proxy,17485,Kaelon Black,RB,SFO,87,41.02,8,222,45,104.0,10,1,0,0,10,2026,43,1785315790,2026-07-29T15:38:52.563594+00:00,2026-07-29T15:38:52.563594+00:00
mfl_proxy,17486,Jam Miller,RB,NEP,125,52.3,38,76,10,23.0,10,1,0,0,10,2026,43,1785315790,2026-07-29T15:38:52.563594+00:00,2026-07-29T15:38:52.563594+00:00
mfl_proxy,17487,J'Mari Taylor,RB,JAC,141,57.8,50,68,5,11.0,10,1,0,0,10,2026,43,1785315790,2026-07-29T15:38:52.563594+00:00,2026-07-29T15:38:52.563594+00:00
mfl_proxy,17497,Carnell Tate,WR,TEN,12,12.25,1,98,48,111.0,10,1,0,0,10,2026,43,1785315790,2026-07-29T15:38:52.563594+00:00,2026-07-29T15:38:52.563594+00:00
mfl_proxy,17498,Jordyn Tyson,WR,NOS,19,16.15,2,119,46,106.0,10,1,0,0,10,2026,43,1785315790,2026-07-29T15:38:52.563594+00:00,2026-07-29T15:38:52.563594+00:00
mfl_proxy,17499,Makai Lemon,WR,PHI,24,18.94,3,143,48,111.0,10,1,0,0,10,2026,43,1785315790,2026-07-29T15:38:52.563594+00:00,2026-07-29T15:38:52.563594+00:00
mfl_proxy,17500,Denzel Boston,WR,CLE,42,25.05,8,205,44,102.0,10,1,0,0,10,2026,43,1785315790,2026-07-29T15:38:52.563594+00:00,2026-07-29T15:38:52.563594+00:00
mfl_proxy,17501,KC Concepcion,WR,CLE,28,20.5,5,157,46,106.0,10,1,0,0,10,2026,43,1785315790,2026-07-29T15:38:52.563594+00:00,2026-07-29T15:38:52.563594+00:00
mfl_proxy,17502,Omar Cooper Jr.,WR,NYJ,41,24.16,7,203,45,104.0,10,1,0,0,10,2026,43,1785315790,2026-07-29T15:38:52.563594+00:00,2026-07-29T15:38:52.563594+00:00
mfl_proxy,17503,Germie Bernard,WR,PIT,52,28.67,11,234,43,100.0,10,1,0,0,10,2026,43,1785315790,2026-07-29T15:38:52.563594+00:00,2026-07-29T15:38:52.563594+00:00
mfl_proxy,17505,Elijah Sarratt,WR,BAL,64,33.62,21,64,34,79.0,10,1,0,0,10,2026,43,1785315790,2026-07-29T15:38:52.563594+00:00,2026-07-29T15:38:52.563594+00:00
mfl_proxy,17506,Chris Bell,WR,MIA,38,22.9,11,137,41,95.0,10,1,0,0,10,2026,43,1785315790,2026-07-29T15:38:52.563594+00:00,2026-07-29T15:38:52.563594+00:00
mfl_proxy,17507,Zachariah Branch,WR,ATL,53,29.62,19,49,40,93.0,10,1,0,0,10,2026,43,1785315790,2026-07-29T15:38:52.563594+00:00,2026-07-29T15:38:52.563594+00:00
mfl_proxy,17508,Skyler Bell,WR,BUF,76,37.39,20,62,36,83.0,10,1,0,0,10,2026,43,1785315790,2026-07-29T15:38:52.563594+00:00,2026-07-29T15:38:52.563594+00:00
mfl_proxy,17509,Chris Brazzell II,WR,CAR,54,29.95,18,54,39,90.0,10,1,0,0,10,2026,43,1785315790,2026-07-29T15:38:52.563594+00:00,2026-07-29T15:38:52.563594+00:00
mfl_proxy,17510,Deion Burks,WR,IND,118,49.75,32,63,8,18.0,10,1,0,0,10,2026,43,1785315790,2026-07-29T15:38:52.563594+00:00,2026-07-29T15:38:52.563594+00:00
mfl_proxy,17511,Malachi Fields,WR,NYG,63,33.46,8,159,39,90.0,10,1,0,0,10,2026,43,1785315790,2026-07-29T15:38:52.563594+00:00,2026-07-29T15:38:52.563594+00:00
mfl_proxy,17512,Antonio Williams,WR,WAS,36,22.56,8,237,43,100.0,10,1,0,0,10,2026,43,1785315790,2026-07-29T15:38:52.563594+00:00,2026-07-29T15:38:52.563594+00:00
mfl_proxy,17514,De'Zhaun Stribling,WR,SFO,48,27.42,12,180,43,100.0,10,1,0,0,10,2026,43,1785315790,2026-07-29T15:38:52.563594+00:00,2026-07-29T15:38:52.563594+00:00
mfl_proxy,17517,Ja'Kobi Lane,WR,BAL,84,39.44,22,67,36,83.0,10,1,0,0,10,2026,43,1785315790,2026-07-29T15:38:52.563594+00:00,2026-07-29T15:38:52.563594+00:00
mfl_proxy,17518,Cyrus Allen,WR,KCC,119,50.06,35,69,18,41.0,10,1,0,0,10,2026,43,1785315790,2026-07-29T15:38:52.563594+00:00,2026-07-29T15:38:52.563594+00:00
mfl_proxy,17519,Bryce Lance,WR,NOS,126,52.42,25,258,24,55.0,10,1,0,0,10,2026,43,1785315790,2026-07-29T15:38:52.563594+00:00,2026-07-29T15:38:52.563594+00:00
mfl_proxy,17520,Ted Hurst,WR,TBB,62,32.67,15,199,40,93.0,10,1,0,0,10,2026,43,1785315790,2026-07-29T15:38:52.563594+00:00,2026-07-29T15:38:52.563594+00:00
mfl_proxy,17521,Zavion Thomas,WR,CHI,91,41.21,23,65,28,65.0,10,1,0,0,10,2026,43,1785315790,2026-07-29T15:38:52.563594+00:00,2026-07-29T15:38:52.563594+00:00
mfl_proxy,17528,Kevin Coleman,WR,MIA,104,46.33,35,72,15,34.0,10,1,0,0,10,2026,43,1785315790,2026-07-29T15:38:52.563594+00:00,2026-07-29T15:38:52.563594+00:00
mfl_proxy,17529,Brenen Thompson,WR,LAC,86,40.93,23,65,27,62.0,10,1,0,0,10,2026,43,1785315790,2026-07-29T15:38:52.563594+00:00,2026-07-29T15:38:52.563594+00:00
mfl_proxy,17542,Colbie Young,WR,CIN,113,47.86,35,74,7,16.0,10,1,0,0,10,2026,43,1785315790,2026-07-29T15:38:52.563594+00:00,2026-07-29T15:38:52.563594+00:00
mfl_proxy,17543,Kenyon Sadiq,TE,NYJ,32,21.48,5,144,44,102.0,10,1,0,0,10,2026,43,1785315790,2026-07-29T15:38:52.563594+00:00,2026-07-29T15:38:52.563594+00:00
mfl_proxy,17544,Eli Stowers,TE,PHI,39,23.68,7,228,41,95.0,10,1,0,0,10,2026,43,1785315790,2026-07-29T15:38:52.563594+00:00,2026-07-29T15:38:52.563594+00:00
mfl_proxy,17547,Max Klare,TE,LAR,69,36.06,20,86,35,81.0,10,1,0,0,10,2026,43,1785315790,2026-07-29T15:38:52.563594+00:00,2026-07-29T15:38:52.563594+00:00
mfl_proxy,17548,Justin Joly,TE,DEN,106,46.57,23,208,23,53.0,10,1,0,0,10,2026,43,1785315790,2026-07-29T15:38:52.563594+00:00,2026-07-29T15:38:52.563594+00:00
mfl_proxy,17549,Sam Roush,TE,CHI,95,42.83,13,57,6,13.0,10,1,0,0,10,2026,43,1785315790,2026-07-29T15:38:52.563594+00:00,2026-07-29T15:38:52.563594+00:00
mfl_proxy,17550,Rueben Bain Jr.,DE,TBB,49,27.56,11,49,18,41.0,10,1,0,0,10,2026,43,1785315790,2026-07-29T15:38:52.563594+00:00,2026-07-29T15:38:52.563594+00:00
mfl_proxy,17551,David Bailey,DE,NYJ,47,27.37,11,60,19,44.0,10,1,0,0,10,2026,43,1785315790,2026-07-29T15:38:52.563594+00:00,2026-07-29T15:38:52.563594+00:00
mfl_proxy,17552,Cashius Howell,DE,CIN,127,52.8,42,65,5,11.0,10,1,0,0,10,2026,43,1785315790,2026-07-29T15:38:52.563594+00:00,2026-07-29T15:38:52.563594+00:00
mfl_proxy,17553,Keldric Faulk,DE,TEN,140,57.5,32,70,8,18.0,10,1,0,0,10,2026,43,1785315790,2026-07-29T15:38:52.563594+00:00,2026-07-29T15:38:52.563594+00:00
mfl_proxy,17555,Peter Woods,DT,KCC,131,54.0,42,62,6,13.0,10,1,0,0,10,2026,43,1785315790,2026-07-29T15:38:52.563594+00:00,2026-07-29T15:38:52.563594+00:00
mfl_proxy,17556,Arvell Reese,LB,NYG,21,16.58,1,49,19,44.0,10,1,0,0,10,2026,43,1785315790,2026-07-29T15:38:52.563594+00:00,2026-07-29T15:38:52.563594+00:00
mfl_proxy,17557,Sonny Styles,LB,WAS,10,10.58,2,45,19,44.0,10,1,0,0,10,2026,43,1785315790,2026-07-29T15:38:52.563594+00:00,2026-07-29T15:38:52.563594+00:00
mfl_proxy,17558,CJ Allen,LB,IND,16,14.94,6,41,18,41.0,10,1,0,0,10,2026,43,1785315790,2026-07-29T15:38:52.563594+00:00,2026-07-29T15:38:52.563594+00:00
mfl_proxy,17560,Anthony Hill Jr.,LB,TEN,61,32.06,16,58,17,39.0,10,1,0,0,10,2026,43,1785315790,2026-07-29T15:38:52.563594+00:00,2026-07-29T15:38:52.563594+00:00
mfl_proxy,17562,Mansoor Delane,CB,KCC,85,40.75,23,55,12,27.0,10,1,0,0,10,2026,43,1785315790,2026-07-29T15:38:52.563594+00:00,2026-07-29T15:38:52.563594+00:00
mfl_proxy,17563,Caleb Downs,S,DAL,30,21.0,8,42,19,44.0,10,1,0,0,10,2026,43,1785315790,2026-07-29T15:38:52.563594+00:00,2026-07-29T15:38:52.563594+00:00
mfl_proxy,17567,Oscar Delp,TE,NOS,77,37.79,14,163,33,76.0,10,1,0,0,10,2026,43,1785315790,2026-07-29T15:38:52.563594+00:00,2026-07-29T15:38:52.563594+00:00
mfl_proxy,17568,Akheem Mesidor,DE,LAC,112,47.79,25,68,14,32.0,10,1,0,0,10,2026,43,1785315790,2026-07-29T15:38:52.563594+00:00,2026-07-29T15:38:52.563594+00:00
mfl_proxy,17571,Jake Golday,LB,MIN,83,39.19,23,56,16,37.0,10,1,0,0,10,2026,43,1785315790,2026-07-29T15:38:52.563594+00:00,2026-07-29T15:38:52.563594+00:00
mfl_proxy,17573,Chris Johnson,CB,MIA,138,56.57,36,73,7,16.0,10,1,0,0,10,2026,43,1785315790,2026-07-29T15:38:52.563594+00:00,2026-07-29T15:38:52.563594+00:00
mfl_proxy,17575,Emmanuel McNeil-Warren,S,CLE,122,50.83,34,70,12,27.0,10,1,0,0,10,2026,43,1785315790,2026-07-29T15:38:52.563594+00:00,2026-07-29T15:38:52.563594+00:00
mfl_proxy,17576,Dillon Thieneman,S,CHI,50,28.0,10,61,18,41.0,10,1,0,0,10,2026,43,1785315790,2026-07-29T15:38:52.563594+00:00,2026-07-29T15:38:52.563594+00:00
mfl_proxy,17578,Kyle Louis,LB,MIA,136,56.11,41,75,9,20.0,10,1,0,0,10,2026,43,1785315790,2026-07-29T15:38:52.563594+00:00,2026-07-29T15:38:52.563594+00:00
mfl_proxy,17579,Caleb Banks,DT,MIN,108,46.92,31,61,12,27.0,10,1,0,0,10,2026,43,1785315790,2026-07-29T15:38:52.563594+00:00,2026-07-29T15:38:52.563594+00:00
mfl_proxy,17580,Malachi Lawrence,DE,DAL,105,46.38,27,55,13,30.0,10,1,0,0,10,2026,43,1785315790,2026-07-29T15:38:52.563594+00:00,2026-07-29T15:38:52.563594+00:00
mfl_proxy,17586,Jacob Rodriguez,LB,MIA,27,20.06,8,35,17,39.0,10,1,0,0,10,2026,43,1785315790,2026-07-29T15:38:52.563594+00:00,2026-07-29T15:38:52.563594+00:00
mfl_proxy,17587,Derrick Moore,DE,DET,137,56.14,46,64,7,16.0,10,1,0,0,10,2026,43,1785315790,2026-07-29T15:38:52.563594+00:00,2026-07-29T15:38:52.563594+00:00
mfl_proxy,17589,Josiah Trotter,LB,TBB,66,34.59,9,59,17,39.0,10,1,0,0,10,2026,43,1785315790,2026-07-29T15:38:52.563594+00:00,2026-07-29T15:38:52.563594+00:00
mfl_proxy,17591,Nate Boerkircher,TE,JAC,109,47.0,24,70,11,25.0,10,1,0,0,10,2026,43,1785315790,2026-07-29T15:38:52.563594+00:00,2026-07-29T15:38:52.563594+00:00
mfl_proxy,17593,Marlin Klein,TE,HOU,128,53.0,45,59,8,18.0,10,1,0,0,10,2026,43,1785315790,2026-07-29T15:38:52.563594+00:00,2026-07-29T15:38:52.563594+00:00
mfl_proxy,17599,Caleb Douglas,WR,MIA,121,50.71,32,191,31,72.0,10,1,0,0,10,2026,43,1785315790,2026-07-29T15:38:52.563594+00:00,2026-07-29T15:38:52.563594+00:00
mfl_proxy,17601,A.J. Haulcy,S,IND,88,41.13,28,57,15,34.0,10,1,0,0,10,2026,43,1785315790,2026-07-29T15:38:52.563594+00:00,2026-07-29T15:38:52.563594+00:00
mfl_proxy,17605,Will Kacmarek,TE,MIA,94,42.78,25,59,9,20.0,10,1,0,0,10,2026,43,1785315790,2026-07-29T15:38:52.563594+00:00,2026-07-29T15:38:52.563594+00:00
mfl_proxy,17606,Jaishawn Barham,LB,DAL,134,55.09,35,67,11,25.0,10,1,0,0,10,2026,43,1785315790,2026-07-29T15:38:52.563594+00:00,2026-07-29T15:38:52.563594+00:00
mfl_proxy,17607,Eli Raridon,TE,NEP,65,34.23,12,145,40,93.0,10,1,0,0,10,2026,43,1785315790,2026-07-29T15:38:52.563594+00:00,2026-07-29T15:38:52.563594+00:00
mfl_proxy,17617,Jimmy Rolder,LB,DET,148,62.6,55,68,5,11.0,10,1,0,0,10,2026,43,1785315790,2026-07-29T15:38:52.563594+00:00,2026-07-29T15:38:52.563594+00:00
mfl_proxy,17623,Kaleb Elarms-Orr,LB,BUF,101,46.0,23,60,13,30.0,10,1,0,0,10,2026,43,1785315790,2026-07-29T15:38:52.563594+00:00,2026-07-29T15:38:52.563594+00:00
mfl_proxy,17627,Matthew Hibner,TE,BAL,116,48.8,30,59,5,11.0,10,1,0,0,10,2026,43,1785315790,2026-07-29T15:38:52.563594+00:00,2026-07-29T15:38:52.563594+00:00
mfl_proxy,17629,Bryce Boettcher,LB,IND,79,38.29,13,67,17,39.0,10,1,0,0,10,2026,43,1785315790,2026-07-29T15:38:52.563594+00:00,2026-07-29T15:38:52.563594+00:00
mfl_proxy,17644,Tanner Koziol,TE,JAC,102,46.17,37,58,6,13.0,10,1,0,0,10,2026,43,1785315790,2026-07-29T15:38:52.563594+00:00,2026-07-29T15:38:52.563594+00:00
mfl_proxy,17652,Adam Randall,RB,BAL,96,42.91,20,179,33,76.0,10,1,0,0,10,2026,43,1785315790,2026-07-29T15:38:52.563594+00:00,2026-07-29T15:38:52.563594+00:00
mfl_proxy,17657,Taylen Green,QB,CLE,117,49.62,38,63,8,18.0,10,1,0,0,10,2026,43,1785315790,2026-07-29T15:38:52.563594+00:00,2026-07-29T15:38:52.563594+00:00
mfl_proxy,17668,Trey Smack,PK,GBP,167,78.14,21,255,7,16.0,10,1,0,0,10,2026,43,1785315790,2026-07-29T15:38:52.563594+00:00,2026-07-29T15:38:52.563594+00:00
mfl_proxy,17685,Eli Heidenreich,RB,PIT,99,44.79,27,65,19,44.0,10,1,0,0,10,2026,43,1785315790,2026-07-29T15:38:52.563594+00:00,2026-07-29T15:38:52.563594+00:00
mfl_proxy,7836,Aaron Rodgers,QB,PIT,210,115.4,50,178,5,11.0,10,1,0,0,10,2026,43,1785315790,2026-07-29T15:38:52.563594+00:00,2026-07-29T15:38:52.563594+00:00
mfl_proxy,9431,Matthew Stafford,QB,LAR,107,46.67,29,63,6,13.0,10,1,0,0,10,2026,43,1785315790,2026-07-29T15:38:52.563594+00:00,2026-07-29T15:38:52.563594+00:00
