overall_rank,player,position,projected_points,vbd,vbd_lo95,vbd_hi95,consensus_rank,delta_vs_consensus
1,Bijan Robinson,RB,303.16,168.68,132.59,217.92,2,1
2,Ja'Marr Chase,WR,276.48,153.04,135.65,172.67,1,-1
3,Jahmyr Gibbs,RB,268.08,133.59,105.01,172.59,4,1
4,Puka Nacua,WR,247.92,124.48,110.33,140.44,3,-1
5,Josh Allen,QB,359.01,113.71,57.0,155.25,25,20
6,Christian McCaffrey,RB,247.55,113.06,88.88,146.07,8,2
7,Jaxon Smith-Njigba,WR,231.21,107.77,95.52,121.59,5,-2
8,Jonathan Taylor,RB,232.99,98.5,77.43,127.26,10,2
9,Amon-Ra St. Brown,WR,219.35,95.91,85.01,108.21,6,-3
10,Ashton Jeanty,RB,221.69,87.21,68.55,112.66,14,4
11,CeeDee Lamb,WR,210.15,86.71,76.86,97.84,7,-4
12,Lamar Jackson,QB,324.78,79.48,39.84,108.51,32,20
13,Justin Jefferson,WR,202.64,79.2,70.2,89.36,9,-4
14,James Cook III,RB,212.47,77.98,61.29,100.74,17,3
15,Trey McBride,TE,180.31,73.02,52.82,93.16,15,0
16,Drake London,WR,196.29,72.85,64.57,82.19,11,-5
17,De'Von Achane,RB,204.66,70.17,55.16,90.66,18,1
18,A.J. Brown,WR,190.78,67.35,59.69,75.98,12,-6
19,Chase Brown,RB,197.9,63.41,49.85,81.93,19,0
20,Nico Collins,WR,185.93,62.49,55.39,70.51,13,-7
21,Drake Maye,QB,304.76,59.45,29.8,81.18,33,12
22,George Pickens,WR,181.59,58.15,51.54,65.61,16,-6
23,Omarion Hampton,RB,191.94,57.45,45.16,74.22,23,0
24,Chris Olave,WR,177.66,54.22,48.06,61.18,20,-4
25,Saquon Barkley,RB,186.61,52.12,40.97,67.33,26,1
26,Brock Bowers,TE,159.21,51.91,37.55,66.23,21,-5
27,Rashee Rice,WR,174.07,50.64,44.88,57.13,22,-5
28,DeVonta Smith,WR,170.78,47.34,41.96,53.41,24,-4
29,Kenneth Walker III,RB,181.78,47.29,37.18,61.1,30,1
30,Joe Burrow,QB,290.55,45.25,22.68,61.78,43,13
31,Garrett Wilson,WR,167.72,44.28,39.25,49.96,27,-4
32,Derrick Henry,RB,177.38,42.89,33.71,55.41,38,6
33,Tetairoa McMillan,WR,164.88,41.44,36.73,46.75,28,-5
34,Colston Loveland,TE,146.86,39.57,28.62,50.48,37,3
35,Breece Hall,RB,173.33,38.84,30.53,50.18,40,5
36,Zay Flowers,WR,162.22,38.78,34.37,43.75,29,-7
37,Tee Higgins,WR,159.72,36.28,32.16,40.93,31,-6
38,Kyren Williams,RB,169.58,35.09,27.58,45.33,41,3
39,Jayden Daniels,QB,279.53,34.23,17.16,46.73,54,15
40,Ladd McConkey,WR,157.37,33.93,30.07,38.28,34,-6
41,Jaylen Waddle,WR,155.14,31.7,28.09,35.76,35,-6
42,Josh Jacobs,RB,166.08,31.59,24.84,40.82,44,2
43,Tyler Warren,TE,138.1,30.81,22.28,39.3,52,9
44,Emeka Egbuka,WR,153.02,29.58,26.22,33.38,36,-8
45,Javonte Williams,RB,162.82,28.33,22.27,36.6,46,1
46,Malik Nabers,WR,151.01,27.57,24.44,31.11,39,-7
47,Terry McLaurin,WR,149.1,25.66,22.74,28.95,42,-5
48,Travis Etienne Jr.,RB,159.75,25.26,19.85,32.63,47,-1
49,Jalen Hurts,QB,270.53,25.23,12.64,34.44,55,6
50,Tucker Kraft,TE,131.3,24.01,17.37,30.63,67,17
51,Luther Burden III,WR,147.26,23.82,21.12,26.88,45,-6
52,Cam Skattebo,RB,156.85,22.37,17.58,28.89,53,1
53,Davante Adams,WR,145.51,22.07,19.56,24.9,48,-5
54,Mike Evans,WR,143.83,20.39,18.07,23.0,49,-5
55,Bucky Irving,RB,154.12,19.63,15.43,25.36,56,1
56,DJ Moore,WR,142.21,18.77,16.64,21.18,50,-6
57,Harold Fannin Jr.,TE,125.75,18.46,13.35,23.55,69,12
58,Caleb Williams,QB,262.92,17.61,8.83,24.05,64,6
59,Jameson Williams,WR,140.66,17.22,15.26,19.42,51,-8
60,Quinshon Judkins,RB,151.52,17.03,13.39,22.0,59,-1
61,Christian Watson,WR,139.16,15.72,13.93,17.73,57,-4
62,TreVeyon Henderson,RB,149.05,14.56,11.45,18.81,60,-2
63,Rome Odunze,WR,137.71,14.27,12.65,16.1,58,-5
64,Kyle Pitts Sr.,TE,121.06,13.76,9.96,17.56,76,12
65,Marvin Harrison Jr.,WR,136.31,12.87,11.41,14.52,63,-2
66,D'Andre Swift,RB,146.7,12.21,9.6,15.77,61,-5
67,DK Metcalf,WR,134.96,11.52,10.21,13.0,70,3
68,Justin Herbert,QB,256.32,11.02,5.52,15.05,65,-3
69,Alec Pierce,WR,133.65,10.21,9.05,11.52,71,2
70,David Montgomery,RB,144.45,9.96,7.83,12.86,62,-8
71,Sam LaPorta,TE,116.99,9.7,7.01,12.37,82,11
72,Courtland Sutton,WR,132.39,8.95,7.93,10.09,72,0
73,Bhayshul Tuten,RB,142.29,7.8,6.13,10.08,66,-7
74,Brian Thomas Jr.,WR,131.15,7.72,6.84,8.7,74,0
75,Chris Godwin Jr.,WR,129.96,6.52,5.78,7.36,77,2
76,Travis Kelce,TE,113.4,6.11,4.42,7.8,95,19
77,Jaylen Warren,RB,140.22,5.74,4.51,7.41,68,-9
78,Michael Pittman Jr.,WR,128.8,5.36,4.75,6.05,81,3
79,Trevor Lawrence,QB,250.51,5.2,2.61,7.1,73,-6
80,Wan'Dale Robinson,WR,127.67,4.23,3.75,4.77,84,4
81,Tony Pollard,RB,138.24,3.75,2.95,4.85,78,-3
82,Parker Washington,WR,126.57,3.13,2.78,3.53,86,4
83,George Kittle,TE,110.19,2.9,2.1,3.7,101,18
84,Michael Wilson,WR,125.5,2.06,1.83,2.33,87,3
85,Rhamondre Stevenson,RB,136.33,1.84,1.45,2.38,79,-6
86,Jakobi Meyers,WR,124.46,1.02,0.9,1.15,90,4
87,Josh Downs,WR,123.44,0.0,0.0,0.0,91,4
88,Chuba Hubbard,RB,134.49,0.0,0.0,0.0,80,-8
89,Jake Ferguson,TE,107.29,0.0,0.0,0.0,102,13
90,Dak Prescott,QB,245.3,0.0,0.0,0.0,75,-15
91,Ricky Pearsall,WR,122.45,-0.99,-1.12,-0.88,92,1
92,Rico Dowdle,RB,132.71,-1.78,-2.29,-1.4,83,-9
93,Quentin Johnston,WR,121.48,-1.96,-2.21,-1.74,98,5
94,Dalton Kincaid,TE,104.64,-2.65,-3.38,-1.92,110,16
95,Jordan Addison,WR,120.53,-2.91,-3.28,-2.58,103,8
96,RJ Harvey,RB,131.0,-3.49,-4.51,-2.75,85,-11
97,Jayden Reed,WR,119.6,-3.84,-4.33,-3.4,108,11
98,Jaxson Dart,QB,240.6,-4.71,-6.43,-2.36,88,-10
99,Khalil Shakir,WR,118.7,-4.74,-5.35,-4.2,111,12
100,Isaiah Likely,TE,102.2,-5.09,-6.49,-3.68,113,13
101,Kyle Monangai,RB,129.34,-5.15,-6.66,-4.05,93,-8
102,Xavier Worthy,WR,117.81,-5.63,-6.35,-4.99,115,13
103,Jayden Higgins,WR,116.94,-6.5,-7.33,-5.76,116,13
104,Kenny Gainwell,RB,127.73,-6.76,-8.73,-5.31,97,-7
105,Dallas Goedert,TE,99.95,-7.34,-9.37,-5.31,118,13
106,Romeo Doubs,WR,116.09,-7.35,-8.29,-6.51,122,16
107,Jalen Coker,WR,115.26,-8.18,-9.23,-7.25,124,17
108,J.K. Dobbins,RB,126.17,-8.32,-10.74,-6.54,100,-8
109,Matthew Golden,WR,114.45,-8.99,-10.15,-7.97,127,18
110,Brock Purdy,QB,236.3,-9.0,-12.29,-4.51,89,-21
111,Mark Andrews,TE,97.85,-9.45,-12.05,-6.83,123,12
112,Rashid Shaheed,WR,113.64,-9.79,-11.05,-8.68,139,27
113,Rachaad White,RB,124.66,-9.83,-12.7,-7.73,104,-9
114,Jauan Jennings,WR,112.86,-10.58,-11.94,-9.38,141,27
115,Aaron Jones Sr.,RB,123.19,-11.3,-14.59,-8.88,106,-9
116,Jerry Jeudy,WR,112.09,-11.35,-12.81,-10.06,143,27
117,Juwan Johnson,TE,95.88,-11.41,-14.56,-8.25,137,20
118,Stefon Diggs,WR,111.33,-12.11,-13.66,-10.73,146,28
119,Blake Corum,RB,121.77,-12.72,-16.44,-10.0,107,-12
120,Jalen McMillan,WR,110.59,-12.85,-14.5,-11.39,151,31
121,Patrick Mahomes II,QB,232.35,-12.96,-17.69,-6.49,94,-27
122,Brenton Strange,TE,94.03,-13.26,-16.91,-9.59,140,18
123,Adonai Mitchell,WR,109.86,-13.58,-15.32,-12.04,152,29
124,Jonathon Brooks,RB,120.38,-14.11,-18.23,-11.09,119,-5
125,Travis Hunter,WR,109.14,-14.3,-16.13,-12.67,153,28
126,Chig Okonkwo,TE,92.29,-15.0,-19.13,-10.85,144,18
127,Tre Tucker,WR,108.44,-15.0,-16.92,-13.29,156,29
128,Jacory Croskey-Merritt,RB,119.03,-15.46,-19.97,-12.15,120,-8
129,Tre' Harris,WR,107.75,-15.69,-17.7,-13.91,159,30
130,Deebo Samuel Sr.,WR,107.07,-16.37,nan,nan,161,31
131,Bo Nix,QB,228.69,-16.62,-22.69,-8.33,96,-35
132,Hunter Henry,TE,90.65,-16.64,-21.23,-12.04,148,16
133,Jordan Mason,RB,117.71,-16.77,-21.67,-13.18,121,-12
134,Ryan Flournoy,WR,106.4,-17.04,nan,nan,162,28
135,Troy Franklin,WR,105.74,-17.7,nan,nan,163,28
136,Tyrone Tracy Jr.,RB,116.43,-18.05,-23.33,-14.19,125,-11
137,Oronde Gadsden II,TE,89.09,-18.21,-23.23,-13.17,150,13
138,Kayshon Boutte,WR,105.09,-18.35,nan,nan,167,29
139,Jaylin Noel,WR,104.45,-18.99,nan,nan,168,29
140,Woody Marks,RB,115.18,-19.3,-24.94,-15.17,128,-12
141,Isaac TeSlaa,WR,103.82,-19.62,nan,nan,173,32
142,Dalton Schultz,TE,87.6,-19.69,nan,nan,158,16
143,Matthew Stafford,QB,225.28,-20.02,-27.34,-10.04,99,-44
144,Calvin Ridley,WR,103.2,-20.24,nan,nan,177,33
145,Tyler Allgeier,RB,113.96,-20.52,-26.52,-16.13,130,-15
146,Jalen Nailor,WR,102.59,-20.85,nan,nan,178,32
147,T.J. Hockenson,TE,86.18,-21.11,nan,nan,165,18
148,Darnell Mooney,WR,101.99,-21.45,nan,nan,179,31
149,Zach Charbonnet,RB,112.77,-21.72,-28.06,-17.07,132,-17
150,Brandon Aiyuk,WR,101.39,-22.05,nan,nan,182,32
151,AJ Barner,TE,84.83,-22.46,nan,nan,183,32
152,Pat Bryant,WR,100.81,-22.63,nan,nan,184,32
153,Tyjae Spears,RB,111.61,-22.88,-29.56,-17.98,133,-20
154,Dontayvion Wicks,WR,100.23,-23.21,nan,nan,187,33
155,Jared Goff,QB,222.09,-23.21,-31.69,-11.63,105,-50
156,Greg Dulcich,TE,83.53,-23.76,nan,nan,190,34
157,Malik Washington,WR,99.67,-23.77,nan,nan,188,31
158,Dylan Sampson,RB,110.47,-24.02,-31.03,-18.88,134,-24
159,Chimere Dike,WR,99.1,-24.34,nan,nan,193,34
160,Tank Dell,WR,98.55,-24.89,nan,nan,197,37
161,Gunnar Helm,TE,82.29,-25.0,nan,nan,191,30
162,Chris Rodriguez Jr.,RB,109.36,-25.13,nan,nan,135,-27
163,Tyreek Hill,WR,98.01,-25.43,nan,nan,198,35
164,Cooper Kupp,WR,97.47,-25.97,nan,nan,199,35
165,Pat Freiermuth,TE,81.1,-26.2,nan,nan,208,43
166,Kyler Murray,QB,219.1,-26.2,-35.78,-13.14,109,-57
167,Isiah Pacheco,RB,108.27,-26.22,nan,nan,136,-31
168,Rashod Bateman,WR,96.94,-26.5,nan,nan,202,34
169,Elic Ayomanor,WR,96.41,-27.03,nan,nan,205,36
170,Alvin Kamara,RB,107.2,-27.28,nan,nan,138,-32
171,Cade Otton,TE,79.95,-27.35,nan,nan,210,39
172,Jack Bech,WR,95.89,-27.55,nan,nan,211,39
173,Keon Coleman,WR,95.38,-28.06,nan,nan,214,41
174,Keaton Mitchell,RB,106.16,-28.33,nan,nan,149,-25
175,David Njoku,TE,78.84,-28.45,nan,nan,212,37
176,Christian Kirk,WR,94.87,-28.57,nan,nan,217,41
177,Jordan Love,QB,216.28,-29.03,-39.63,-14.55,112,-65
178,Marvin Mims Jr.,WR,94.37,-29.07,nan,nan,225,47
179,Braelon Allen,RB,105.14,-29.35,nan,nan,154,-25
180,Terrance Ferguson,TE,77.77,-29.52,nan,nan,215,35
181,Xavier Legette,WR,93.88,-29.56,nan,nan,229,48
182,Tory Horton,WR,93.39,-30.05,nan,nan,233,51
183,Brian Robinson Jr.,RB,104.14,-30.35,nan,nan,155,-28
184,Darius Slayton,WR,92.91,-30.53,nan,nan,235,51
185,Colby Parkinson,TE,76.74,-30.55,nan,nan,224,39
186,Andrei Iosivas,WR,92.43,-31.0,nan,nan,239,53
187,Tank Bigsby,RB,103.15,-31.34,nan,nan,157,-30
188,Kyle Williams,WR,91.96,-31.48,nan,nan,242,54
189,Evan Engram,TE,75.74,-31.55,nan,nan,226,37
190,Baker Mayfield,QB,213.61,-31.7,-43.28,-15.89,114,-76
191,Keenan Allen,WR,91.5,-31.94,nan,nan,246,55
192,James Conner,RB,102.19,-32.3,nan,nan,164,-28
193,Devaughn Vele,WR,91.04,-32.4,nan,nan,250,57
194,Mike Gesicki,TE,74.77,-32.52,nan,nan,238,44
195,Tyquan Thornton,WR,90.58,-32.86,nan,nan,251,56
196,Kimani Vidal,RB,101.24,-33.25,nan,nan,172,-24
197,Mack Hollins,WR,90.13,-33.31,nan,nan,252,55
198,Mason Taylor,TE,73.84,-33.46,nan,nan,243,45
199,Odell Beckham Jr.,WR,89.69,-33.75,nan,nan,261,62
200,Emanuel Wilson,RB,100.31,-34.18,nan,nan,174,-26
201,Hollywood Brown,WR,89.25,-34.19,nan,nan,262,61
202,Tyler Shough,QB,211.07,-34.23,-46.73,-17.16,117,-85
203,Theo Johnson,TE,72.93,-34.37,nan,nan,249,46
204,Jahan Dotson,WR,88.81,-34.63,nan,nan,264,60
205,Konata Mumpfield,WR,88.38,-35.06,nan,nan,271,66
206,Ray Davis,RB,99.4,-35.09,nan,nan,176,-30
207,Jake Tonges,TE,72.04,-35.25,nan,nan,263,56
208,Tim Patrick,WR,87.95,-35.49,nan,nan,272,64
209,Joshua Palmer,WR,87.53,-35.91,nan,nan,274,65
210,Sean Tucker,RB,98.5,-35.98,nan,nan,185,-25
211,Darnell Washington,TE,71.19,-36.11,nan,nan,273,62
212,Isaiah Bond,WR,87.11,-36.33,nan,nan,277,65
213,Malik Willis,QB,208.66,-36.64,nan,nan,126,-87
214,Jalen Tolbert,WR,86.7,-36.74,nan,nan,280,66
215,Jaylen Wright,RB,97.62,-36.86,nan,nan,200,-15
216,Michael Mayer,TE,70.35,-36.94,nan,nan,293,77
217,Brandin Cooks,WR,86.29,-37.15,nan,nan,281,64
218,Kendrick Bourne,WR,85.88,-37.56,nan,nan,283,65
219,Justice Hill,RB,96.76,-37.73,nan,nan,204,-15
220,Ja'Tavion Sanders,TE,69.54,-37.75,nan,nan,304,84
221,Olamide Zaccheaus,WR,85.48,-37.96,nan,nan,285,64
222,Cedric Tillman,WR,85.08,-38.36,nan,nan,286,64
223,Tyler Higbee,TE,68.75,-38.54,nan,nan,307,84
224,Ollie Gordon II,RB,95.91,-38.58,nan,nan,206,-18
225,Luke McCaffrey,WR,84.68,-38.75,nan,nan,288,63
226,C.J. Stroud,QB,206.37,-38.94,nan,nan,129,-97
227,Tez Johnson,WR,84.29,-39.15,nan,nan,289,62
228,Erick All Jr.,TE,67.98,-39.31,nan,nan,308,80
229,MarShawn Lloyd,RB,95.07,-39.42,nan,nan,209,-20
230,Calvin Austin III,WR,83.91,-39.53,nan,nan,290,60
231,KaVontae Turpin,WR,83.52,-39.92,nan,nan,297,66
232,Elijah Arroyo,TE,67.22,-40.07,nan,nan,313,81
233,Ty Johnson,RB,94.25,-40.24,nan,nan,218,-15
234,Jalen Royals,WR,83.14,-40.3,nan,nan,299,65
235,Devontez Walker,WR,82.77,-40.67,nan,nan,300,65
236,John Bates,TE,66.49,-40.8,nan,nan,320,84
237,Xavier Restrepo,WR,82.39,-41.05,nan,nan,303,66
238,Trey Benson,RB,93.44,-41.05,nan,nan,219,-19
239,Sam Darnold,QB,204.17,-41.13,nan,nan,131,-108
240,Treylon Burks,WR,82.03,-41.41,nan,nan,305,65
241,Noah Gray,TE,65.77,-41.52,nan,nan,321,80
242,Van Jefferson,WR,81.66,-41.78,nan,nan,306,64
243,Jaydon Blue,RB,92.64,-41.85,nan,nan,221,-22
244,DeMario Douglas,WR,81.3,-42.14,nan,nan,309,65
245,Cole Kmet,TE,65.07,-42.22,nan,nan,324,79
246,Isaiah Williams,WR,80.94,-42.5,nan,nan,311,65
247,Isaiah Davis,RB,91.86,-42.63,nan,nan,227,-20
248,DeAndre Hopkins,WR,80.58,-42.86,nan,nan,314,66
249,Dawson Knox,TE,64.39,-42.9,nan,nan,330,81
250,Marquez Valdes-Scantling,WR,80.23,-43.21,nan,nan,315,65
251,Cam Ward,QB,202.07,-43.23,nan,nan,142,-109
252,Devin Neal,RB,91.08,-43.4,nan,nan,228,-24
253,Tyler Lockett,WR,79.87,-43.57,nan,nan,316,63
254,Taysom Hill,TE,63.72,-43.57,nan,nan,339,85
255,Kalif Raymond,WR,79.53,-43.91,nan,nan,317,62
256,Chris Brooks,RB,90.32,-44.17,nan,nan,230,-26
257,Jonnu Smith,TE,63.07,-44.23,nan,nan,343,86
258,Jake Bobo,WR,79.18,-44.26,nan,nan,318,60
259,Dont'e Thornton Jr.,WR,78.84,-44.6,nan,nan,322,63
260,Drew Sample,TE,62.42,-44.87,nan,nan,355,95
261,DJ Giddens,RB,89.57,-44.92,nan,nan,231,-30
262,Nick Westbrook-Ikhine,WR,78.5,-44.94,nan,nan,323,61
263,Bryce Young,QB,200.05,-45.25,nan,nan,145,-118
264,Xavier Hutchinson,WR,78.16,-45.28,nan,nan,325,61
265,Noah Fant,TE,61.8,-45.49,nan,nan,356,91
266,Elijah Moore,WR,77.83,-45.61,nan,nan,326,60
267,LeQuint Allen Jr.,RB,88.83,-45.65,nan,nan,234,-33
268,Ashton Dulin,WR,77.5,-45.94,nan,nan,327,59
269,Tommy Tremble,TE,61.18,-46.11,nan,nan,357,88
270,Lil'Jordan Humphrey,WR,77.17,-46.27,nan,nan,328,58
271,Kaleb Johnson,RB,88.11,-46.38,nan,nan,237,-34
272,Tutu Atwell,WR,76.85,-46.59,nan,nan,329,57
273,Darren Waller,TE,60.58,-46.71,nan,nan,359,86
274,Diontae Johnson,WR,76.52,-46.92,nan,nan,331,57
275,George Holani,RB,87.39,-47.1,nan,nan,240,-35
276,Daniel Jones,QB,198.12,-47.19,nan,nan,147,-129
277,John Metchie III,WR,76.2,-47.24,nan,nan,337,60
278,Durham Smythe,TE,59.99,-47.3,nan,nan,361,83
279,Dyami Brown,WR,75.88,-47.56,nan,nan,338,59
280,Jordan James,RB,86.68,-47.81,nan,nan,241,-39
281,Greg Dortch,WR,75.57,-47.87,nan,nan,341,60
282,Josh Oliver,TE,59.41,-47.88,nan,nan,373,91
283,Jaylin Lane,WR,75.25,-48.19,nan,nan,342,59
284,Will Dissly,TE,58.84,-48.45,nan,nan,374,90
285,Mitch Tinsley,WR,74.94,-48.5,nan,nan,346,61
286,Samaje Perine,RB,85.98,-48.51,nan,nan,244,-42
287,Jahdae Walker,WR,74.63,-48.81,nan,nan,347,60
288,Austin Hooper,TE,58.28,-49.01,nan,nan,375,87
289,Jacoby Brissett,QB,196.25,-49.05,nan,nan,170,-119
290,Savion Williams,WR,74.33,-49.11,nan,nan,350,60
291,Malik Davis,RB,85.29,-49.2,nan,nan,253,-38
292,Xavier Smith,WR,74.02,-49.42,nan,nan,353,61
293,Zach Ertz,TE,57.73,-49.56,nan,nan,378,85
294,Michael Woods II,WR,73.72,-49.72,nan,nan,358,64
295,Brashard Smith,RB,84.61,-49.88,nan,nan,255,-40
296,Theo Wease Jr.,WR,73.42,-50.02,nan,nan,362,66
297,Daniel Bellinger,TE,57.19,-50.1,nan,nan,380,83
298,Scotty Miller,WR,73.12,-50.32,nan,nan,365,67
299,Kyle Juszczyk,RB,83.94,-50.55,nan,nan,257,-42
300,Jordan Whittington,WR,72.83,-50.61,nan,nan,368,68
301,Charlie Kolar,TE,56.66,-50.63,nan,nan,381,80
302,Aaron Rodgers,QB,194.46,-50.84,nan,nan,195,-107
303,Derius Davis,WR,72.54,-50.9,nan,nan,376,73
304,Luke Musgrave,TE,56.14,-51.15,nan,nan,382,78
305,Jermaine Burton,WR,72.24,-51.2,nan,nan,379,74
306,Najee Harris,RB,83.28,-51.21,nan,nan,258,-48
307,Tai Felton,WR,71.96,-51.48,nan,nan,385,78
308,Adam Trautman,TE,55.63,-51.66,nan,nan,387,79
309,Mecole Hardman Jr.,WR,71.67,-51.77,nan,nan,391,82
310,Jerome Ford,RB,82.63,-51.86,nan,nan,259,-51
311,Demarcus Robinson,WR,71.38,-52.06,nan,nan,395,84
312,Ben Sinnott,TE,55.13,-52.17,nan,nan,388,76
313,Anthony Gould,WR,71.1,-52.34,nan,nan,400,87
314,Kendre Miller,RB,81.98,-52.51,nan,nan,260,-54
315,Geno Smith,QB,192.73,-52.58,nan,nan,203,-112
316,Gabe Davis,WR,70.82,-52.62,nan,nan,401,85
317,Cade Stover,TE,54.63,-52.66,nan,nan,392,75
318,Skyy Moore,WR,70.54,-52.9,nan,nan,402,84
319,Jaleel McLaughlin,RB,81.35,-53.14,nan,nan,266,-53
320,Luke Schoonmaker,TE,54.14,-53.15,nan,nan,394,74
321,Elijah Higgins,TE,53.66,-53.63,nan,nan,397,76
322,Emari Demercado,RB,80.72,-53.77,nan,nan,267,-55
323,Mo Alie-Cox,TE,53.19,-54.1,nan,nan,398,75
324,Tua Tagovailoa,QB,191.05,-54.25,nan,nan,245,-79
325,Joe Mixon,RB,80.1,-54.39,nan,nan,275,-50
326,Mitchell Evans,TE,52.73,-54.56,nan,nan,403,77
327,Devin Singletary,RB,79.48,-55.01,nan,nan,276,-51
328,Tyler Conklin,TE,52.27,-55.02,nan,nan,404,76
329,Jared Wiley,TE,51.82,-55.47,nan,nan,405,76
330,Isaac Guerendo,RB,78.88,-55.61,nan,nan,279,-51
331,Michael Penix Jr.,QB,189.43,-55.87,nan,nan,256,-75
332,Thomas Fidone II,TE,51.37,-55.92,nan,nan,408,76
333,Tahj Brooks,RB,78.28,-56.21,nan,nan,282,-51
334,Jeremy McNichols,RB,77.69,-56.8,nan,nan,287,-47
335,Bam Knight,RB,77.1,-57.39,nan,nan,294,-41
336,Deshaun Watson,QB,187.86,-57.44,nan,nan,268,-68
337,Rasheen Ali,RB,76.52,-57.97,nan,nan,295,-42
338,Trevor Etienne,RB,75.95,-58.54,nan,nan,296,-42
339,Shedeur Sanders,QB,186.34,-58.96,nan,nan,270,-69
340,Audric Estime,RB,75.38,-59.1,nan,nan,298,-42
341,Jarquez Hunter,RB,74.82,-59.66,nan,nan,301,-40
342,Sione Vaki,RB,74.27,-60.22,nan,nan,302,-40
343,Kirk Cousins,QB,184.87,-60.43,nan,nan,284,-59
344,Will Shipley,RB,73.72,-60.76,nan,nan,312,-32
345,Kareem Hunt,RB,73.18,-61.31,nan,nan,319,-26
346,Hunter Luepke,RB,72.65,-61.84,nan,nan,332,-14
347,J.J. McCarthy,QB,183.44,-61.86,nan,nan,310,-37
348,Nick Chubb,RB,72.12,-62.37,nan,nan,333,-15
349,Raheim Sanders,RB,71.59,-62.9,nan,nan,334,-15
350,Mac Jones,QB,182.05,-63.26,nan,nan,340,-10
351,Jawhar Jordan,RB,71.07,-63.41,nan,nan,335,-16
352,Phil Mafah,RB,70.56,-63.93,nan,nan,336,-16
353,Michael Carter,RB,70.05,-64.44,nan,nan,344,-9
354,Joe Milton III,QB,180.69,-64.61,nan,nan,345,-9
355,Zavier Scott,RB,69.55,-64.94,nan,nan,349,-6
356,Dylan Laube,RB,69.05,-65.44,nan,nan,352,-4
357,Anthony Richardson Sr.,QB,179.38,-65.93,nan,nan,348,-9
358,Dameon Pierce,RB,68.55,-65.93,nan,nan,354,-4
359,Antonio Gibson,RB,68.07,-66.42,nan,nan,360,1
360,Terrell Jennings,RB,67.58,-66.91,nan,nan,363,3
361,Justin Fields,QB,178.09,-67.21,nan,nan,351,-10
362,Jacob Saylors,RB,67.1,-67.39,nan,nan,364,2
363,Austin Ekeler,RB,66.63,-67.86,nan,nan,366,3
364,Ronnie Rivers,RB,66.15,-68.33,nan,nan,367,3
365,Riley Leonard,QB,176.84,-68.46,nan,nan,369,4
366,Elijah Mitchell,RB,65.69,-68.8,nan,nan,370,4
367,Roschon Johnson,RB,65.23,-69.26,nan,nan,377,10
368,Marcus Mariota,QB,175.63,-69.68,nan,nan,371,3
369,Damien Martinez,RB,64.77,-69.72,nan,nan,384,15
370,Frank Gore Jr.,RB,64.31,-70.17,nan,nan,389,19
371,Jaret Patterson,RB,63.86,-70.62,nan,nan,390,19
372,Gardner Minshew II,QB,174.44,-70.87,nan,nan,372,0
373,Donovan Edwards,RB,63.42,-71.07,nan,nan,396,23
374,Tyler Badie,RB,62.98,-71.51,nan,nan,399,25
375,Miles Sanders,RB,62.54,-71.95,nan,nan,406,31
376,Jameis Winston,QB,173.27,-72.03,nan,nan,383,7
377,Joe Flacco,QB,172.14,-73.16,nan,nan,386,9
378,Quinn Ewers,QB,171.03,-74.27,nan,nan,393,15
